feature_name,stage,transform,window,statistic,exact_code_source,reproduction_status
step1val_mean,FirstFeatureGenerator,raw value,all rows per id,mean,submission.ipynb cell 3,source-mapped; execution pending dependencies
step1val_median,FirstFeatureGenerator,raw value,all rows per id,median,submission.ipynb cell 3,source-mapped; execution pending dependencies
step1val_max,FirstFeatureGenerator,raw value,all rows per id,max,submission.ipynb cell 3,source-mapped; execution pending dependencies
step1val_min,FirstFeatureGenerator,raw value,all rows per id,min,submission.ipynb cell 3,source-mapped; execution pending dependencies
step1val_std,FirstFeatureGenerator,raw value,all rows per id,std,submission.ipynb cell 3,source-mapped; execution pending dependencies
step1val_skew,FirstFeatureGenerator,raw value,all rows per id,skew,submission.ipynb cell 3,source-mapped; execution pending dependencies
step1mean_norm,FirstFeatureGenerator,raw value,all rows per id,mean_norm,submission.ipynb cell 3,source-mapped; execution pending dependencies
step1median_norm,FirstFeatureGenerator,raw value,all rows per id,median_norm,submission.ipynb cell 3,source-mapped; execution pending dependencies
step3val_mean_1,SecondFeatureGenerator,raw value,all rows per id,mean,submission.ipynb cell 4,source-mapped; execution pending dependencies
step3val_median_1,SecondFeatureGenerator,raw value,all rows per id,median,submission.ipynb cell 4,source-mapped; execution pending dependencies
step3val_max_1,SecondFeatureGenerator,raw value,all rows per id,max,submission.ipynb cell 4,source-mapped; execution pending dependencies
step3val_min_1,SecondFeatureGenerator,raw value,all rows per id,min,submission.ipynb cell 4,source-mapped; execution pending dependencies
step3val_std_1,SecondFeatureGenerator,raw value,all rows per id,std,submission.ipynb cell 4,source-mapped; execution pending dependencies
step3val_skew_1,SecondFeatureGenerator,raw value,all rows per id,skew,submission.ipynb cell 4,source-mapped; execution pending dependencies
step3mean_norm_1,SecondFeatureGenerator,raw value,all rows per id,mean_norm,submission.ipynb cell 4,source-mapped; execution pending dependencies
step3median_norm_1,SecondFeatureGenerator,raw value,all rows per id,median_norm,submission.ipynb cell 4,source-mapped; execution pending dependencies
step3val_mean_2,SecondFeatureGenerator,zscore over id using Polars std,all rows per id,mean,submission.ipynb cell 4,source-mapped; execution pending dependencies
step3val_median_2,SecondFeatureGenerator,zscore over id using Polars std,all rows per id,median,submission.ipynb cell 4,source-mapped; execution pending dependencies
step3val_max_2,SecondFeatureGenerator,zscore over id using Polars std,all rows per id,max,submission.ipynb cell 4,source-mapped; execution pending dependencies
step3val_min_2,SecondFeatureGenerator,zscore over id using Polars std,all rows per id,min,submission.ipynb cell 4,source-mapped; execution pending dependencies
step3val_std_2,SecondFeatureGenerator,zscore over id using Polars std,all rows per id,std,submission.ipynb cell 4,source-mapped; execution pending dependencies
step3val_skew_2,SecondFeatureGenerator,zscore over id using Polars std,all rows per id,skew,submission.ipynb cell 4,source-mapped; execution pending dependencies
step3mean_norm_2,SecondFeatureGenerator,zscore over id using Polars std,all rows per id,mean_norm,submission.ipynb cell 4,source-mapped; execution pending dependencies
step3median_norm_2,SecondFeatureGenerator,zscore over id using Polars std,all rows per id,median_norm,submission.ipynb cell 4,source-mapped; execution pending dependencies
step3val_mean_3,SecondFeatureGenerator,cumulative sum over id,all rows per id,mean,submission.ipynb cell 4,source-mapped; execution pending dependencies
step3val_median_3,SecondFeatureGenerator,cumulative sum over id,all rows per id,median,submission.ipynb cell 4,source-mapped; execution pending dependencies
step3val_max_3,SecondFeatureGenerator,cumulative sum over id,all rows per id,max,submission.ipynb cell 4,source-mapped; execution pending dependencies
step3val_min_3,SecondFeatureGenerator,cumulative sum over id,all rows per id,min,submission.ipynb cell 4,source-mapped; execution pending dependencies
step3val_std_3,SecondFeatureGenerator,cumulative sum over id,all rows per id,std,submission.ipynb cell 4,source-mapped; execution pending dependencies
step3val_skew_3,SecondFeatureGenerator,cumulative sum over id,all rows per id,skew,submission.ipynb cell 4,source-mapped; execution pending dependencies
step3mean_norm_3,SecondFeatureGenerator,cumulative sum over id,all rows per id,mean_norm,submission.ipynb cell 4,source-mapped; execution pending dependencies
step3median_norm_3,SecondFeatureGenerator,cumulative sum over id,all rows per id,median_norm,submission.ipynb cell 4,source-mapped; execution pending dependencies
step3val_mean_4,SecondFeatureGenerator,dense rank over id divided by count,all rows per id,mean,submission.ipynb cell 4,source-mapped; execution pending dependencies
step3val_median_4,SecondFeatureGenerator,dense rank over id divided by count,all rows per id,median,submission.ipynb cell 4,source-mapped; execution pending dependencies
step3val_max_4,SecondFeatureGenerator,dense rank over id divided by count,all rows per id,max,submission.ipynb cell 4,source-mapped; execution pending dependencies
step3val_min_4,SecondFeatureGenerator,dense rank over id divided by count,all rows per id,min,submission.ipynb cell 4,source-mapped; execution pending dependencies
step3val_std_4,SecondFeatureGenerator,dense rank over id divided by count,all rows per id,std,submission.ipynb cell 4,source-mapped; execution pending dependencies
step3val_skew_4,SecondFeatureGenerator,dense rank over id divided by count,all rows per id,skew,submission.ipynb cell 4,source-mapped; execution pending dependencies
step3mean_norm_4,SecondFeatureGenerator,dense rank over id divided by count,all rows per id,mean_norm,submission.ipynb cell 4,source-mapped; execution pending dependencies
step3median_norm_4,SecondFeatureGenerator,dense rank over id divided by count,all rows per id,median_norm,submission.ipynb cell 4,source-mapped; execution pending dependencies
step3val_mean_5,SecondFeatureGenerator,absolute value,all rows per id,mean,submission.ipynb cell 4,source-mapped; execution pending dependencies
step3val_median_5,SecondFeatureGenerator,absolute value,all rows per id,median,submission.ipynb cell 4,source-mapped; execution pending dependencies
step3val_max_5,SecondFeatureGenerator,absolute value,all rows per id,max,submission.ipynb cell 4,source-mapped; execution pending dependencies
step3val_min_5,SecondFeatureGenerator,absolute value,all rows per id,min,submission.ipynb cell 4,source-mapped; execution pending dependencies
step3val_std_5,SecondFeatureGenerator,absolute value,all rows per id,std,submission.ipynb cell 4,source-mapped; execution pending dependencies
step3val_skew_5,SecondFeatureGenerator,absolute value,all rows per id,skew,submission.ipynb cell 4,source-mapped; execution pending dependencies
step3mean_norm_5,SecondFeatureGenerator,absolute value,all rows per id,mean_norm,submission.ipynb cell 4,source-mapped; execution pending dependencies
step3median_norm_5,SecondFeatureGenerator,absolute value,all rows per id,median_norm,submission.ipynb cell 4,source-mapped; execution pending dependencies
step3val_mean_6,SecondFeatureGenerator,rolling mean window 16 over id,all rows per id,mean,submission.ipynb cell 4,source-mapped; execution pending dependencies
step3val_median_6,SecondFeatureGenerator,rolling mean window 16 over id,all rows per id,median,submission.ipynb cell 4,source-mapped; execution pending dependencies
step3val_max_6,SecondFeatureGenerator,rolling mean window 16 over id,all rows per id,max,submission.ipynb cell 4,source-mapped; execution pending dependencies
step3val_min_6,SecondFeatureGenerator,rolling mean window 16 over id,all rows per id,min,submission.ipynb cell 4,source-mapped; execution pending dependencies
step3val_std_6,SecondFeatureGenerator,rolling mean window 16 over id,all rows per id,std,submission.ipynb cell 4,source-mapped; execution pending dependencies
step3val_skew_6,SecondFeatureGenerator,rolling mean window 16 over id,all rows per id,skew,submission.ipynb cell 4,source-mapped; execution pending dependencies
step3mean_norm_6,SecondFeatureGenerator,rolling mean window 16 over id,all rows per id,mean_norm,submission.ipynb cell 4,source-mapped; execution pending dependencies
step3median_norm_6,SecondFeatureGenerator,rolling mean window 16 over id,all rows per id,median_norm,submission.ipynb cell 4,source-mapped; execution pending dependencies
step3val_mean_7,SecondFeatureGenerator,rolling std window 16 over id,all rows per id,mean,submission.ipynb cell 4,source-mapped; execution pending dependencies
step3val_median_7,SecondFeatureGenerator,rolling std window 16 over id,all rows per id,median,submission.ipynb cell 4,source-mapped; execution pending dependencies
step3val_max_7,SecondFeatureGenerator,rolling std window 16 over id,all rows per id,max,submission.ipynb cell 4,source-mapped; execution pending dependencies
step3val_min_7,SecondFeatureGenerator,rolling std window 16 over id,all rows per id,min,submission.ipynb cell 4,source-mapped; execution pending dependencies
step3val_std_7,SecondFeatureGenerator,rolling std window 16 over id,all rows per id,std,submission.ipynb cell 4,source-mapped; execution pending dependencies
step3val_skew_7,SecondFeatureGenerator,rolling std window 16 over id,all rows per id,skew,submission.ipynb cell 4,source-mapped; execution pending dependencies
step3mean_norm_7,SecondFeatureGenerator,rolling std window 16 over id,all rows per id,mean_norm,submission.ipynb cell 4,source-mapped; execution pending dependencies
step3median_norm_7,SecondFeatureGenerator,rolling std window 16 over id,all rows per id,median_norm,submission.ipynb cell 4,source-mapped; execution pending dependencies
step2val_corr_1_20_0,ThirdFeatureGenerator:pivot,raw value,pre tail window i,corr,submission.ipynb cell 5,source-mapped; execution pending dependencies
step2val_q25_1_20_0,ThirdFeatureGenerator:pivot,raw value,pre tail window i,q25,submission.ipynb cell 5,source-mapped; execution pending dependencies
step2val_q50_1_20_0,ThirdFeatureGenerator:pivot,raw value,pre tail window i,q50,submission.ipynb cell 5,source-mapped; execution pending dependencies
step2val_q75_1_20_0,ThirdFeatureGenerator:pivot,raw value,pre tail window i,q75,submission.ipynb cell 5,source-mapped; execution pending dependencies
step2val_mean_1_20_0,ThirdFeatureGenerator:pivot,raw value,pre tail window i,mean,submission.ipynb cell 5,source-mapped; execution pending dependencies
step2val_std_1_20_0,ThirdFeatureGenerator:pivot,raw value,pre tail window i,std,submission.ipynb cell 5,source-mapped; execution pending dependencies
step2val_min_1_20_0,ThirdFeatureGenerator:pivot,raw value,pre tail window i,min,submission.ipynb cell 5,source-mapped; execution pending dependencies
step2val_max_1_20_0,ThirdFeatureGenerator:pivot,raw value,pre tail window i,max,submission.ipynb cell 5,source-mapped; execution pending dependencies
step2val_skew_1_20_0,ThirdFeatureGenerator:pivot,raw value,pre tail window i,skew,submission.ipynb cell 5,source-mapped; execution pending dependencies
step2val_corr_1_20_1,ThirdFeatureGenerator:pivot,raw value,post head window i,corr,submission.ipynb cell 5,source-mapped; execution pending dependencies
step2val_q25_1_20_1,ThirdFeatureGenerator:pivot,raw value,post head window i,q25,submission.ipynb cell 5,source-mapped; execution pending dependencies
step2val_q50_1_20_1,ThirdFeatureGenerator:pivot,raw value,post head window i,q50,submission.ipynb cell 5,source-mapped; execution pending dependencies
step2val_q75_1_20_1,ThirdFeatureGenerator:pivot,raw value,post head window i,q75,submission.ipynb cell 5,source-mapped; execution pending dependencies
step2val_mean_1_20_1,ThirdFeatureGenerator:pivot,raw value,post head window i,mean,submission.ipynb cell 5,source-mapped; execution pending dependencies
step2val_std_1_20_1,ThirdFeatureGenerator:pivot,raw value,post head window i,std,submission.ipynb cell 5,source-mapped; execution pending dependencies
step2val_min_1_20_1,ThirdFeatureGenerator:pivot,raw value,post head window i,min,submission.ipynb cell 5,source-mapped; execution pending dependencies
step2val_max_1_20_1,ThirdFeatureGenerator:pivot,raw value,post head window i,max,submission.ipynb cell 5,source-mapped; execution pending dependencies
step2val_skew_1_20_1,ThirdFeatureGenerator:pivot,raw value,post head window i,skew,submission.ipynb cell 5,source-mapped; execution pending dependencies
step2val_corr_1_20_2,ThirdFeatureGenerator:pivot,raw value,pre tail 2*i,corr,submission.ipynb cell 5,source-mapped; execution pending dependencies
step2val_q25_1_20_2,ThirdFeatureGenerator:pivot,raw value,pre tail 2*i,q25,submission.ipynb cell 5,source-mapped; execution pending dependencies
step2val_q50_1_20_2,ThirdFeatureGenerator:pivot,raw value,pre tail 2*i,q50,submission.ipynb cell 5,source-mapped; execution pending dependencies
step2val_q75_1_20_2,ThirdFeatureGenerator:pivot,raw value,pre tail 2*i,q75,submission.ipynb cell 5,source-mapped; execution pending dependencies
step2val_mean_1_20_2,ThirdFeatureGenerator:pivot,raw value,pre tail 2*i,mean,submission.ipynb cell 5,source-mapped; execution pending dependencies
step2val_std_1_20_2,ThirdFeatureGenerator:pivot,raw value,pre tail 2*i,std,submission.ipynb cell 5,source-mapped; execution pending dependencies
step2val_min_1_20_2,ThirdFeatureGenerator:pivot,raw value,pre tail 2*i,min,submission.ipynb cell 5,source-mapped; execution pending dependencies
step2val_max_1_20_2,ThirdFeatureGenerator:pivot,raw value,pre tail 2*i,max,submission.ipynb cell 5,source-mapped; execution pending dependencies
step2val_skew_1_20_2,ThirdFeatureGenerator:pivot,raw value,pre tail 2*i,skew,submission.ipynb cell 5,source-mapped; execution pending dependencies
step2val_corr_1_20_3,ThirdFeatureGenerator:pivot,raw value,pre tail 3*i,corr,submission.ipynb cell 5,source-mapped; execution pending dependencies
step2val_q25_1_20_3,ThirdFeatureGenerator:pivot,raw value,pre tail 3*i,q25,submission.ipynb cell 5,source-mapped; execution pending dependencies
step2val_q50_1_20_3,ThirdFeatureGenerator:pivot,raw value,pre tail 3*i,q50,submission.ipynb cell 5,source-mapped; execution pending dependencies
step2val_q75_1_20_3,ThirdFeatureGenerator:pivot,raw value,pre tail 3*i,q75,submission.ipynb cell 5,source-mapped; execution pending dependencies
step2val_mean_1_20_3,ThirdFeatureGenerator:pivot,raw value,pre tail 3*i,mean,submission.ipynb cell 5,source-mapped; execution pending dependencies
step2val_std_1_20_3,ThirdFeatureGenerator:pivot,raw value,pre tail 3*i,std,submission.ipynb cell 5,source-mapped; execution pending dependencies
step2val_min_1_20_3,ThirdFeatureGenerator:pivot,raw value,pre tail 3*i,min,submission.ipynb cell 5,source-mapped; execution pending dependencies
step2val_max_1_20_3,ThirdFeatureGenerator:pivot,raw value,pre tail 3*i,max,submission.ipynb cell 5,source-mapped; execution pending dependencies
step2val_skew_1_20_3,ThirdFeatureGenerator:pivot,raw value,pre tail 3*i,skew,submission.ipynb cell 5,source-mapped; execution pending dependencies
step2val_mean_1_20_0_diff,ThirdFeatureGenerator:diff,raw value,pre tail window i minus post head window i,mean_difference_vs_period_1,submission.ipynb cell 5,source-mapped; execution pending dependencies
step2val_std_1_20_0_diff,ThirdFeatureGenerator:diff,raw value,pre tail window i minus post head window i,std_difference_vs_period_1,submission.ipynb cell 5,source-mapped; execution pending dependencies
step2val_min_1_20_0_diff,ThirdFeatureGenerator:diff,raw value,pre tail window i minus post head window i,min_difference_vs_period_1,submission.ipynb cell 5,source-mapped; execution pending dependencies
step2val_max_1_20_0_diff,ThirdFeatureGenerator:diff,raw value,pre tail window i minus post head window i,max_difference_vs_period_1,submission.ipynb cell 5,source-mapped; execution pending dependencies
step2val_q25_1_20_0_diff,ThirdFeatureGenerator:diff,raw value,pre tail window i minus post head window i,q25_difference_vs_period_1,submission.ipynb cell 5,source-mapped; execution pending dependencies
step2val_q50_1_20_0_diff,ThirdFeatureGenerator:diff,raw value,pre tail window i minus post head window i,q50_difference_vs_period_1,submission.ipynb cell 5,source-mapped; execution pending dependencies
step2val_q75_1_20_0_diff,ThirdFeatureGenerator:diff,raw value,pre tail window i minus post head window i,q75_difference_vs_period_1,submission.ipynb cell 5,source-mapped; execution pending dependencies
step2val_corr_1_20_0_diff,ThirdFeatureGenerator:diff,raw value,pre tail window i minus post head window i,corr_difference_vs_period_1,submission.ipynb cell 5,source-mapped; execution pending dependencies
step2val_mean_1_20_2_diff,ThirdFeatureGenerator:diff,raw value,pre tail 2*i minus post head window i,mean_difference_vs_period_1,submission.ipynb cell 5,source-mapped; execution pending dependencies
step2val_std_1_20_2_diff,ThirdFeatureGenerator:diff,raw value,pre tail 2*i minus post head window i,std_difference_vs_period_1,submission.ipynb cell 5,source-mapped; execution pending dependencies
step2val_min_1_20_2_diff,ThirdFeatureGenerator:diff,raw value,pre tail 2*i minus post head window i,min_difference_vs_period_1,submission.ipynb cell 5,source-mapped; execution pending dependencies
step2val_max_1_20_2_diff,ThirdFeatureGenerator:diff,raw value,pre tail 2*i minus post head window i,max_difference_vs_period_1,submission.ipynb cell 5,source-mapped; execution pending dependencies
step2val_q25_1_20_2_diff,ThirdFeatureGenerator:diff,raw value,pre tail 2*i minus post head window i,q25_difference_vs_period_1,submission.ipynb cell 5,source-mapped; execution pending dependencies
step2val_q50_1_20_2_diff,ThirdFeatureGenerator:diff,raw value,pre tail 2*i minus post head window i,q50_difference_vs_period_1,submission.ipynb cell 5,source-mapped; execution pending dependencies
step2val_q75_1_20_2_diff,ThirdFeatureGenerator:diff,raw value,pre tail 2*i minus post head window i,q75_difference_vs_period_1,submission.ipynb cell 5,source-mapped; execution pending dependencies
step2val_corr_1_20_2_diff,ThirdFeatureGenerator:diff,raw value,pre tail 2*i minus post head window i,corr_difference_vs_period_1,submission.ipynb cell 5,source-mapped; execution pending dependencies
step2val_mean_1_20_3_diff,ThirdFeatureGenerator:diff,raw value,pre tail 3*i minus post head window i,mean_difference_vs_period_1,submission.ipynb cell 5,source-mapped; execution pending dependencies
step2val_std_1_20_3_diff,ThirdFeatureGenerator:diff,raw value,pre tail 3*i minus post head window i,std_difference_vs_period_1,submission.ipynb cell 5,source-mapped; execution pending dependencies
step2val_min_1_20_3_diff,ThirdFeatureGenerator:diff,raw value,pre tail 3*i minus post head window i,min_difference_vs_period_1,submission.ipynb cell 5,source-mapped; execution pending dependencies
step2val_max_1_20_3_diff,ThirdFeatureGenerator:diff,raw value,pre tail 3*i minus post head window i,max_difference_vs_period_1,submission.ipynb cell 5,source-mapped; execution pending dependencies
step2val_q25_1_20_3_diff,ThirdFeatureGenerator:diff,raw value,pre tail 3*i minus post head window i,q25_difference_vs_period_1,submission.ipynb cell 5,source-mapped; execution pending dependencies
step2val_q50_1_20_3_diff,ThirdFeatureGenerator:diff,raw value,pre tail 3*i minus post head window i,q50_difference_vs_period_1,submission.ipynb cell 5,source-mapped; execution pending dependencies
step2val_q75_1_20_3_diff,ThirdFeatureGenerator:diff,raw value,pre tail 3*i minus post head window i,q75_difference_vs_period_1,submission.ipynb cell 5,source-mapped; execution pending dependencies
step2val_corr_1_20_3_diff,ThirdFeatureGenerator:diff,raw value,pre tail 3*i minus post head window i,corr_difference_vs_period_1,submission.ipynb cell 5,source-mapped; execution pending dependencies
step2val_corr_2_20_0,ThirdFeatureGenerator:pivot,zscore over id using Polars std,pre tail window i,corr,submission.ipynb cell 5,source-mapped; execution pending dependencies
step2val_q25_2_20_0,ThirdFeatureGenerator:pivot,zscore over id using Polars std,pre tail window i,q25,submission.ipynb cell 5,source-mapped; execution pending dependencies
step2val_q50_2_20_0,ThirdFeatureGenerator:pivot,zscore over id using Polars std,pre tail window i,q50,submission.ipynb cell 5,source-mapped; execution pending dependencies
step2val_q75_2_20_0,ThirdFeatureGenerator:pivot,zscore over id using Polars std,pre tail window i,q75,submission.ipynb cell 5,source-mapped; execution pending dependencies
step2val_mean_2_20_0,ThirdFeatureGenerator:pivot,zscore over id using Polars std,pre tail window i,mean,submission.ipynb cell 5,source-mapped; execution pending dependencies
step2val_std_2_20_0,ThirdFeatureGenerator:pivot,zscore over id using Polars std,pre tail window i,std,submission.ipynb cell 5,source-mapped; execution pending dependencies
step2val_min_2_20_0,ThirdFeatureGenerator:pivot,zscore over id using Polars std,pre tail window i,min,submission.ipynb cell 5,source-mapped; execution pending dependencies
step2val_max_2_20_0,ThirdFeatureGenerator:pivot,zscore over id using Polars std,pre tail window i,max,submission.ipynb cell 5,source-mapped; execution pending dependencies
step2val_skew_2_20_0,ThirdFeatureGenerator:pivot,zscore over id using Polars std,pre tail window i,skew,submission.ipynb cell 5,source-mapped; execution pending dependencies
step2val_corr_2_20_1,ThirdFeatureGenerator:pivot,zscore over id using Polars std,post head window i,corr,submission.ipynb cell 5,source-mapped; execution pending dependencies
step2val_q25_2_20_1,ThirdFeatureGenerator:pivot,zscore over id using Polars std,post head window i,q25,submission.ipynb cell 5,source-mapped; execution pending dependencies
step2val_q50_2_20_1,ThirdFeatureGenerator:pivot,zscore over id using Polars std,post head window i,q50,submission.ipynb cell 5,source-mapped; execution pending dependencies
step2val_q75_2_20_1,ThirdFeatureGenerator:pivot,zscore over id using Polars std,post head window i,q75,submission.ipynb cell 5,source-mapped; execution pending dependencies
step2val_mean_2_20_1,ThirdFeatureGenerator:pivot,zscore over id using Polars std,post head window i,mean,submission.ipynb cell 5,source-mapped; execution pending dependencies
step2val_std_2_20_1,ThirdFeatureGenerator:pivot,zscore over id using Polars std,post head window i,std,submission.ipynb cell 5,source-mapped; execution pending dependencies
step2val_min_2_20_1,ThirdFeatureGenerator:pivot,zscore over id using Polars std,post head window i,min,submission.ipynb cell 5,source-mapped; execution pending dependencies
step2val_max_2_20_1,ThirdFeatureGenerator:pivot,zscore over id using Polars std,post head window i,max,submission.ipynb cell 5,source-mapped; execution pending dependencies
step2val_skew_2_20_1,ThirdFeatureGenerator:pivot,zscore over id using Polars std,post head window i,skew,submission.ipynb cell 5,source-mapped; execution pending dependencies
step2val_corr_2_20_2,ThirdFeatureGenerator:pivot,zscore over id using Polars std,pre tail 2*i,corr,submission.ipynb cell 5,source-mapped; execution pending dependencies
step2val_q25_2_20_2,ThirdFeatureGenerator:pivot,zscore over id using Polars std,pre tail 2*i,q25,submission.ipynb cell 5,source-mapped; execution pending dependencies
step2val_q50_2_20_2,ThirdFeatureGenerator:pivot,zscore over id using Polars std,pre tail 2*i,q50,submission.ipynb cell 5,source-mapped; execution pending dependencies
step2val_q75_2_20_2,ThirdFeatureGenerator:pivot,zscore over id using Polars std,pre tail 2*i,q75,submission.ipynb cell 5,source-mapped; execution pending dependencies
step2val_mean_2_20_2,ThirdFeatureGenerator:pivot,zscore over id using Polars std,pre tail 2*i,mean,submission.ipynb cell 5,source-mapped; execution pending dependencies
step2val_std_2_20_2,ThirdFeatureGenerator:pivot,zscore over id using Polars std,pre tail 2*i,std,submission.ipynb cell 5,source-mapped; execution pending dependencies
step2val_min_2_20_2,ThirdFeatureGenerator:pivot,zscore over id using Polars std,pre tail 2*i,min,submission.ipynb cell 5,source-mapped; execution pending dependencies
step2val_max_2_20_2,ThirdFeatureGenerator:pivot,zscore over id using Polars std,pre tail 2*i,max,submission.ipynb cell 5,source-mapped; execution pending dependencies
step2val_skew_2_20_2,ThirdFeatureGenerator:pivot,zscore over id using Polars std,pre tail 2*i,skew,submission.ipynb cell 5,source-mapped; execution pending dependencies
step2val_corr_2_20_3,ThirdFeatureGenerator:pivot,zscore over id using Polars std,pre tail 3*i,corr,submission.ipynb cell 5,source-mapped; execution pending dependencies
step2val_q25_2_20_3,ThirdFeatureGenerator:pivot,zscore over id using Polars std,pre tail 3*i,q25,submission.ipynb cell 5,source-mapped; execution pending dependencies
step2val_q50_2_20_3,ThirdFeatureGenerator:pivot,zscore over id using Polars std,pre tail 3*i,q50,submission.ipynb cell 5,source-mapped; execution pending dependencies
step2val_q75_2_20_3,ThirdFeatureGenerator:pivot,zscore over id using Polars std,pre tail 3*i,q75,submission.ipynb cell 5,source-mapped; execution pending dependencies
step2val_mean_2_20_3,ThirdFeatureGenerator:pivot,zscore over id using Polars std,pre tail 3*i,mean,submission.ipynb cell 5,source-mapped; execution pending dependencies
step2val_std_2_20_3,ThirdFeatureGenerator:pivot,zscore over id using Polars std,pre tail 3*i,std,submission.ipynb cell 5,source-mapped; execution pending dependencies
step2val_min_2_20_3,ThirdFeatureGenerator:pivot,zscore over id using Polars std,pre tail 3*i,min,submission.ipynb cell 5,source-mapped; execution pending dependencies
step2val_max_2_20_3,ThirdFeatureGenerator:pivot,zscore over id using Polars std,pre tail 3*i,max,submission.ipynb cell 5,source-mapped; execution pending dependencies
step2val_skew_2_20_3,ThirdFeatureGenerator:pivot,zscore over id using Polars std,pre tail 3*i,skew,submission.ipynb cell 5,source-mapped; execution pending dependencies
step2val_mean_2_20_0_diff,ThirdFeatureGenerator:diff,zscore over id using Polars std,pre tail window i minus post head window i,mean_difference_vs_period_1,submission.ipynb cell 5,source-mapped; execution pending dependencies
step2val_std_2_20_0_diff,ThirdFeatureGenerator:diff,zscore over id using Polars std,pre tail window i minus post head window i,std_difference_vs_period_1,submission.ipynb cell 5,source-mapped; execution pending dependencies
step2val_min_2_20_0_diff,ThirdFeatureGenerator:diff,zscore over id using Polars std,pre tail window i minus post head window i,min_difference_vs_period_1,submission.ipynb cell 5,source-mapped; execution pending dependencies
step2val_max_2_20_0_diff,ThirdFeatureGenerator:diff,zscore over id using Polars std,pre tail window i minus post head window i,max_difference_vs_period_1,submission.ipynb cell 5,source-mapped; execution pending dependencies
step2val_q25_2_20_0_diff,ThirdFeatureGenerator:diff,zscore over id using Polars std,pre tail window i minus post head window i,q25_difference_vs_period_1,submission.ipynb cell 5,source-mapped; execution pending dependencies
step2val_q50_2_20_0_diff,ThirdFeatureGenerator:diff,zscore over id using Polars std,pre tail window i minus post head window i,q50_difference_vs_period_1,submission.ipynb cell 5,source-mapped; execution pending dependencies
step2val_q75_2_20_0_diff,ThirdFeatureGenerator:diff,zscore over id using Polars std,pre tail window i minus post head window i,q75_difference_vs_period_1,submission.ipynb cell 5,source-mapped; execution pending dependencies
step2val_corr_2_20_0_diff,ThirdFeatureGenerator:diff,zscore over id using Polars std,pre tail window i minus post head window i,corr_difference_vs_period_1,submission.ipynb cell 5,source-mapped; execution pending dependencies
step2val_mean_2_20_2_diff,ThirdFeatureGenerator:diff,zscore over id using Polars std,pre tail 2*i minus post head window i,mean_difference_vs_period_1,submission.ipynb cell 5,source-mapped; execution pending dependencies
step2val_std_2_20_2_diff,ThirdFeatureGenerator:diff,zscore over id using Polars std,pre tail 2*i minus post head window i,std_difference_vs_period_1,submission.ipynb cell 5,source-mapped; execution pending dependencies
step2val_min_2_20_2_diff,ThirdFeatureGenerator:diff,zscore over id using Polars std,pre tail 2*i minus post head window i,min_difference_vs_period_1,submission.ipynb cell 5,source-mapped; execution pending dependencies
step2val_max_2_20_2_diff,ThirdFeatureGenerator:diff,zscore over id using Polars std,pre tail 2*i minus post head window i,max_difference_vs_period_1,submission.ipynb cell 5,source-mapped; execution pending dependencies
step2val_q25_2_20_2_diff,ThirdFeatureGenerator:diff,zscore over id using Polars std,pre tail 2*i minus post head window i,q25_difference_vs_period_1,submission.ipynb cell 5,source-mapped; execution pending dependencies
step2val_q50_2_20_2_diff,ThirdFeatureGenerator:diff,zscore over id using Polars std,pre tail 2*i minus post head window i,q50_difference_vs_period_1,submission.ipynb cell 5,source-mapped; execution pending dependencies
step2val_q75_2_20_2_diff,ThirdFeatureGenerator:diff,zscore over id using Polars std,pre tail 2*i minus post head window i,q75_difference_vs_period_1,submission.ipynb cell 5,source-mapped; execution pending dependencies
step2val_corr_2_20_2_diff,ThirdFeatureGenerator:diff,zscore over id using Polars std,pre tail 2*i minus post head window i,corr_difference_vs_period_1,submission.ipynb cell 5,source-mapped; execution pending dependencies
step2val_mean_2_20_3_diff,ThirdFeatureGenerator:diff,zscore over id using Polars std,pre tail 3*i minus post head window i,mean_difference_vs_period_1,submission.ipynb cell 5,source-mapped; execution pending dependencies
step2val_std_2_20_3_diff,ThirdFeatureGenerator:diff,zscore over id using Polars std,pre tail 3*i minus post head window i,std_difference_vs_period_1,submission.ipynb cell 5,source-mapped; execution pending dependencies
step2val_min_2_20_3_diff,ThirdFeatureGenerator:diff,zscore over id using Polars std,pre tail 3*i minus post head window i,min_difference_vs_period_1,submission.ipynb cell 5,source-mapped; execution pending dependencies
step2val_max_2_20_3_diff,ThirdFeatureGenerator:diff,zscore over id using Polars std,pre tail 3*i minus post head window i,max_difference_vs_period_1,submission.ipynb cell 5,source-mapped; execution pending dependencies
step2val_q25_2_20_3_diff,ThirdFeatureGenerator:diff,zscore over id using Polars std,pre tail 3*i minus post head window i,q25_difference_vs_period_1,submission.ipynb cell 5,source-mapped; execution pending dependencies
step2val_q50_2_20_3_diff,ThirdFeatureGenerator:diff,zscore over id using Polars std,pre tail 3*i minus post head window i,q50_difference_vs_period_1,submission.ipynb cell 5,source-mapped; execution pending dependencies
step2val_q75_2_20_3_diff,ThirdFeatureGenerator:diff,zscore over id using Polars std,pre tail 3*i minus post head window i,q75_difference_vs_period_1,submission.ipynb cell 5,source-mapped; execution pending dependencies
step2val_corr_2_20_3_diff,ThirdFeatureGenerator:diff,zscore over id using Polars std,pre tail 3*i minus post head window i,corr_difference_vs_period_1,submission.ipynb cell 5,source-mapped; execution pending dependencies
step2val_corr_3_20_0,ThirdFeatureGenerator:pivot,cumulative sum over id,pre tail window i,corr,submission.ipynb cell 5,source-mapped; execution pending dependencies
step2val_q25_3_20_0,ThirdFeatureGenerator:pivot,cumulative sum over id,pre tail window i,q25,submission.ipynb cell 5,source-mapped; execution pending dependencies
step2val_q50_3_20_0,ThirdFeatureGenerator:pivot,cumulative sum over id,pre tail window i,q50,submission.ipynb cell 5,source-mapped; execution pending dependencies
step2val_q75_3_20_0,ThirdFeatureGenerator:pivot,cumulative sum over id,pre tail window i,q75,submission.ipynb cell 5,source-mapped; execution pending dependencies
step2val_mean_3_20_0,ThirdFeatureGenerator:pivot,cumulative sum over id,pre tail window i,mean,submission.ipynb cell 5,source-mapped; execution pending dependencies
step2val_std_3_20_0,ThirdFeatureGenerator:pivot,cumulative sum over id,pre tail window i,std,submission.ipynb cell 5,source-mapped; execution pending dependencies
step2val_min_3_20_0,ThirdFeatureGenerator:pivot,cumulative sum over id,pre tail window i,min,submission.ipynb cell 5,source-mapped; execution pending dependencies
step2val_max_3_20_0,ThirdFeatureGenerator:pivot,cumulative sum over id,pre tail window i,max,submission.ipynb cell 5,source-mapped; execution pending dependencies
step2val_skew_3_20_0,ThirdFeatureGenerator:pivot,cumulative sum over id,pre tail window i,skew,submission.ipynb cell 5,source-mapped; execution pending dependencies
step2val_corr_3_20_1,ThirdFeatureGenerator:pivot,cumulative sum over id,post head window i,corr,submission.ipynb cell 5,source-mapped; execution pending dependencies
step2val_q25_3_20_1,ThirdFeatureGenerator:pivot,cumulative sum over id,post head window i,q25,submission.ipynb cell 5,source-mapped; execution pending dependencies
step2val_q50_3_20_1,ThirdFeatureGenerator:pivot,cumulative sum over id,post head window i,q50,submission.ipynb cell 5,source-mapped; execution pending dependencies
step2val_q75_3_20_1,ThirdFeatureGenerator:pivot,cumulative sum over id,post head window i,q75,submission.ipynb cell 5,source-mapped; execution pending dependencies
step2val_mean_3_20_1,ThirdFeatureGenerator:pivot,cumulative sum over id,post head window i,mean,submission.ipynb cell 5,source-mapped; execution pending dependencies
step2val_std_3_20_1,ThirdFeatureGenerator:pivot,cumulative sum over id,post head window i,std,submission.ipynb cell 5,source-mapped; execution pending dependencies
step2val_min_3_20_1,ThirdFeatureGenerator:pivot,cumulative sum over id,post head window i,min,submission.ipynb cell 5,source-mapped; execution pending dependencies
step2val_max_3_20_1,ThirdFeatureGenerator:pivot,cumulative sum over id,post head window i,max,submission.ipynb cell 5,source-mapped; execution pending dependencies
step2val_skew_3_20_1,ThirdFeatureGenerator:pivot,cumulative sum over id,post head window i,skew,submission.ipynb cell 5,source-mapped; execution pending dependencies
step2val_corr_3_20_2,ThirdFeatureGenerator:pivot,cumulative sum over id,pre tail 2*i,corr,submission.ipynb cell 5,source-mapped; execution pending dependencies
step2val_q25_3_20_2,ThirdFeatureGenerator:pivot,cumulative sum over id,pre tail 2*i,q25,submission.ipynb cell 5,source-mapped; execution pending dependencies
step2val_q50_3_20_2,ThirdFeatureGenerator:pivot,cumulative sum over id,pre tail 2*i,q50,submission.ipynb cell 5,source-mapped; execution pending dependencies
step2val_q75_3_20_2,ThirdFeatureGenerator:pivot,cumulative sum over id,pre tail 2*i,q75,submission.ipynb cell 5,source-mapped; execution pending dependencies
step2val_mean_3_20_2,ThirdFeatureGenerator:pivot,cumulative sum over id,pre tail 2*i,mean,submission.ipynb cell 5,source-mapped; execution pending dependencies
step2val_std_3_20_2,ThirdFeatureGenerator:pivot,cumulative sum over id,pre tail 2*i,std,submission.ipynb cell 5,source-mapped; execution pending dependencies
step2val_min_3_20_2,ThirdFeatureGenerator:pivot,cumulative sum over id,pre tail 2*i,min,submission.ipynb cell 5,source-mapped; execution pending dependencies
step2val_max_3_20_2,ThirdFeatureGenerator:pivot,cumulative sum over id,pre tail 2*i,max,submission.ipynb cell 5,source-mapped; execution pending dependencies
step2val_skew_3_20_2,ThirdFeatureGenerator:pivot,cumulative sum over id,pre tail 2*i,skew,submission.ipynb cell 5,source-mapped; execution pending dependencies
step2val_corr_3_20_3,ThirdFeatureGenerator:pivot,cumulative sum over id,pre tail 3*i,corr,submission.ipynb cell 5,source-mapped; execution pending dependencies
step2val_q25_3_20_3,ThirdFeatureGenerator:pivot,cumulative sum over id,pre tail 3*i,q25,submission.ipynb cell 5,source-mapped; execution pending dependencies
step2val_q50_3_20_3,ThirdFeatureGenerator:pivot,cumulative sum over id,pre tail 3*i,q50,submission.ipynb cell 5,source-mapped; execution pending dependencies
step2val_q75_3_20_3,ThirdFeatureGenerator:pivot,cumulative sum over id,pre tail 3*i,q75,submission.ipynb cell 5,source-mapped; execution pending dependencies
step2val_mean_3_20_3,ThirdFeatureGenerator:pivot,cumulative sum over id,pre tail 3*i,mean,submission.ipynb cell 5,source-mapped; execution pending dependencies
step2val_std_3_20_3,ThirdFeatureGenerator:pivot,cumulative sum over id,pre tail 3*i,std,submission.ipynb cell 5,source-mapped; execution pending dependencies
step2val_min_3_20_3,ThirdFeatureGenerator:pivot,cumulative sum over id,pre tail 3*i,min,submission.ipynb cell 5,source-mapped; execution pending dependencies
step2val_max_3_20_3,ThirdFeatureGenerator:pivot,cumulative sum over id,pre tail 3*i,max,submission.ipynb cell 5,source-mapped; execution pending dependencies
step2val_skew_3_20_3,ThirdFeatureGenerator:pivot,cumulative sum over id,pre tail 3*i,skew,submission.ipynb cell 5,source-mapped; execution pending dependencies
step2val_mean_3_20_0_diff,ThirdFeatureGenerator:diff,cumulative sum over id,pre tail window i minus post head window i,mean_difference_vs_period_1,submission.ipynb cell 5,source-mapped; execution pending dependencies
step2val_std_3_20_0_diff,ThirdFeatureGenerator:diff,cumulative sum over id,pre tail window i minus post head window i,std_difference_vs_period_1,submission.ipynb cell 5,source-mapped; execution pending dependencies
step2val_min_3_20_0_diff,ThirdFeatureGenerator:diff,cumulative sum over id,pre tail window i minus post head window i,min_difference_vs_period_1,submission.ipynb cell 5,source-mapped; execution pending dependencies
step2val_max_3_20_0_diff,ThirdFeatureGenerator:diff,cumulative sum over id,pre tail window i minus post head window i,max_difference_vs_period_1,submission.ipynb cell 5,source-mapped; execution pending dependencies
step2val_q25_3_20_0_diff,ThirdFeatureGenerator:diff,cumulative sum over id,pre tail window i minus post head window i,q25_difference_vs_period_1,submission.ipynb cell 5,source-mapped; execution pending dependencies
step2val_q50_3_20_0_diff,ThirdFeatureGenerator:diff,cumulative sum over id,pre tail window i minus post head window i,q50_difference_vs_period_1,submission.ipynb cell 5,source-mapped; execution pending dependencies
step2val_q75_3_20_0_diff,ThirdFeatureGenerator:diff,cumulative sum over id,pre tail window i minus post head window i,q75_difference_vs_period_1,submission.ipynb cell 5,source-mapped; execution pending dependencies
step2val_corr_3_20_0_diff,ThirdFeatureGenerator:diff,cumulative sum over id,pre tail window i minus post head window i,corr_difference_vs_period_1,submission.ipynb cell 5,source-mapped; execution pending dependencies
step2val_mean_3_20_2_diff,ThirdFeatureGenerator:diff,cumulative sum over id,pre tail 2*i minus post head window i,mean_difference_vs_period_1,submission.ipynb cell 5,source-mapped; execution pending dependencies
step2val_std_3_20_2_diff,ThirdFeatureGenerator:diff,cumulative sum over id,pre tail 2*i minus post head window i,std_difference_vs_period_1,submission.ipynb cell 5,source-mapped; execution pending dependencies
step2val_min_3_20_2_diff,ThirdFeatureGenerator:diff,cumulative sum over id,pre tail 2*i minus post head window i,min_difference_vs_period_1,submission.ipynb cell 5,source-mapped; execution pending dependencies
step2val_max_3_20_2_diff,ThirdFeatureGenerator:diff,cumulative sum over id,pre tail 2*i minus post head window i,max_difference_vs_period_1,submission.ipynb cell 5,source-mapped; execution pending dependencies
step2val_q25_3_20_2_diff,ThirdFeatureGenerator:diff,cumulative sum over id,pre tail 2*i minus post head window i,q25_difference_vs_period_1,submission.ipynb cell 5,source-mapped; execution pending dependencies
step2val_q50_3_20_2_diff,ThirdFeatureGenerator:diff,cumulative sum over id,pre tail 2*i minus post head window i,q50_difference_vs_period_1,submission.ipynb cell 5,source-mapped; execution pending dependencies
step2val_q75_3_20_2_diff,ThirdFeatureGenerator:diff,cumulative sum over id,pre tail 2*i minus post head window i,q75_difference_vs_period_1,submission.ipynb cell 5,source-mapped; execution pending dependencies
step2val_corr_3_20_2_diff,ThirdFeatureGenerator:diff,cumulative sum over id,pre tail 2*i minus post head window i,corr_difference_vs_period_1,submission.ipynb cell 5,source-mapped; execution pending dependencies
step2val_mean_3_20_3_diff,ThirdFeatureGenerator:diff,cumulative sum over id,pre tail 3*i minus post head window i,mean_difference_vs_period_1,submission.ipynb cell 5,source-mapped; execution pending dependencies
step2val_std_3_20_3_diff,ThirdFeatureGenerator:diff,cumulative sum over id,pre tail 3*i minus post head window i,std_difference_vs_period_1,submission.ipynb cell 5,source-mapped; execution pending dependencies
step2val_min_3_20_3_diff,ThirdFeatureGenerator:diff,cumulative sum over id,pre tail 3*i minus post head window i,min_difference_vs_period_1,submission.ipynb cell 5,source-mapped; execution pending dependencies
step2val_max_3_20_3_diff,ThirdFeatureGenerator:diff,cumulative sum over id,pre tail 3*i minus post head window i,max_difference_vs_period_1,submission.ipynb cell 5,source-mapped; execution pending dependencies
step2val_q25_3_20_3_diff,ThirdFeatureGenerator:diff,cumulative sum over id,pre tail 3*i minus post head window i,q25_difference_vs_period_1,submission.ipynb cell 5,source-mapped; execution pending dependencies
step2val_q50_3_20_3_diff,ThirdFeatureGenerator:diff,cumulative sum over id,pre tail 3*i minus post head window i,q50_difference_vs_period_1,submission.ipynb cell 5,source-mapped; execution pending dependencies
step2val_q75_3_20_3_diff,ThirdFeatureGenerator:diff,cumulative sum over id,pre tail 3*i minus post head window i,q75_difference_vs_period_1,submission.ipynb cell 5,source-mapped; execution pending dependencies
step2val_corr_3_20_3_diff,ThirdFeatureGenerator:diff,cumulative sum over id,pre tail 3*i minus post head window i,corr_difference_vs_period_1,submission.ipynb cell 5,source-mapped; execution pending dependencies
step2val_corr_4_20_0,ThirdFeatureGenerator:pivot,dense rank over id divided by count,pre tail window i,corr,submission.ipynb cell 5,source-mapped; execution pending dependencies
step2val_q25_4_20_0,ThirdFeatureGenerator:pivot,dense rank over id divided by count,pre tail window i,q25,submission.ipynb cell 5,source-mapped; execution pending dependencies
step2val_q50_4_20_0,ThirdFeatureGenerator:pivot,dense rank over id divided by count,pre tail window i,q50,submission.ipynb cell 5,source-mapped; execution pending dependencies
step2val_q75_4_20_0,ThirdFeatureGenerator:pivot,dense rank over id divided by count,pre tail window i,q75,submission.ipynb cell 5,source-mapped; execution pending dependencies
step2val_mean_4_20_0,ThirdFeatureGenerator:pivot,dense rank over id divided by count,pre tail window i,mean,submission.ipynb cell 5,source-mapped; execution pending dependencies
step2val_std_4_20_0,ThirdFeatureGenerator:pivot,dense rank over id divided by count,pre tail window i,std,submission.ipynb cell 5,source-mapped; execution pending dependencies
step2val_min_4_20_0,ThirdFeatureGenerator:pivot,dense rank over id divided by count,pre tail window i,min,submission.ipynb cell 5,source-mapped; execution pending dependencies
step2val_max_4_20_0,ThirdFeatureGenerator:pivot,dense rank over id divided by count,pre tail window i,max,submission.ipynb cell 5,source-mapped; execution pending dependencies
step2val_skew_4_20_0,ThirdFeatureGenerator:pivot,dense rank over id divided by count,pre tail window i,skew,submission.ipynb cell 5,source-mapped; execution pending dependencies
step2val_corr_4_20_1,ThirdFeatureGenerator:pivot,dense rank over id divided by count,post head window i,corr,submission.ipynb cell 5,source-mapped; execution pending dependencies
step2val_q25_4_20_1,ThirdFeatureGenerator:pivot,dense rank over id divided by count,post head window i,q25,submission.ipynb cell 5,source-mapped; execution pending dependencies
step2val_q50_4_20_1,ThirdFeatureGenerator:pivot,dense rank over id divided by count,post head window i,q50,submission.ipynb cell 5,source-mapped; execution pending dependencies
step2val_q75_4_20_1,ThirdFeatureGenerator:pivot,dense rank over id divided by count,post head window i,q75,submission.ipynb cell 5,source-mapped; execution pending dependencies
step2val_mean_4_20_1,ThirdFeatureGenerator:pivot,dense rank over id divided by count,post head window i,mean,submission.ipynb cell 5,source-mapped; execution pending dependencies
step2val_std_4_20_1,ThirdFeatureGenerator:pivot,dense rank over id divided by count,post head window i,std,submission.ipynb cell 5,source-mapped; execution pending dependencies
step2val_min_4_20_1,ThirdFeatureGenerator:pivot,dense rank over id divided by count,post head window i,min,submission.ipynb cell 5,source-mapped; execution pending dependencies
step2val_max_4_20_1,ThirdFeatureGenerator:pivot,dense rank over id divided by count,post head window i,max,submission.ipynb cell 5,source-mapped; execution pending dependencies
step2val_skew_4_20_1,ThirdFeatureGenerator:pivot,dense rank over id divided by count,post head window i,skew,submission.ipynb cell 5,source-mapped; execution pending dependencies
step2val_corr_4_20_2,ThirdFeatureGenerator:pivot,dense rank over id divided by count,pre tail 2*i,corr,submission.ipynb cell 5,source-mapped; execution pending dependencies
step2val_q25_4_20_2,ThirdFeatureGenerator:pivot,dense rank over id divided by count,pre tail 2*i,q25,submission.ipynb cell 5,source-mapped; execution pending dependencies
step2val_q50_4_20_2,ThirdFeatureGenerator:pivot,dense rank over id divided by count,pre tail 2*i,q50,submission.ipynb cell 5,source-mapped; execution pending dependencies
step2val_q75_4_20_2,ThirdFeatureGenerator:pivot,dense rank over id divided by count,pre tail 2*i,q75,submission.ipynb cell 5,source-mapped; execution pending dependencies
step2val_mean_4_20_2,ThirdFeatureGenerator:pivot,dense rank over id divided by count,pre tail 2*i,mean,submission.ipynb cell 5,source-mapped; execution pending dependencies
step2val_std_4_20_2,ThirdFeatureGenerator:pivot,dense rank over id divided by count,pre tail 2*i,std,submission.ipynb cell 5,source-mapped; execution pending dependencies
step2val_min_4_20_2,ThirdFeatureGenerator:pivot,dense rank over id divided by count,pre tail 2*i,min,submission.ipynb cell 5,source-mapped; execution pending dependencies
step2val_max_4_20_2,ThirdFeatureGenerator:pivot,dense rank over id divided by count,pre tail 2*i,max,submission.ipynb cell 5,source-mapped; execution pending dependencies
step2val_skew_4_20_2,ThirdFeatureGenerator:pivot,dense rank over id divided by count,pre tail 2*i,skew,submission.ipynb cell 5,source-mapped; execution pending dependencies
step2val_corr_4_20_3,ThirdFeatureGenerator:pivot,dense rank over id divided by count,pre tail 3*i,corr,submission.ipynb cell 5,source-mapped; execution pending dependencies
step2val_q25_4_20_3,ThirdFeatureGenerator:pivot,dense rank over id divided by count,pre tail 3*i,q25,submission.ipynb cell 5,source-mapped; execution pending dependencies
step2val_q50_4_20_3,ThirdFeatureGenerator:pivot,dense rank over id divided by count,pre tail 3*i,q50,submission.ipynb cell 5,source-mapped; execution pending dependencies
step2val_q75_4_20_3,ThirdFeatureGenerator:pivot,dense rank over id divided by count,pre tail 3*i,q75,submission.ipynb cell 5,source-mapped; execution pending dependencies
step2val_mean_4_20_3,ThirdFeatureGenerator:pivot,dense rank over id divided by count,pre tail 3*i,mean,submission.ipynb cell 5,source-mapped; execution pending dependencies
step2val_std_4_20_3,ThirdFeatureGenerator:pivot,dense rank over id divided by count,pre tail 3*i,std,submission.ipynb cell 5,source-mapped; execution pending dependencies
step2val_min_4_20_3,ThirdFeatureGenerator:pivot,dense rank over id divided by count,pre tail 3*i,min,submission.ipynb cell 5,source-mapped; execution pending dependencies
step2val_max_4_20_3,ThirdFeatureGenerator:pivot,dense rank over id divided by count,pre tail 3*i,max,submission.ipynb cell 5,source-mapped; execution pending dependencies
step2val_skew_4_20_3,ThirdFeatureGenerator:pivot,dense rank over id divided by count,pre tail 3*i,skew,submission.ipynb cell 5,source-mapped; execution pending dependencies
step2val_mean_4_20_0_diff,ThirdFeatureGenerator:diff,dense rank over id divided by count,pre tail window i minus post head window i,mean_difference_vs_period_1,submission.ipynb cell 5,source-mapped; execution pending dependencies
step2val_std_4_20_0_diff,ThirdFeatureGenerator:diff,dense rank over id divided by count,pre tail window i minus post head window i,std_difference_vs_period_1,submission.ipynb cell 5,source-mapped; execution pending dependencies
step2val_min_4_20_0_diff,ThirdFeatureGenerator:diff,dense rank over id divided by count,pre tail window i minus post head window i,min_difference_vs_period_1,submission.ipynb cell 5,source-mapped; execution pending dependencies
step2val_max_4_20_0_diff,ThirdFeatureGenerator:diff,dense rank over id divided by count,pre tail window i minus post head window i,max_difference_vs_period_1,submission.ipynb cell 5,source-mapped; execution pending dependencies
step2val_q25_4_20_0_diff,ThirdFeatureGenerator:diff,dense rank over id divided by count,pre tail window i minus post head window i,q25_difference_vs_period_1,submission.ipynb cell 5,source-mapped; execution pending dependencies
step2val_q50_4_20_0_diff,ThirdFeatureGenerator:diff,dense rank over id divided by count,pre tail window i minus post head window i,q50_difference_vs_period_1,submission.ipynb cell 5,source-mapped; execution pending dependencies
step2val_q75_4_20_0_diff,ThirdFeatureGenerator:diff,dense rank over id divided by count,pre tail window i minus post head window i,q75_difference_vs_period_1,submission.ipynb cell 5,source-mapped; execution pending dependencies
step2val_corr_4_20_0_diff,ThirdFeatureGenerator:diff,dense rank over id divided by count,pre tail window i minus post head window i,corr_difference_vs_period_1,submission.ipynb cell 5,source-mapped; execution pending dependencies
step2val_mean_4_20_2_diff,ThirdFeatureGenerator:diff,dense rank over id divided by count,pre tail 2*i minus post head window i,mean_difference_vs_period_1,submission.ipynb cell 5,source-mapped; execution pending dependencies
step2val_std_4_20_2_diff,ThirdFeatureGenerator:diff,dense rank over id divided by count,pre tail 2*i minus post head window i,std_difference_vs_period_1,submission.ipynb cell 5,source-mapped; execution pending dependencies
step2val_min_4_20_2_diff,ThirdFeatureGenerator:diff,dense rank over id divided by count,pre tail 2*i minus post head window i,min_difference_vs_period_1,submission.ipynb cell 5,source-mapped; execution pending dependencies
step2val_max_4_20_2_diff,ThirdFeatureGenerator:diff,dense rank over id divided by count,pre tail 2*i minus post head window i,max_difference_vs_period_1,submission.ipynb cell 5,source-mapped; execution pending dependencies
step2val_q25_4_20_2_diff,ThirdFeatureGenerator:diff,dense rank over id divided by count,pre tail 2*i minus post head window i,q25_difference_vs_period_1,submission.ipynb cell 5,source-mapped; execution pending dependencies
step2val_q50_4_20_2_diff,ThirdFeatureGenerator:diff,dense rank over id divided by count,pre tail 2*i minus post head window i,q50_difference_vs_period_1,submission.ipynb cell 5,source-mapped; execution pending dependencies
step2val_q75_4_20_2_diff,ThirdFeatureGenerator:diff,dense rank over id divided by count,pre tail 2*i minus post head window i,q75_difference_vs_period_1,submission.ipynb cell 5,source-mapped; execution pending dependencies
step2val_corr_4_20_2_diff,ThirdFeatureGenerator:diff,dense rank over id divided by count,pre tail 2*i minus post head window i,corr_difference_vs_period_1,submission.ipynb cell 5,source-mapped; execution pending dependencies
step2val_mean_4_20_3_diff,ThirdFeatureGenerator:diff,dense rank over id divided by count,pre tail 3*i minus post head window i,mean_difference_vs_period_1,submission.ipynb cell 5,source-mapped; execution pending dependencies
step2val_std_4_20_3_diff,ThirdFeatureGenerator:diff,dense rank over id divided by count,pre tail 3*i minus post head window i,std_difference_vs_period_1,submission.ipynb cell 5,source-mapped; execution pending dependencies
step2val_min_4_20_3_diff,ThirdFeatureGenerator:diff,dense rank over id divided by count,pre tail 3*i minus post head window i,min_difference_vs_period_1,submission.ipynb cell 5,source-mapped; execution pending dependencies
step2val_max_4_20_3_diff,ThirdFeatureGenerator:diff,dense rank over id divided by count,pre tail 3*i minus post head window i,max_difference_vs_period_1,submission.ipynb cell 5,source-mapped; execution pending dependencies
step2val_q25_4_20_3_diff,ThirdFeatureGenerator:diff,dense rank over id divided by count,pre tail 3*i minus post head window i,q25_difference_vs_period_1,submission.ipynb cell 5,source-mapped; execution pending dependencies
step2val_q50_4_20_3_diff,ThirdFeatureGenerator:diff,dense rank over id divided by count,pre tail 3*i minus post head window i,q50_difference_vs_period_1,submission.ipynb cell 5,source-mapped; execution pending dependencies
step2val_q75_4_20_3_diff,ThirdFeatureGenerator:diff,dense rank over id divided by count,pre tail 3*i minus post head window i,q75_difference_vs_period_1,submission.ipynb cell 5,source-mapped; execution pending dependencies
step2val_corr_4_20_3_diff,ThirdFeatureGenerator:diff,dense rank over id divided by count,pre tail 3*i minus post head window i,corr_difference_vs_period_1,submission.ipynb cell 5,source-mapped; execution pending dependencies
step2val_corr_5_20_0,ThirdFeatureGenerator:pivot,absolute value,pre tail window i,corr,submission.ipynb cell 5,source-mapped; execution pending dependencies
step2val_q25_5_20_0,ThirdFeatureGenerator:pivot,absolute value,pre tail window i,q25,submission.ipynb cell 5,source-mapped; execution pending dependencies
step2val_q50_5_20_0,ThirdFeatureGenerator:pivot,absolute value,pre tail window i,q50,submission.ipynb cell 5,source-mapped; execution pending dependencies
step2val_q75_5_20_0,ThirdFeatureGenerator:pivot,absolute value,pre tail window i,q75,submission.ipynb cell 5,source-mapped; execution pending dependencies
step2val_mean_5_20_0,ThirdFeatureGenerator:pivot,absolute value,pre tail window i,mean,submission.ipynb cell 5,source-mapped; execution pending dependencies
step2val_std_5_20_0,ThirdFeatureGenerator:pivot,absolute value,pre tail window i,std,submission.ipynb cell 5,source-mapped; execution pending dependencies
step2val_min_5_20_0,ThirdFeatureGenerator:pivot,absolute value,pre tail window i,min,submission.ipynb cell 5,source-mapped; execution pending dependencies
step2val_max_5_20_0,ThirdFeatureGenerator:pivot,absolute value,pre tail window i,max,submission.ipynb cell 5,source-mapped; execution pending dependencies
step2val_skew_5_20_0,ThirdFeatureGenerator:pivot,absolute value,pre tail window i,skew,submission.ipynb cell 5,source-mapped; execution pending dependencies
step2val_corr_5_20_1,ThirdFeatureGenerator:pivot,absolute value,post head window i,corr,submission.ipynb cell 5,source-mapped; execution pending dependencies
step2val_q25_5_20_1,ThirdFeatureGenerator:pivot,absolute value,post head window i,q25,submission.ipynb cell 5,source-mapped; execution pending dependencies
step2val_q50_5_20_1,ThirdFeatureGenerator:pivot,absolute value,post head window i,q50,submission.ipynb cell 5,source-mapped; execution pending dependencies
step2val_q75_5_20_1,ThirdFeatureGenerator:pivot,absolute value,post head window i,q75,submission.ipynb cell 5,source-mapped; execution pending dependencies
step2val_mean_5_20_1,ThirdFeatureGenerator:pivot,absolute value,post head window i,mean,submission.ipynb cell 5,source-mapped; execution pending dependencies
step2val_std_5_20_1,ThirdFeatureGenerator:pivot,absolute value,post head window i,std,submission.ipynb cell 5,source-mapped; execution pending dependencies
step2val_min_5_20_1,ThirdFeatureGenerator:pivot,absolute value,post head window i,min,submission.ipynb cell 5,source-mapped; execution pending dependencies
step2val_max_5_20_1,ThirdFeatureGenerator:pivot,absolute value,post head window i,max,submission.ipynb cell 5,source-mapped; execution pending dependencies
step2val_skew_5_20_1,ThirdFeatureGenerator:pivot,absolute value,post head window i,skew,submission.ipynb cell 5,source-mapped; execution pending dependencies
step2val_corr_5_20_2,ThirdFeatureGenerator:pivot,absolute value,pre tail 2*i,corr,submission.ipynb cell 5,source-mapped; execution pending dependencies
step2val_q25_5_20_2,ThirdFeatureGenerator:pivot,absolute value,pre tail 2*i,q25,submission.ipynb cell 5,source-mapped; execution pending dependencies
step2val_q50_5_20_2,ThirdFeatureGenerator:pivot,absolute value,pre tail 2*i,q50,submission.ipynb cell 5,source-mapped; execution pending dependencies
step2val_q75_5_20_2,ThirdFeatureGenerator:pivot,absolute value,pre tail 2*i,q75,submission.ipynb cell 5,source-mapped; execution pending dependencies
step2val_mean_5_20_2,ThirdFeatureGenerator:pivot,absolute value,pre tail 2*i,mean,submission.ipynb cell 5,source-mapped; execution pending dependencies
step2val_std_5_20_2,ThirdFeatureGenerator:pivot,absolute value,pre tail 2*i,std,submission.ipynb cell 5,source-mapped; execution pending dependencies
step2val_min_5_20_2,ThirdFeatureGenerator:pivot,absolute value,pre tail 2*i,min,submission.ipynb cell 5,source-mapped; execution pending dependencies
step2val_max_5_20_2,ThirdFeatureGenerator:pivot,absolute value,pre tail 2*i,max,submission.ipynb cell 5,source-mapped; execution pending dependencies
step2val_skew_5_20_2,ThirdFeatureGenerator:pivot,absolute value,pre tail 2*i,skew,submission.ipynb cell 5,source-mapped; execution pending dependencies
step2val_corr_5_20_3,ThirdFeatureGenerator:pivot,absolute value,pre tail 3*i,corr,submission.ipynb cell 5,source-mapped; execution pending dependencies
step2val_q25_5_20_3,ThirdFeatureGenerator:pivot,absolute value,pre tail 3*i,q25,submission.ipynb cell 5,source-mapped; execution pending dependencies
step2val_q50_5_20_3,ThirdFeatureGenerator:pivot,absolute value,pre tail 3*i,q50,submission.ipynb cell 5,source-mapped; execution pending dependencies
step2val_q75_5_20_3,ThirdFeatureGenerator:pivot,absolute value,pre tail 3*i,q75,submission.ipynb cell 5,source-mapped; execution pending dependencies
step2val_mean_5_20_3,ThirdFeatureGenerator:pivot,absolute value,pre tail 3*i,mean,submission.ipynb cell 5,source-mapped; execution pending dependencies
step2val_std_5_20_3,ThirdFeatureGenerator:pivot,absolute value,pre tail 3*i,std,submission.ipynb cell 5,source-mapped; execution pending dependencies
step2val_min_5_20_3,ThirdFeatureGenerator:pivot,absolute value,pre tail 3*i,min,submission.ipynb cell 5,source-mapped; execution pending dependencies
step2val_max_5_20_3,ThirdFeatureGenerator:pivot,absolute value,pre tail 3*i,max,submission.ipynb cell 5,source-mapped; execution pending dependencies
step2val_skew_5_20_3,ThirdFeatureGenerator:pivot,absolute value,pre tail 3*i,skew,submission.ipynb cell 5,source-mapped; execution pending dependencies
step2val_mean_5_20_0_diff,ThirdFeatureGenerator:diff,absolute value,pre tail window i minus post head window i,mean_difference_vs_period_1,submission.ipynb cell 5,source-mapped; execution pending dependencies
step2val_std_5_20_0_diff,ThirdFeatureGenerator:diff,absolute value,pre tail window i minus post head window i,std_difference_vs_period_1,submission.ipynb cell 5,source-mapped; execution pending dependencies
step2val_min_5_20_0_diff,ThirdFeatureGenerator:diff,absolute value,pre tail window i minus post head window i,min_difference_vs_period_1,submission.ipynb cell 5,source-mapped; execution pending dependencies
step2val_max_5_20_0_diff,ThirdFeatureGenerator:diff,absolute value,pre tail window i minus post head window i,max_difference_vs_period_1,submission.ipynb cell 5,source-mapped; execution pending dependencies
step2val_q25_5_20_0_diff,ThirdFeatureGenerator:diff,absolute value,pre tail window i minus post head window i,q25_difference_vs_period_1,submission.ipynb cell 5,source-mapped; execution pending dependencies
step2val_q50_5_20_0_diff,ThirdFeatureGenerator:diff,absolute value,pre tail window i minus post head window i,q50_difference_vs_period_1,submission.ipynb cell 5,source-mapped; execution pending dependencies
step2val_q75_5_20_0_diff,ThirdFeatureGenerator:diff,absolute value,pre tail window i minus post head window i,q75_difference_vs_period_1,submission.ipynb cell 5,source-mapped; execution pending dependencies
step2val_corr_5_20_0_diff,ThirdFeatureGenerator:diff,absolute value,pre tail window i minus post head window i,corr_difference_vs_period_1,submission.ipynb cell 5,source-mapped; execution pending dependencies
step2val_mean_5_20_2_diff,ThirdFeatureGenerator:diff,absolute value,pre tail 2*i minus post head window i,mean_difference_vs_period_1,submission.ipynb cell 5,source-mapped; execution pending dependencies
step2val_std_5_20_2_diff,ThirdFeatureGenerator:diff,absolute value,pre tail 2*i minus post head window i,std_difference_vs_period_1,submission.ipynb cell 5,source-mapped; execution pending dependencies
step2val_min_5_20_2_diff,ThirdFeatureGenerator:diff,absolute value,pre tail 2*i minus post head window i,min_difference_vs_period_1,submission.ipynb cell 5,source-mapped; execution pending dependencies
step2val_max_5_20_2_diff,ThirdFeatureGenerator:diff,absolute value,pre tail 2*i minus post head window i,max_difference_vs_period_1,submission.ipynb cell 5,source-mapped; execution pending dependencies
step2val_q25_5_20_2_diff,ThirdFeatureGenerator:diff,absolute value,pre tail 2*i minus post head window i,q25_difference_vs_period_1,submission.ipynb cell 5,source-mapped; execution pending dependencies
step2val_q50_5_20_2_diff,ThirdFeatureGenerator:diff,absolute value,pre tail 2*i minus post head window i,q50_difference_vs_period_1,submission.ipynb cell 5,source-mapped; execution pending dependencies
step2val_q75_5_20_2_diff,ThirdFeatureGenerator:diff,absolute value,pre tail 2*i minus post head window i,q75_difference_vs_period_1,submission.ipynb cell 5,source-mapped; execution pending dependencies
step2val_corr_5_20_2_diff,ThirdFeatureGenerator:diff,absolute value,pre tail 2*i minus post head window i,corr_difference_vs_period_1,submission.ipynb cell 5,source-mapped; execution pending dependencies
step2val_mean_5_20_3_diff,ThirdFeatureGenerator:diff,absolute value,pre tail 3*i minus post head window i,mean_difference_vs_period_1,submission.ipynb cell 5,source-mapped; execution pending dependencies
step2val_std_5_20_3_diff,ThirdFeatureGenerator:diff,absolute value,pre tail 3*i minus post head window i,std_difference_vs_period_1,submission.ipynb cell 5,source-mapped; execution pending dependencies
step2val_min_5_20_3_diff,ThirdFeatureGenerator:diff,absolute value,pre tail 3*i minus post head window i,min_difference_vs_period_1,submission.ipynb cell 5,source-mapped; execution pending dependencies
step2val_max_5_20_3_diff,ThirdFeatureGenerator:diff,absolute value,pre tail 3*i minus post head window i,max_difference_vs_period_1,submission.ipynb cell 5,source-mapped; execution pending dependencies
step2val_q25_5_20_3_diff,ThirdFeatureGenerator:diff,absolute value,pre tail 3*i minus post head window i,q25_difference_vs_period_1,submission.ipynb cell 5,source-mapped; execution pending dependencies
step2val_q50_5_20_3_diff,ThirdFeatureGenerator:diff,absolute value,pre tail 3*i minus post head window i,q50_difference_vs_period_1,submission.ipynb cell 5,source-mapped; execution pending dependencies
step2val_q75_5_20_3_diff,ThirdFeatureGenerator:diff,absolute value,pre tail 3*i minus post head window i,q75_difference_vs_period_1,submission.ipynb cell 5,source-mapped; execution pending dependencies
step2val_corr_5_20_3_diff,ThirdFeatureGenerator:diff,absolute value,pre tail 3*i minus post head window i,corr_difference_vs_period_1,submission.ipynb cell 5,source-mapped; execution pending dependencies
step2val_corr_6_20_0,ThirdFeatureGenerator:pivot,rolling mean window 16 over id,pre tail window i,corr,submission.ipynb cell 5,source-mapped; execution pending dependencies
step2val_q25_6_20_0,ThirdFeatureGenerator:pivot,rolling mean window 16 over id,pre tail window i,q25,submission.ipynb cell 5,source-mapped; execution pending dependencies
step2val_q50_6_20_0,ThirdFeatureGenerator:pivot,rolling mean window 16 over id,pre tail window i,q50,submission.ipynb cell 5,source-mapped; execution pending dependencies
step2val_q75_6_20_0,ThirdFeatureGenerator:pivot,rolling mean window 16 over id,pre tail window i,q75,submission.ipynb cell 5,source-mapped; execution pending dependencies
step2val_mean_6_20_0,ThirdFeatureGenerator:pivot,rolling mean window 16 over id,pre tail window i,mean,submission.ipynb cell 5,source-mapped; execution pending dependencies
step2val_std_6_20_0,ThirdFeatureGenerator:pivot,rolling mean window 16 over id,pre tail window i,std,submission.ipynb cell 5,source-mapped; execution pending dependencies
step2val_min_6_20_0,ThirdFeatureGenerator:pivot,rolling mean window 16 over id,pre tail window i,min,submission.ipynb cell 5,source-mapped; execution pending dependencies
step2val_max_6_20_0,ThirdFeatureGenerator:pivot,rolling mean window 16 over id,pre tail window i,max,submission.ipynb cell 5,source-mapped; execution pending dependencies
step2val_skew_6_20_0,ThirdFeatureGenerator:pivot,rolling mean window 16 over id,pre tail window i,skew,submission.ipynb cell 5,source-mapped; execution pending dependencies
step2val_corr_6_20_1,ThirdFeatureGenerator:pivot,rolling mean window 16 over id,post head window i,corr,submission.ipynb cell 5,source-mapped; execution pending dependencies
step2val_q25_6_20_1,ThirdFeatureGenerator:pivot,rolling mean window 16 over id,post head window i,q25,submission.ipynb cell 5,source-mapped; execution pending dependencies
step2val_q50_6_20_1,ThirdFeatureGenerator:pivot,rolling mean window 16 over id,post head window i,q50,submission.ipynb cell 5,source-mapped; execution pending dependencies
step2val_q75_6_20_1,ThirdFeatureGenerator:pivot,rolling mean window 16 over id,post head window i,q75,submission.ipynb cell 5,source-mapped; execution pending dependencies
step2val_mean_6_20_1,ThirdFeatureGenerator:pivot,rolling mean window 16 over id,post head window i,mean,submission.ipynb cell 5,source-mapped; execution pending dependencies
step2val_std_6_20_1,ThirdFeatureGenerator:pivot,rolling mean window 16 over id,post head window i,std,submission.ipynb cell 5,source-mapped; execution pending dependencies
step2val_min_6_20_1,ThirdFeatureGenerator:pivot,rolling mean window 16 over id,post head window i,min,submission.ipynb cell 5,source-mapped; execution pending dependencies
step2val_max_6_20_1,ThirdFeatureGenerator:pivot,rolling mean window 16 over id,post head window i,max,submission.ipynb cell 5,source-mapped; execution pending dependencies
step2val_skew_6_20_1,ThirdFeatureGenerator:pivot,rolling mean window 16 over id,post head window i,skew,submission.ipynb cell 5,source-mapped; execution pending dependencies
step2val_corr_6_20_2,ThirdFeatureGenerator:pivot,rolling mean window 16 over id,pre tail 2*i,corr,submission.ipynb cell 5,source-mapped; execution pending dependencies
step2val_q25_6_20_2,ThirdFeatureGenerator:pivot,rolling mean window 16 over id,pre tail 2*i,q25,submission.ipynb cell 5,source-mapped; execution pending dependencies
step2val_q50_6_20_2,ThirdFeatureGenerator:pivot,rolling mean window 16 over id,pre tail 2*i,q50,submission.ipynb cell 5,source-mapped; execution pending dependencies
step2val_q75_6_20_2,ThirdFeatureGenerator:pivot,rolling mean window 16 over id,pre tail 2*i,q75,submission.ipynb cell 5,source-mapped; execution pending dependencies
step2val_mean_6_20_2,ThirdFeatureGenerator:pivot,rolling mean window 16 over id,pre tail 2*i,mean,submission.ipynb cell 5,source-mapped; execution pending dependencies
step2val_std_6_20_2,ThirdFeatureGenerator:pivot,rolling mean window 16 over id,pre tail 2*i,std,submission.ipynb cell 5,source-mapped; execution pending dependencies
step2val_min_6_20_2,ThirdFeatureGenerator:pivot,rolling mean window 16 over id,pre tail 2*i,min,submission.ipynb cell 5,source-mapped; execution pending dependencies
step2val_max_6_20_2,ThirdFeatureGenerator:pivot,rolling mean window 16 over id,pre tail 2*i,max,submission.ipynb cell 5,source-mapped; execution pending dependencies
step2val_skew_6_20_2,ThirdFeatureGenerator:pivot,rolling mean window 16 over id,pre tail 2*i,skew,submission.ipynb cell 5,source-mapped; execution pending dependencies
step2val_corr_6_20_3,ThirdFeatureGenerator:pivot,rolling mean window 16 over id,pre tail 3*i,corr,submission.ipynb cell 5,source-mapped; execution pending dependencies
step2val_q25_6_20_3,ThirdFeatureGenerator:pivot,rolling mean window 16 over id,pre tail 3*i,q25,submission.ipynb cell 5,source-mapped; execution pending dependencies
step2val_q50_6_20_3,ThirdFeatureGenerator:pivot,rolling mean window 16 over id,pre tail 3*i,q50,submission.ipynb cell 5,source-mapped; execution pending dependencies
step2val_q75_6_20_3,ThirdFeatureGenerator:pivot,rolling mean window 16 over id,pre tail 3*i,q75,submission.ipynb cell 5,source-mapped; execution pending dependencies
step2val_mean_6_20_3,ThirdFeatureGenerator:pivot,rolling mean window 16 over id,pre tail 3*i,mean,submission.ipynb cell 5,source-mapped; execution pending dependencies
step2val_std_6_20_3,ThirdFeatureGenerator:pivot,rolling mean window 16 over id,pre tail 3*i,std,submission.ipynb cell 5,source-mapped; execution pending dependencies
step2val_min_6_20_3,ThirdFeatureGenerator:pivot,rolling mean window 16 over id,pre tail 3*i,min,submission.ipynb cell 5,source-mapped; execution pending dependencies
step2val_max_6_20_3,ThirdFeatureGenerator:pivot,rolling mean window 16 over id,pre tail 3*i,max,submission.ipynb cell 5,source-mapped; execution pending dependencies
step2val_skew_6_20_3,ThirdFeatureGenerator:pivot,rolling mean window 16 over id,pre tail 3*i,skew,submission.ipynb cell 5,source-mapped; execution pending dependencies
step2val_mean_6_20_0_diff,ThirdFeatureGenerator:diff,rolling mean window 16 over id,pre tail window i minus post head window i,mean_difference_vs_period_1,submission.ipynb cell 5,source-mapped; execution pending dependencies
step2val_std_6_20_0_diff,ThirdFeatureGenerator:diff,rolling mean window 16 over id,pre tail window i minus post head window i,std_difference_vs_period_1,submission.ipynb cell 5,source-mapped; execution pending dependencies
step2val_min_6_20_0_diff,ThirdFeatureGenerator:diff,rolling mean window 16 over id,pre tail window i minus post head window i,min_difference_vs_period_1,submission.ipynb cell 5,source-mapped; execution pending dependencies
step2val_max_6_20_0_diff,ThirdFeatureGenerator:diff,rolling mean window 16 over id,pre tail window i minus post head window i,max_difference_vs_period_1,submission.ipynb cell 5,source-mapped; execution pending dependencies
step2val_q25_6_20_0_diff,ThirdFeatureGenerator:diff,rolling mean window 16 over id,pre tail window i minus post head window i,q25_difference_vs_period_1,submission.ipynb cell 5,source-mapped; execution pending dependencies
step2val_q50_6_20_0_diff,ThirdFeatureGenerator:diff,rolling mean window 16 over id,pre tail window i minus post head window i,q50_difference_vs_period_1,submission.ipynb cell 5,source-mapped; execution pending dependencies
step2val_q75_6_20_0_diff,ThirdFeatureGenerator:diff,rolling mean window 16 over id,pre tail window i minus post head window i,q75_difference_vs_period_1,submission.ipynb cell 5,source-mapped; execution pending dependencies
step2val_corr_6_20_0_diff,ThirdFeatureGenerator:diff,rolling mean window 16 over id,pre tail window i minus post head window i,corr_difference_vs_period_1,submission.ipynb cell 5,source-mapped; execution pending dependencies
step2val_mean_6_20_2_diff,ThirdFeatureGenerator:diff,rolling mean window 16 over id,pre tail 2*i minus post head window i,mean_difference_vs_period_1,submission.ipynb cell 5,source-mapped; execution pending dependencies
step2val_std_6_20_2_diff,ThirdFeatureGenerator:diff,rolling mean window 16 over id,pre tail 2*i minus post head window i,std_difference_vs_period_1,submission.ipynb cell 5,source-mapped; execution pending dependencies
step2val_min_6_20_2_diff,ThirdFeatureGenerator:diff,rolling mean window 16 over id,pre tail 2*i minus post head window i,min_difference_vs_period_1,submission.ipynb cell 5,source-mapped; execution pending dependencies
step2val_max_6_20_2_diff,ThirdFeatureGenerator:diff,rolling mean window 16 over id,pre tail 2*i minus post head window i,max_difference_vs_period_1,submission.ipynb cell 5,source-mapped; execution pending dependencies
step2val_q25_6_20_2_diff,ThirdFeatureGenerator:diff,rolling mean window 16 over id,pre tail 2*i minus post head window i,q25_difference_vs_period_1,submission.ipynb cell 5,source-mapped; execution pending dependencies
step2val_q50_6_20_2_diff,ThirdFeatureGenerator:diff,rolling mean window 16 over id,pre tail 2*i minus post head window i,q50_difference_vs_period_1,submission.ipynb cell 5,source-mapped; execution pending dependencies
step2val_q75_6_20_2_diff,ThirdFeatureGenerator:diff,rolling mean window 16 over id,pre tail 2*i minus post head window i,q75_difference_vs_period_1,submission.ipynb cell 5,source-mapped; execution pending dependencies
step2val_corr_6_20_2_diff,ThirdFeatureGenerator:diff,rolling mean window 16 over id,pre tail 2*i minus post head window i,corr_difference_vs_period_1,submission.ipynb cell 5,source-mapped; execution pending dependencies
step2val_mean_6_20_3_diff,ThirdFeatureGenerator:diff,rolling mean window 16 over id,pre tail 3*i minus post head window i,mean_difference_vs_period_1,submission.ipynb cell 5,source-mapped; execution pending dependencies
step2val_std_6_20_3_diff,ThirdFeatureGenerator:diff,rolling mean window 16 over id,pre tail 3*i minus post head window i,std_difference_vs_period_1,submission.ipynb cell 5,source-mapped; execution pending dependencies
step2val_min_6_20_3_diff,ThirdFeatureGenerator:diff,rolling mean window 16 over id,pre tail 3*i minus post head window i,min_difference_vs_period_1,submission.ipynb cell 5,source-mapped; execution pending dependencies
step2val_max_6_20_3_diff,ThirdFeatureGenerator:diff,rolling mean window 16 over id,pre tail 3*i minus post head window i,max_difference_vs_period_1,submission.ipynb cell 5,source-mapped; execution pending dependencies
step2val_q25_6_20_3_diff,ThirdFeatureGenerator:diff,rolling mean window 16 over id,pre tail 3*i minus post head window i,q25_difference_vs_period_1,submission.ipynb cell 5,source-mapped; execution pending dependencies
step2val_q50_6_20_3_diff,ThirdFeatureGenerator:diff,rolling mean window 16 over id,pre tail 3*i minus post head window i,q50_difference_vs_period_1,submission.ipynb cell 5,source-mapped; execution pending dependencies
step2val_q75_6_20_3_diff,ThirdFeatureGenerator:diff,rolling mean window 16 over id,pre tail 3*i minus post head window i,q75_difference_vs_period_1,submission.ipynb cell 5,source-mapped; execution pending dependencies
step2val_corr_6_20_3_diff,ThirdFeatureGenerator:diff,rolling mean window 16 over id,pre tail 3*i minus post head window i,corr_difference_vs_period_1,submission.ipynb cell 5,source-mapped; execution pending dependencies
step2val_corr_7_20_0,ThirdFeatureGenerator:pivot,rolling std window 16 over id,pre tail window i,corr,submission.ipynb cell 5,source-mapped; execution pending dependencies
step2val_q25_7_20_0,ThirdFeatureGenerator:pivot,rolling std window 16 over id,pre tail window i,q25,submission.ipynb cell 5,source-mapped; execution pending dependencies
step2val_q50_7_20_0,ThirdFeatureGenerator:pivot,rolling std window 16 over id,pre tail window i,q50,submission.ipynb cell 5,source-mapped; execution pending dependencies
step2val_q75_7_20_0,ThirdFeatureGenerator:pivot,rolling std window 16 over id,pre tail window i,q75,submission.ipynb cell 5,source-mapped; execution pending dependencies
step2val_mean_7_20_0,ThirdFeatureGenerator:pivot,rolling std window 16 over id,pre tail window i,mean,submission.ipynb cell 5,source-mapped; execution pending dependencies
step2val_std_7_20_0,ThirdFeatureGenerator:pivot,rolling std window 16 over id,pre tail window i,std,submission.ipynb cell 5,source-mapped; execution pending dependencies
step2val_min_7_20_0,ThirdFeatureGenerator:pivot,rolling std window 16 over id,pre tail window i,min,submission.ipynb cell 5,source-mapped; execution pending dependencies
step2val_max_7_20_0,ThirdFeatureGenerator:pivot,rolling std window 16 over id,pre tail window i,max,submission.ipynb cell 5,source-mapped; execution pending dependencies
step2val_skew_7_20_0,ThirdFeatureGenerator:pivot,rolling std window 16 over id,pre tail window i,skew,submission.ipynb cell 5,source-mapped; execution pending dependencies
step2val_corr_7_20_1,ThirdFeatureGenerator:pivot,rolling std window 16 over id,post head window i,corr,submission.ipynb cell 5,source-mapped; execution pending dependencies
step2val_q25_7_20_1,ThirdFeatureGenerator:pivot,rolling std window 16 over id,post head window i,q25,submission.ipynb cell 5,source-mapped; execution pending dependencies
step2val_q50_7_20_1,ThirdFeatureGenerator:pivot,rolling std window 16 over id,post head window i,q50,submission.ipynb cell 5,source-mapped; execution pending dependencies
step2val_q75_7_20_1,ThirdFeatureGenerator:pivot,rolling std window 16 over id,post head window i,q75,submission.ipynb cell 5,source-mapped; execution pending dependencies
step2val_mean_7_20_1,ThirdFeatureGenerator:pivot,rolling std window 16 over id,post head window i,mean,submission.ipynb cell 5,source-mapped; execution pending dependencies
step2val_std_7_20_1,ThirdFeatureGenerator:pivot,rolling std window 16 over id,post head window i,std,submission.ipynb cell 5,source-mapped; execution pending dependencies
step2val_min_7_20_1,ThirdFeatureGenerator:pivot,rolling std window 16 over id,post head window i,min,submission.ipynb cell 5,source-mapped; execution pending dependencies
step2val_max_7_20_1,ThirdFeatureGenerator:pivot,rolling std window 16 over id,post head window i,max,submission.ipynb cell 5,source-mapped; execution pending dependencies
step2val_skew_7_20_1,ThirdFeatureGenerator:pivot,rolling std window 16 over id,post head window i,skew,submission.ipynb cell 5,source-mapped; execution pending dependencies
step2val_corr_7_20_2,ThirdFeatureGenerator:pivot,rolling std window 16 over id,pre tail 2*i,corr,submission.ipynb cell 5,source-mapped; execution pending dependencies
step2val_q25_7_20_2,ThirdFeatureGenerator:pivot,rolling std window 16 over id,pre tail 2*i,q25,submission.ipynb cell 5,source-mapped; execution pending dependencies
step2val_q50_7_20_2,ThirdFeatureGenerator:pivot,rolling std window 16 over id,pre tail 2*i,q50,submission.ipynb cell 5,source-mapped; execution pending dependencies
step2val_q75_7_20_2,ThirdFeatureGenerator:pivot,rolling std window 16 over id,pre tail 2*i,q75,submission.ipynb cell 5,source-mapped; execution pending dependencies
step2val_mean_7_20_2,ThirdFeatureGenerator:pivot,rolling std window 16 over id,pre tail 2*i,mean,submission.ipynb cell 5,source-mapped; execution pending dependencies
step2val_std_7_20_2,ThirdFeatureGenerator:pivot,rolling std window 16 over id,pre tail 2*i,std,submission.ipynb cell 5,source-mapped; execution pending dependencies
step2val_min_7_20_2,ThirdFeatureGenerator:pivot,rolling std window 16 over id,pre tail 2*i,min,submission.ipynb cell 5,source-mapped; execution pending dependencies
step2val_max_7_20_2,ThirdFeatureGenerator:pivot,rolling std window 16 over id,pre tail 2*i,max,submission.ipynb cell 5,source-mapped; execution pending dependencies
step2val_skew_7_20_2,ThirdFeatureGenerator:pivot,rolling std window 16 over id,pre tail 2*i,skew,submission.ipynb cell 5,source-mapped; execution pending dependencies
step2val_corr_7_20_3,ThirdFeatureGenerator:pivot,rolling std window 16 over id,pre tail 3*i,corr,submission.ipynb cell 5,source-mapped; execution pending dependencies
step2val_q25_7_20_3,ThirdFeatureGenerator:pivot,rolling std window 16 over id,pre tail 3*i,q25,submission.ipynb cell 5,source-mapped; execution pending dependencies
step2val_q50_7_20_3,ThirdFeatureGenerator:pivot,rolling std window 16 over id,pre tail 3*i,q50,submission.ipynb cell 5,source-mapped; execution pending dependencies
step2val_q75_7_20_3,ThirdFeatureGenerator:pivot,rolling std window 16 over id,pre tail 3*i,q75,submission.ipynb cell 5,source-mapped; execution pending dependencies
step2val_mean_7_20_3,ThirdFeatureGenerator:pivot,rolling std window 16 over id,pre tail 3*i,mean,submission.ipynb cell 5,source-mapped; execution pending dependencies
step2val_std_7_20_3,ThirdFeatureGenerator:pivot,rolling std window 16 over id,pre tail 3*i,std,submission.ipynb cell 5,source-mapped; execution pending dependencies
step2val_min_7_20_3,ThirdFeatureGenerator:pivot,rolling std window 16 over id,pre tail 3*i,min,submission.ipynb cell 5,source-mapped; execution pending dependencies
step2val_max_7_20_3,ThirdFeatureGenerator:pivot,rolling std window 16 over id,pre tail 3*i,max,submission.ipynb cell 5,source-mapped; execution pending dependencies
step2val_skew_7_20_3,ThirdFeatureGenerator:pivot,rolling std window 16 over id,pre tail 3*i,skew,submission.ipynb cell 5,source-mapped; execution pending dependencies
step2val_mean_7_20_0_diff,ThirdFeatureGenerator:diff,rolling std window 16 over id,pre tail window i minus post head window i,mean_difference_vs_period_1,submission.ipynb cell 5,source-mapped; execution pending dependencies
step2val_std_7_20_0_diff,ThirdFeatureGenerator:diff,rolling std window 16 over id,pre tail window i minus post head window i,std_difference_vs_period_1,submission.ipynb cell 5,source-mapped; execution pending dependencies
step2val_min_7_20_0_diff,ThirdFeatureGenerator:diff,rolling std window 16 over id,pre tail window i minus post head window i,min_difference_vs_period_1,submission.ipynb cell 5,source-mapped; execution pending dependencies
step2val_max_7_20_0_diff,ThirdFeatureGenerator:diff,rolling std window 16 over id,pre tail window i minus post head window i,max_difference_vs_period_1,submission.ipynb cell 5,source-mapped; execution pending dependencies
step2val_q25_7_20_0_diff,ThirdFeatureGenerator:diff,rolling std window 16 over id,pre tail window i minus post head window i,q25_difference_vs_period_1,submission.ipynb cell 5,source-mapped; execution pending dependencies
step2val_q50_7_20_0_diff,ThirdFeatureGenerator:diff,rolling std window 16 over id,pre tail window i minus post head window i,q50_difference_vs_period_1,submission.ipynb cell 5,source-mapped; execution pending dependencies
step2val_q75_7_20_0_diff,ThirdFeatureGenerator:diff,rolling std window 16 over id,pre tail window i minus post head window i,q75_difference_vs_period_1,submission.ipynb cell 5,source-mapped; execution pending dependencies
step2val_corr_7_20_0_diff,ThirdFeatureGenerator:diff,rolling std window 16 over id,pre tail window i minus post head window i,corr_difference_vs_period_1,submission.ipynb cell 5,source-mapped; execution pending dependencies
step2val_mean_7_20_2_diff,ThirdFeatureGenerator:diff,rolling std window 16 over id,pre tail 2*i minus post head window i,mean_difference_vs_period_1,submission.ipynb cell 5,source-mapped; execution pending dependencies
step2val_std_7_20_2_diff,ThirdFeatureGenerator:diff,rolling std window 16 over id,pre tail 2*i minus post head window i,std_difference_vs_period_1,submission.ipynb cell 5,source-mapped; execution pending dependencies
step2val_min_7_20_2_diff,ThirdFeatureGenerator:diff,rolling std window 16 over id,pre tail 2*i minus post head window i,min_difference_vs_period_1,submission.ipynb cell 5,source-mapped; execution pending dependencies
step2val_max_7_20_2_diff,ThirdFeatureGenerator:diff,rolling std window 16 over id,pre tail 2*i minus post head window i,max_difference_vs_period_1,submission.ipynb cell 5,source-mapped; execution pending dependencies
step2val_q25_7_20_2_diff,ThirdFeatureGenerator:diff,rolling std window 16 over id,pre tail 2*i minus post head window i,q25_difference_vs_period_1,submission.ipynb cell 5,source-mapped; execution pending dependencies
step2val_q50_7_20_2_diff,ThirdFeatureGenerator:diff,rolling std window 16 over id,pre tail 2*i minus post head window i,q50_difference_vs_period_1,submission.ipynb cell 5,source-mapped; execution pending dependencies
step2val_q75_7_20_2_diff,ThirdFeatureGenerator:diff,rolling std window 16 over id,pre tail 2*i minus post head window i,q75_difference_vs_period_1,submission.ipynb cell 5,source-mapped; execution pending dependencies
step2val_corr_7_20_2_diff,ThirdFeatureGenerator:diff,rolling std window 16 over id,pre tail 2*i minus post head window i,corr_difference_vs_period_1,submission.ipynb cell 5,source-mapped; execution pending dependencies
step2val_mean_7_20_3_diff,ThirdFeatureGenerator:diff,rolling std window 16 over id,pre tail 3*i minus post head window i,mean_difference_vs_period_1,submission.ipynb cell 5,source-mapped; execution pending dependencies
step2val_std_7_20_3_diff,ThirdFeatureGenerator:diff,rolling std window 16 over id,pre tail 3*i minus post head window i,std_difference_vs_period_1,submission.ipynb cell 5,source-mapped; execution pending dependencies
step2val_min_7_20_3_diff,ThirdFeatureGenerator:diff,rolling std window 16 over id,pre tail 3*i minus post head window i,min_difference_vs_period_1,submission.ipynb cell 5,source-mapped; execution pending dependencies
step2val_max_7_20_3_diff,ThirdFeatureGenerator:diff,rolling std window 16 over id,pre tail 3*i minus post head window i,max_difference_vs_period_1,submission.ipynb cell 5,source-mapped; execution pending dependencies
step2val_q25_7_20_3_diff,ThirdFeatureGenerator:diff,rolling std window 16 over id,pre tail 3*i minus post head window i,q25_difference_vs_period_1,submission.ipynb cell 5,source-mapped; execution pending dependencies
step2val_q50_7_20_3_diff,ThirdFeatureGenerator:diff,rolling std window 16 over id,pre tail 3*i minus post head window i,q50_difference_vs_period_1,submission.ipynb cell 5,source-mapped; execution pending dependencies
step2val_q75_7_20_3_diff,ThirdFeatureGenerator:diff,rolling std window 16 over id,pre tail 3*i minus post head window i,q75_difference_vs_period_1,submission.ipynb cell 5,source-mapped; execution pending dependencies
step2val_corr_7_20_3_diff,ThirdFeatureGenerator:diff,rolling std window 16 over id,pre tail 3*i minus post head window i,corr_difference_vs_period_1,submission.ipynb cell 5,source-mapped; execution pending dependencies
step2val_corr_1_60_0,ThirdFeatureGenerator:pivot,raw value,pre tail window i,corr,submission.ipynb cell 5,source-mapped; execution pending dependencies
step2val_q25_1_60_0,ThirdFeatureGenerator:pivot,raw value,pre tail window i,q25,submission.ipynb cell 5,source-mapped; execution pending dependencies
step2val_q50_1_60_0,ThirdFeatureGenerator:pivot,raw value,pre tail window i,q50,submission.ipynb cell 5,source-mapped; execution pending dependencies
step2val_q75_1_60_0,ThirdFeatureGenerator:pivot,raw value,pre tail window i,q75,submission.ipynb cell 5,source-mapped; execution pending dependencies
step2val_mean_1_60_0,ThirdFeatureGenerator:pivot,raw value,pre tail window i,mean,submission.ipynb cell 5,source-mapped; execution pending dependencies
step2val_std_1_60_0,ThirdFeatureGenerator:pivot,raw value,pre tail window i,std,submission.ipynb cell 5,source-mapped; execution pending dependencies
step2val_min_1_60_0,ThirdFeatureGenerator:pivot,raw value,pre tail window i,min,submission.ipynb cell 5,source-mapped; execution pending dependencies
step2val_max_1_60_0,ThirdFeatureGenerator:pivot,raw value,pre tail window i,max,submission.ipynb cell 5,source-mapped; execution pending dependencies
step2val_skew_1_60_0,ThirdFeatureGenerator:pivot,raw value,pre tail window i,skew,submission.ipynb cell 5,source-mapped; execution pending dependencies
step2val_corr_1_60_1,ThirdFeatureGenerator:pivot,raw value,post head window i,corr,submission.ipynb cell 5,source-mapped; execution pending dependencies
step2val_q25_1_60_1,ThirdFeatureGenerator:pivot,raw value,post head window i,q25,submission.ipynb cell 5,source-mapped; execution pending dependencies
step2val_q50_1_60_1,ThirdFeatureGenerator:pivot,raw value,post head window i,q50,submission.ipynb cell 5,source-mapped; execution pending dependencies
step2val_q75_1_60_1,ThirdFeatureGenerator:pivot,raw value,post head window i,q75,submission.ipynb cell 5,source-mapped; execution pending dependencies
step2val_mean_1_60_1,ThirdFeatureGenerator:pivot,raw value,post head window i,mean,submission.ipynb cell 5,source-mapped; execution pending dependencies
step2val_std_1_60_1,ThirdFeatureGenerator:pivot,raw value,post head window i,std,submission.ipynb cell 5,source-mapped; execution pending dependencies
step2val_min_1_60_1,ThirdFeatureGenerator:pivot,raw value,post head window i,min,submission.ipynb cell 5,source-mapped; execution pending dependencies
step2val_max_1_60_1,ThirdFeatureGenerator:pivot,raw value,post head window i,max,submission.ipynb cell 5,source-mapped; execution pending dependencies
step2val_skew_1_60_1,ThirdFeatureGenerator:pivot,raw value,post head window i,skew,submission.ipynb cell 5,source-mapped; execution pending dependencies
step2val_corr_1_60_2,ThirdFeatureGenerator:pivot,raw value,pre tail 2*i,corr,submission.ipynb cell 5,source-mapped; execution pending dependencies
step2val_q25_1_60_2,ThirdFeatureGenerator:pivot,raw value,pre tail 2*i,q25,submission.ipynb cell 5,source-mapped; execution pending dependencies
step2val_q50_1_60_2,ThirdFeatureGenerator:pivot,raw value,pre tail 2*i,q50,submission.ipynb cell 5,source-mapped; execution pending dependencies
step2val_q75_1_60_2,ThirdFeatureGenerator:pivot,raw value,pre tail 2*i,q75,submission.ipynb cell 5,source-mapped; execution pending dependencies
step2val_mean_1_60_2,ThirdFeatureGenerator:pivot,raw value,pre tail 2*i,mean,submission.ipynb cell 5,source-mapped; execution pending dependencies
step2val_std_1_60_2,ThirdFeatureGenerator:pivot,raw value,pre tail 2*i,std,submission.ipynb cell 5,source-mapped; execution pending dependencies
step2val_min_1_60_2,ThirdFeatureGenerator:pivot,raw value,pre tail 2*i,min,submission.ipynb cell 5,source-mapped; execution pending dependencies
step2val_max_1_60_2,ThirdFeatureGenerator:pivot,raw value,pre tail 2*i,max,submission.ipynb cell 5,source-mapped; execution pending dependencies
step2val_skew_1_60_2,ThirdFeatureGenerator:pivot,raw value,pre tail 2*i,skew,submission.ipynb cell 5,source-mapped; execution pending dependencies
step2val_corr_1_60_3,ThirdFeatureGenerator:pivot,raw value,pre tail 3*i,corr,submission.ipynb cell 5,source-mapped; execution pending dependencies
step2val_q25_1_60_3,ThirdFeatureGenerator:pivot,raw value,pre tail 3*i,q25,submission.ipynb cell 5,source-mapped; execution pending dependencies
step2val_q50_1_60_3,ThirdFeatureGenerator:pivot,raw value,pre tail 3*i,q50,submission.ipynb cell 5,source-mapped; execution pending dependencies
step2val_q75_1_60_3,ThirdFeatureGenerator:pivot,raw value,pre tail 3*i,q75,submission.ipynb cell 5,source-mapped; execution pending dependencies
step2val_mean_1_60_3,ThirdFeatureGenerator:pivot,raw value,pre tail 3*i,mean,submission.ipynb cell 5,source-mapped; execution pending dependencies
step2val_std_1_60_3,ThirdFeatureGenerator:pivot,raw value,pre tail 3*i,std,submission.ipynb cell 5,source-mapped; execution pending dependencies
step2val_min_1_60_3,ThirdFeatureGenerator:pivot,raw value,pre tail 3*i,min,submission.ipynb cell 5,source-mapped; execution pending dependencies
step2val_max_1_60_3,ThirdFeatureGenerator:pivot,raw value,pre tail 3*i,max,submission.ipynb cell 5,source-mapped; execution pending dependencies
step2val_skew_1_60_3,ThirdFeatureGenerator:pivot,raw value,pre tail 3*i,skew,submission.ipynb cell 5,source-mapped; execution pending dependencies
step2val_mean_1_60_0_diff,ThirdFeatureGenerator:diff,raw value,pre tail window i minus post head window i,mean_difference_vs_period_1,submission.ipynb cell 5,source-mapped; execution pending dependencies
step2val_std_1_60_0_diff,ThirdFeatureGenerator:diff,raw value,pre tail window i minus post head window i,std_difference_vs_period_1,submission.ipynb cell 5,source-mapped; execution pending dependencies
step2val_min_1_60_0_diff,ThirdFeatureGenerator:diff,raw value,pre tail window i minus post head window i,min_difference_vs_period_1,submission.ipynb cell 5,source-mapped; execution pending dependencies
step2val_max_1_60_0_diff,ThirdFeatureGenerator:diff,raw value,pre tail window i minus post head window i,max_difference_vs_period_1,submission.ipynb cell 5,source-mapped; execution pending dependencies
step2val_q25_1_60_0_diff,ThirdFeatureGenerator:diff,raw value,pre tail window i minus post head window i,q25_difference_vs_period_1,submission.ipynb cell 5,source-mapped; execution pending dependencies
step2val_q50_1_60_0_diff,ThirdFeatureGenerator:diff,raw value,pre tail window i minus post head window i,q50_difference_vs_period_1,submission.ipynb cell 5,source-mapped; execution pending dependencies
step2val_q75_1_60_0_diff,ThirdFeatureGenerator:diff,raw value,pre tail window i minus post head window i,q75_difference_vs_period_1,submission.ipynb cell 5,source-mapped; execution pending dependencies
step2val_corr_1_60_0_diff,ThirdFeatureGenerator:diff,raw value,pre tail window i minus post head window i,corr_difference_vs_period_1,submission.ipynb cell 5,source-mapped; execution pending dependencies
step2val_mean_1_60_2_diff,ThirdFeatureGenerator:diff,raw value,pre tail 2*i minus post head window i,mean_difference_vs_period_1,submission.ipynb cell 5,source-mapped; execution pending dependencies
step2val_std_1_60_2_diff,ThirdFeatureGenerator:diff,raw value,pre tail 2*i minus post head window i,std_difference_vs_period_1,submission.ipynb cell 5,source-mapped; execution pending dependencies
step2val_min_1_60_2_diff,ThirdFeatureGenerator:diff,raw value,pre tail 2*i minus post head window i,min_difference_vs_period_1,submission.ipynb cell 5,source-mapped; execution pending dependencies
step2val_max_1_60_2_diff,ThirdFeatureGenerator:diff,raw value,pre tail 2*i minus post head window i,max_difference_vs_period_1,submission.ipynb cell 5,source-mapped; execution pending dependencies
step2val_q25_1_60_2_diff,ThirdFeatureGenerator:diff,raw value,pre tail 2*i minus post head window i,q25_difference_vs_period_1,submission.ipynb cell 5,source-mapped; execution pending dependencies
step2val_q50_1_60_2_diff,ThirdFeatureGenerator:diff,raw value,pre tail 2*i minus post head window i,q50_difference_vs_period_1,submission.ipynb cell 5,source-mapped; execution pending dependencies
step2val_q75_1_60_2_diff,ThirdFeatureGenerator:diff,raw value,pre tail 2*i minus post head window i,q75_difference_vs_period_1,submission.ipynb cell 5,source-mapped; execution pending dependencies
step2val_corr_1_60_2_diff,ThirdFeatureGenerator:diff,raw value,pre tail 2*i minus post head window i,corr_difference_vs_period_1,submission.ipynb cell 5,source-mapped; execution pending dependencies
step2val_mean_1_60_3_diff,ThirdFeatureGenerator:diff,raw value,pre tail 3*i minus post head window i,mean_difference_vs_period_1,submission.ipynb cell 5,source-mapped; execution pending dependencies
step2val_std_1_60_3_diff,ThirdFeatureGenerator:diff,raw value,pre tail 3*i minus post head window i,std_difference_vs_period_1,submission.ipynb cell 5,source-mapped; execution pending dependencies
step2val_min_1_60_3_diff,ThirdFeatureGenerator:diff,raw value,pre tail 3*i minus post head window i,min_difference_vs_period_1,submission.ipynb cell 5,source-mapped; execution pending dependencies
step2val_max_1_60_3_diff,ThirdFeatureGenerator:diff,raw value,pre tail 3*i minus post head window i,max_difference_vs_period_1,submission.ipynb cell 5,source-mapped; execution pending dependencies
step2val_q25_1_60_3_diff,ThirdFeatureGenerator:diff,raw value,pre tail 3*i minus post head window i,q25_difference_vs_period_1,submission.ipynb cell 5,source-mapped; execution pending dependencies
step2val_q50_1_60_3_diff,ThirdFeatureGenerator:diff,raw value,pre tail 3*i minus post head window i,q50_difference_vs_period_1,submission.ipynb cell 5,source-mapped; execution pending dependencies
step2val_q75_1_60_3_diff,ThirdFeatureGenerator:diff,raw value,pre tail 3*i minus post head window i,q75_difference_vs_period_1,submission.ipynb cell 5,source-mapped; execution pending dependencies
step2val_corr_1_60_3_diff,ThirdFeatureGenerator:diff,raw value,pre tail 3*i minus post head window i,corr_difference_vs_period_1,submission.ipynb cell 5,source-mapped; execution pending dependencies
step2val_corr_2_60_0,ThirdFeatureGenerator:pivot,zscore over id using Polars std,pre tail window i,corr,submission.ipynb cell 5,source-mapped; execution pending dependencies
step2val_q25_2_60_0,ThirdFeatureGenerator:pivot,zscore over id using Polars std,pre tail window i,q25,submission.ipynb cell 5,source-mapped; execution pending dependencies
step2val_q50_2_60_0,ThirdFeatureGenerator:pivot,zscore over id using Polars std,pre tail window i,q50,submission.ipynb cell 5,source-mapped; execution pending dependencies
step2val_q75_2_60_0,ThirdFeatureGenerator:pivot,zscore over id using Polars std,pre tail window i,q75,submission.ipynb cell 5,source-mapped; execution pending dependencies
step2val_mean_2_60_0,ThirdFeatureGenerator:pivot,zscore over id using Polars std,pre tail window i,mean,submission.ipynb cell 5,source-mapped; execution pending dependencies
step2val_std_2_60_0,ThirdFeatureGenerator:pivot,zscore over id using Polars std,pre tail window i,std,submission.ipynb cell 5,source-mapped; execution pending dependencies
step2val_min_2_60_0,ThirdFeatureGenerator:pivot,zscore over id using Polars std,pre tail window i,min,submission.ipynb cell 5,source-mapped; execution pending dependencies
step2val_max_2_60_0,ThirdFeatureGenerator:pivot,zscore over id using Polars std,pre tail window i,max,submission.ipynb cell 5,source-mapped; execution pending dependencies
step2val_skew_2_60_0,ThirdFeatureGenerator:pivot,zscore over id using Polars std,pre tail window i,skew,submission.ipynb cell 5,source-mapped; execution pending dependencies
step2val_corr_2_60_1,ThirdFeatureGenerator:pivot,zscore over id using Polars std,post head window i,corr,submission.ipynb cell 5,source-mapped; execution pending dependencies
step2val_q25_2_60_1,ThirdFeatureGenerator:pivot,zscore over id using Polars std,post head window i,q25,submission.ipynb cell 5,source-mapped; execution pending dependencies
step2val_q50_2_60_1,ThirdFeatureGenerator:pivot,zscore over id using Polars std,post head window i,q50,submission.ipynb cell 5,source-mapped; execution pending dependencies
step2val_q75_2_60_1,ThirdFeatureGenerator:pivot,zscore over id using Polars std,post head window i,q75,submission.ipynb cell 5,source-mapped; execution pending dependencies
step2val_mean_2_60_1,ThirdFeatureGenerator:pivot,zscore over id using Polars std,post head window i,mean,submission.ipynb cell 5,source-mapped; execution pending dependencies
step2val_std_2_60_1,ThirdFeatureGenerator:pivot,zscore over id using Polars std,post head window i,std,submission.ipynb cell 5,source-mapped; execution pending dependencies
step2val_min_2_60_1,ThirdFeatureGenerator:pivot,zscore over id using Polars std,post head window i,min,submission.ipynb cell 5,source-mapped; execution pending dependencies
step2val_max_2_60_1,ThirdFeatureGenerator:pivot,zscore over id using Polars std,post head window i,max,submission.ipynb cell 5,source-mapped; execution pending dependencies
step2val_skew_2_60_1,ThirdFeatureGenerator:pivot,zscore over id using Polars std,post head window i,skew,submission.ipynb cell 5,source-mapped; execution pending dependencies
step2val_corr_2_60_2,ThirdFeatureGenerator:pivot,zscore over id using Polars std,pre tail 2*i,corr,submission.ipynb cell 5,source-mapped; execution pending dependencies
step2val_q25_2_60_2,ThirdFeatureGenerator:pivot,zscore over id using Polars std,pre tail 2*i,q25,submission.ipynb cell 5,source-mapped; execution pending dependencies
step2val_q50_2_60_2,ThirdFeatureGenerator:pivot,zscore over id using Polars std,pre tail 2*i,q50,submission.ipynb cell 5,source-mapped; execution pending dependencies
step2val_q75_2_60_2,ThirdFeatureGenerator:pivot,zscore over id using Polars std,pre tail 2*i,q75,submission.ipynb cell 5,source-mapped; execution pending dependencies
step2val_mean_2_60_2,ThirdFeatureGenerator:pivot,zscore over id using Polars std,pre tail 2*i,mean,submission.ipynb cell 5,source-mapped; execution pending dependencies
step2val_std_2_60_2,ThirdFeatureGenerator:pivot,zscore over id using Polars std,pre tail 2*i,std,submission.ipynb cell 5,source-mapped; execution pending dependencies
step2val_min_2_60_2,ThirdFeatureGenerator:pivot,zscore over id using Polars std,pre tail 2*i,min,submission.ipynb cell 5,source-mapped; execution pending dependencies
step2val_max_2_60_2,ThirdFeatureGenerator:pivot,zscore over id using Polars std,pre tail 2*i,max,submission.ipynb cell 5,source-mapped; execution pending dependencies
step2val_skew_2_60_2,ThirdFeatureGenerator:pivot,zscore over id using Polars std,pre tail 2*i,skew,submission.ipynb cell 5,source-mapped; execution pending dependencies
step2val_corr_2_60_3,ThirdFeatureGenerator:pivot,zscore over id using Polars std,pre tail 3*i,corr,submission.ipynb cell 5,source-mapped; execution pending dependencies
step2val_q25_2_60_3,ThirdFeatureGenerator:pivot,zscore over id using Polars std,pre tail 3*i,q25,submission.ipynb cell 5,source-mapped; execution pending dependencies
step2val_q50_2_60_3,ThirdFeatureGenerator:pivot,zscore over id using Polars std,pre tail 3*i,q50,submission.ipynb cell 5,source-mapped; execution pending dependencies
step2val_q75_2_60_3,ThirdFeatureGenerator:pivot,zscore over id using Polars std,pre tail 3*i,q75,submission.ipynb cell 5,source-mapped; execution pending dependencies
step2val_mean_2_60_3,ThirdFeatureGenerator:pivot,zscore over id using Polars std,pre tail 3*i,mean,submission.ipynb cell 5,source-mapped; execution pending dependencies
step2val_std_2_60_3,ThirdFeatureGenerator:pivot,zscore over id using Polars std,pre tail 3*i,std,submission.ipynb cell 5,source-mapped; execution pending dependencies
step2val_min_2_60_3,ThirdFeatureGenerator:pivot,zscore over id using Polars std,pre tail 3*i,min,submission.ipynb cell 5,source-mapped; execution pending dependencies
step2val_max_2_60_3,ThirdFeatureGenerator:pivot,zscore over id using Polars std,pre tail 3*i,max,submission.ipynb cell 5,source-mapped; execution pending dependencies
step2val_skew_2_60_3,ThirdFeatureGenerator:pivot,zscore over id using Polars std,pre tail 3*i,skew,submission.ipynb cell 5,source-mapped; execution pending dependencies
step2val_mean_2_60_0_diff,ThirdFeatureGenerator:diff,zscore over id using Polars std,pre tail window i minus post head window i,mean_difference_vs_period_1,submission.ipynb cell 5,source-mapped; execution pending dependencies
step2val_std_2_60_0_diff,ThirdFeatureGenerator:diff,zscore over id using Polars std,pre tail window i minus post head window i,std_difference_vs_period_1,submission.ipynb cell 5,source-mapped; execution pending dependencies
step2val_min_2_60_0_diff,ThirdFeatureGenerator:diff,zscore over id using Polars std,pre tail window i minus post head window i,min_difference_vs_period_1,submission.ipynb cell 5,source-mapped; execution pending dependencies
step2val_max_2_60_0_diff,ThirdFeatureGenerator:diff,zscore over id using Polars std,pre tail window i minus post head window i,max_difference_vs_period_1,submission.ipynb cell 5,source-mapped; execution pending dependencies
step2val_q25_2_60_0_diff,ThirdFeatureGenerator:diff,zscore over id using Polars std,pre tail window i minus post head window i,q25_difference_vs_period_1,submission.ipynb cell 5,source-mapped; execution pending dependencies
step2val_q50_2_60_0_diff,ThirdFeatureGenerator:diff,zscore over id using Polars std,pre tail window i minus post head window i,q50_difference_vs_period_1,submission.ipynb cell 5,source-mapped; execution pending dependencies
step2val_q75_2_60_0_diff,ThirdFeatureGenerator:diff,zscore over id using Polars std,pre tail window i minus post head window i,q75_difference_vs_period_1,submission.ipynb cell 5,source-mapped; execution pending dependencies
step2val_corr_2_60_0_diff,ThirdFeatureGenerator:diff,zscore over id using Polars std,pre tail window i minus post head window i,corr_difference_vs_period_1,submission.ipynb cell 5,source-mapped; execution pending dependencies
step2val_mean_2_60_2_diff,ThirdFeatureGenerator:diff,zscore over id using Polars std,pre tail 2*i minus post head window i,mean_difference_vs_period_1,submission.ipynb cell 5,source-mapped; execution pending dependencies
step2val_std_2_60_2_diff,ThirdFeatureGenerator:diff,zscore over id using Polars std,pre tail 2*i minus post head window i,std_difference_vs_period_1,submission.ipynb cell 5,source-mapped; execution pending dependencies
step2val_min_2_60_2_diff,ThirdFeatureGenerator:diff,zscore over id using Polars std,pre tail 2*i minus post head window i,min_difference_vs_period_1,submission.ipynb cell 5,source-mapped; execution pending dependencies
step2val_max_2_60_2_diff,ThirdFeatureGenerator:diff,zscore over id using Polars std,pre tail 2*i minus post head window i,max_difference_vs_period_1,submission.ipynb cell 5,source-mapped; execution pending dependencies
step2val_q25_2_60_2_diff,ThirdFeatureGenerator:diff,zscore over id using Polars std,pre tail 2*i minus post head window i,q25_difference_vs_period_1,submission.ipynb cell 5,source-mapped; execution pending dependencies
step2val_q50_2_60_2_diff,ThirdFeatureGenerator:diff,zscore over id using Polars std,pre tail 2*i minus post head window i,q50_difference_vs_period_1,submission.ipynb cell 5,source-mapped; execution pending dependencies
step2val_q75_2_60_2_diff,ThirdFeatureGenerator:diff,zscore over id using Polars std,pre tail 2*i minus post head window i,q75_difference_vs_period_1,submission.ipynb cell 5,source-mapped; execution pending dependencies
step2val_corr_2_60_2_diff,ThirdFeatureGenerator:diff,zscore over id using Polars std,pre tail 2*i minus post head window i,corr_difference_vs_period_1,submission.ipynb cell 5,source-mapped; execution pending dependencies
step2val_mean_2_60_3_diff,ThirdFeatureGenerator:diff,zscore over id using Polars std,pre tail 3*i minus post head window i,mean_difference_vs_period_1,submission.ipynb cell 5,source-mapped; execution pending dependencies
step2val_std_2_60_3_diff,ThirdFeatureGenerator:diff,zscore over id using Polars std,pre tail 3*i minus post head window i,std_difference_vs_period_1,submission.ipynb cell 5,source-mapped; execution pending dependencies
step2val_min_2_60_3_diff,ThirdFeatureGenerator:diff,zscore over id using Polars std,pre tail 3*i minus post head window i,min_difference_vs_period_1,submission.ipynb cell 5,source-mapped; execution pending dependencies
step2val_max_2_60_3_diff,ThirdFeatureGenerator:diff,zscore over id using Polars std,pre tail 3*i minus post head window i,max_difference_vs_period_1,submission.ipynb cell 5,source-mapped; execution pending dependencies
step2val_q25_2_60_3_diff,ThirdFeatureGenerator:diff,zscore over id using Polars std,pre tail 3*i minus post head window i,q25_difference_vs_period_1,submission.ipynb cell 5,source-mapped; execution pending dependencies
step2val_q50_2_60_3_diff,ThirdFeatureGenerator:diff,zscore over id using Polars std,pre tail 3*i minus post head window i,q50_difference_vs_period_1,submission.ipynb cell 5,source-mapped; execution pending dependencies
step2val_q75_2_60_3_diff,ThirdFeatureGenerator:diff,zscore over id using Polars std,pre tail 3*i minus post head window i,q75_difference_vs_period_1,submission.ipynb cell 5,source-mapped; execution pending dependencies
step2val_corr_2_60_3_diff,ThirdFeatureGenerator:diff,zscore over id using Polars std,pre tail 3*i minus post head window i,corr_difference_vs_period_1,submission.ipynb cell 5,source-mapped; execution pending dependencies
step2val_corr_3_60_0,ThirdFeatureGenerator:pivot,cumulative sum over id,pre tail window i,corr,submission.ipynb cell 5,source-mapped; execution pending dependencies
step2val_q25_3_60_0,ThirdFeatureGenerator:pivot,cumulative sum over id,pre tail window i,q25,submission.ipynb cell 5,source-mapped; execution pending dependencies
step2val_q50_3_60_0,ThirdFeatureGenerator:pivot,cumulative sum over id,pre tail window i,q50,submission.ipynb cell 5,source-mapped; execution pending dependencies
step2val_q75_3_60_0,ThirdFeatureGenerator:pivot,cumulative sum over id,pre tail window i,q75,submission.ipynb cell 5,source-mapped; execution pending dependencies
step2val_mean_3_60_0,ThirdFeatureGenerator:pivot,cumulative sum over id,pre tail window i,mean,submission.ipynb cell 5,source-mapped; execution pending dependencies
step2val_std_3_60_0,ThirdFeatureGenerator:pivot,cumulative sum over id,pre tail window i,std,submission.ipynb cell 5,source-mapped; execution pending dependencies
step2val_min_3_60_0,ThirdFeatureGenerator:pivot,cumulative sum over id,pre tail window i,min,submission.ipynb cell 5,source-mapped; execution pending dependencies
step2val_max_3_60_0,ThirdFeatureGenerator:pivot,cumulative sum over id,pre tail window i,max,submission.ipynb cell 5,source-mapped; execution pending dependencies
step2val_skew_3_60_0,ThirdFeatureGenerator:pivot,cumulative sum over id,pre tail window i,skew,submission.ipynb cell 5,source-mapped; execution pending dependencies
step2val_corr_3_60_1,ThirdFeatureGenerator:pivot,cumulative sum over id,post head window i,corr,submission.ipynb cell 5,source-mapped; execution pending dependencies
step2val_q25_3_60_1,ThirdFeatureGenerator:pivot,cumulative sum over id,post head window i,q25,submission.ipynb cell 5,source-mapped; execution pending dependencies
step2val_q50_3_60_1,ThirdFeatureGenerator:pivot,cumulative sum over id,post head window i,q50,submission.ipynb cell 5,source-mapped; execution pending dependencies
step2val_q75_3_60_1,ThirdFeatureGenerator:pivot,cumulative sum over id,post head window i,q75,submission.ipynb cell 5,source-mapped; execution pending dependencies
step2val_mean_3_60_1,ThirdFeatureGenerator:pivot,cumulative sum over id,post head window i,mean,submission.ipynb cell 5,source-mapped; execution pending dependencies
step2val_std_3_60_1,ThirdFeatureGenerator:pivot,cumulative sum over id,post head window i,std,submission.ipynb cell 5,source-mapped; execution pending dependencies
step2val_min_3_60_1,ThirdFeatureGenerator:pivot,cumulative sum over id,post head window i,min,submission.ipynb cell 5,source-mapped; execution pending dependencies
step2val_max_3_60_1,ThirdFeatureGenerator:pivot,cumulative sum over id,post head window i,max,submission.ipynb cell 5,source-mapped; execution pending dependencies
step2val_skew_3_60_1,ThirdFeatureGenerator:pivot,cumulative sum over id,post head window i,skew,submission.ipynb cell 5,source-mapped; execution pending dependencies
step2val_corr_3_60_2,ThirdFeatureGenerator:pivot,cumulative sum over id,pre tail 2*i,corr,submission.ipynb cell 5,source-mapped; execution pending dependencies
step2val_q25_3_60_2,ThirdFeatureGenerator:pivot,cumulative sum over id,pre tail 2*i,q25,submission.ipynb cell 5,source-mapped; execution pending dependencies
step2val_q50_3_60_2,ThirdFeatureGenerator:pivot,cumulative sum over id,pre tail 2*i,q50,submission.ipynb cell 5,source-mapped; execution pending dependencies
step2val_q75_3_60_2,ThirdFeatureGenerator:pivot,cumulative sum over id,pre tail 2*i,q75,submission.ipynb cell 5,source-mapped; execution pending dependencies
step2val_mean_3_60_2,ThirdFeatureGenerator:pivot,cumulative sum over id,pre tail 2*i,mean,submission.ipynb cell 5,source-mapped; execution pending dependencies
step2val_std_3_60_2,ThirdFeatureGenerator:pivot,cumulative sum over id,pre tail 2*i,std,submission.ipynb cell 5,source-mapped; execution pending dependencies
step2val_min_3_60_2,ThirdFeatureGenerator:pivot,cumulative sum over id,pre tail 2*i,min,submission.ipynb cell 5,source-mapped; execution pending dependencies
step2val_max_3_60_2,ThirdFeatureGenerator:pivot,cumulative sum over id,pre tail 2*i,max,submission.ipynb cell 5,source-mapped; execution pending dependencies
step2val_skew_3_60_2,ThirdFeatureGenerator:pivot,cumulative sum over id,pre tail 2*i,skew,submission.ipynb cell 5,source-mapped; execution pending dependencies
step2val_corr_3_60_3,ThirdFeatureGenerator:pivot,cumulative sum over id,pre tail 3*i,corr,submission.ipynb cell 5,source-mapped; execution pending dependencies
step2val_q25_3_60_3,ThirdFeatureGenerator:pivot,cumulative sum over id,pre tail 3*i,q25,submission.ipynb cell 5,source-mapped; execution pending dependencies
step2val_q50_3_60_3,ThirdFeatureGenerator:pivot,cumulative sum over id,pre tail 3*i,q50,submission.ipynb cell 5,source-mapped; execution pending dependencies
step2val_q75_3_60_3,ThirdFeatureGenerator:pivot,cumulative sum over id,pre tail 3*i,q75,submission.ipynb cell 5,source-mapped; execution pending dependencies
step2val_mean_3_60_3,ThirdFeatureGenerator:pivot,cumulative sum over id,pre tail 3*i,mean,submission.ipynb cell 5,source-mapped; execution pending dependencies
step2val_std_3_60_3,ThirdFeatureGenerator:pivot,cumulative sum over id,pre tail 3*i,std,submission.ipynb cell 5,source-mapped; execution pending dependencies
step2val_min_3_60_3,ThirdFeatureGenerator:pivot,cumulative sum over id,pre tail 3*i,min,submission.ipynb cell 5,source-mapped; execution pending dependencies
step2val_max_3_60_3,ThirdFeatureGenerator:pivot,cumulative sum over id,pre tail 3*i,max,submission.ipynb cell 5,source-mapped; execution pending dependencies
step2val_skew_3_60_3,ThirdFeatureGenerator:pivot,cumulative sum over id,pre tail 3*i,skew,submission.ipynb cell 5,source-mapped; execution pending dependencies
step2val_mean_3_60_0_diff,ThirdFeatureGenerator:diff,cumulative sum over id,pre tail window i minus post head window i,mean_difference_vs_period_1,submission.ipynb cell 5,source-mapped; execution pending dependencies
step2val_std_3_60_0_diff,ThirdFeatureGenerator:diff,cumulative sum over id,pre tail window i minus post head window i,std_difference_vs_period_1,submission.ipynb cell 5,source-mapped; execution pending dependencies
step2val_min_3_60_0_diff,ThirdFeatureGenerator:diff,cumulative sum over id,pre tail window i minus post head window i,min_difference_vs_period_1,submission.ipynb cell 5,source-mapped; execution pending dependencies
step2val_max_3_60_0_diff,ThirdFeatureGenerator:diff,cumulative sum over id,pre tail window i minus post head window i,max_difference_vs_period_1,submission.ipynb cell 5,source-mapped; execution pending dependencies
step2val_q25_3_60_0_diff,ThirdFeatureGenerator:diff,cumulative sum over id,pre tail window i minus post head window i,q25_difference_vs_period_1,submission.ipynb cell 5,source-mapped; execution pending dependencies
step2val_q50_3_60_0_diff,ThirdFeatureGenerator:diff,cumulative sum over id,pre tail window i minus post head window i,q50_difference_vs_period_1,submission.ipynb cell 5,source-mapped; execution pending dependencies
step2val_q75_3_60_0_diff,ThirdFeatureGenerator:diff,cumulative sum over id,pre tail window i minus post head window i,q75_difference_vs_period_1,submission.ipynb cell 5,source-mapped; execution pending dependencies
step2val_corr_3_60_0_diff,ThirdFeatureGenerator:diff,cumulative sum over id,pre tail window i minus post head window i,corr_difference_vs_period_1,submission.ipynb cell 5,source-mapped; execution pending dependencies
step2val_mean_3_60_2_diff,ThirdFeatureGenerator:diff,cumulative sum over id,pre tail 2*i minus post head window i,mean_difference_vs_period_1,submission.ipynb cell 5,source-mapped; execution pending dependencies
step2val_std_3_60_2_diff,ThirdFeatureGenerator:diff,cumulative sum over id,pre tail 2*i minus post head window i,std_difference_vs_period_1,submission.ipynb cell 5,source-mapped; execution pending dependencies
step2val_min_3_60_2_diff,ThirdFeatureGenerator:diff,cumulative sum over id,pre tail 2*i minus post head window i,min_difference_vs_period_1,submission.ipynb cell 5,source-mapped; execution pending dependencies
step2val_max_3_60_2_diff,ThirdFeatureGenerator:diff,cumulative sum over id,pre tail 2*i minus post head window i,max_difference_vs_period_1,submission.ipynb cell 5,source-mapped; execution pending dependencies
step2val_q25_3_60_2_diff,ThirdFeatureGenerator:diff,cumulative sum over id,pre tail 2*i minus post head window i,q25_difference_vs_period_1,submission.ipynb cell 5,source-mapped; execution pending dependencies
step2val_q50_3_60_2_diff,ThirdFeatureGenerator:diff,cumulative sum over id,pre tail 2*i minus post head window i,q50_difference_vs_period_1,submission.ipynb cell 5,source-mapped; execution pending dependencies
step2val_q75_3_60_2_diff,ThirdFeatureGenerator:diff,cumulative sum over id,pre tail 2*i minus post head window i,q75_difference_vs_period_1,submission.ipynb cell 5,source-mapped; execution pending dependencies
step2val_corr_3_60_2_diff,ThirdFeatureGenerator:diff,cumulative sum over id,pre tail 2*i minus post head window i,corr_difference_vs_period_1,submission.ipynb cell 5,source-mapped; execution pending dependencies
step2val_mean_3_60_3_diff,ThirdFeatureGenerator:diff,cumulative sum over id,pre tail 3*i minus post head window i,mean_difference_vs_period_1,submission.ipynb cell 5,source-mapped; execution pending dependencies
step2val_std_3_60_3_diff,ThirdFeatureGenerator:diff,cumulative sum over id,pre tail 3*i minus post head window i,std_difference_vs_period_1,submission.ipynb cell 5,source-mapped; execution pending dependencies
step2val_min_3_60_3_diff,ThirdFeatureGenerator:diff,cumulative sum over id,pre tail 3*i minus post head window i,min_difference_vs_period_1,submission.ipynb cell 5,source-mapped; execution pending dependencies
step2val_max_3_60_3_diff,ThirdFeatureGenerator:diff,cumulative sum over id,pre tail 3*i minus post head window i,max_difference_vs_period_1,submission.ipynb cell 5,source-mapped; execution pending dependencies
step2val_q25_3_60_3_diff,ThirdFeatureGenerator:diff,cumulative sum over id,pre tail 3*i minus post head window i,q25_difference_vs_period_1,submission.ipynb cell 5,source-mapped; execution pending dependencies
step2val_q50_3_60_3_diff,ThirdFeatureGenerator:diff,cumulative sum over id,pre tail 3*i minus post head window i,q50_difference_vs_period_1,submission.ipynb cell 5,source-mapped; execution pending dependencies
step2val_q75_3_60_3_diff,ThirdFeatureGenerator:diff,cumulative sum over id,pre tail 3*i minus post head window i,q75_difference_vs_period_1,submission.ipynb cell 5,source-mapped; execution pending dependencies
step2val_corr_3_60_3_diff,ThirdFeatureGenerator:diff,cumulative sum over id,pre tail 3*i minus post head window i,corr_difference_vs_period_1,submission.ipynb cell 5,source-mapped; execution pending dependencies
step2val_corr_4_60_0,ThirdFeatureGenerator:pivot,dense rank over id divided by count,pre tail window i,corr,submission.ipynb cell 5,source-mapped; execution pending dependencies
step2val_q25_4_60_0,ThirdFeatureGenerator:pivot,dense rank over id divided by count,pre tail window i,q25,submission.ipynb cell 5,source-mapped; execution pending dependencies
step2val_q50_4_60_0,ThirdFeatureGenerator:pivot,dense rank over id divided by count,pre tail window i,q50,submission.ipynb cell 5,source-mapped; execution pending dependencies
step2val_q75_4_60_0,ThirdFeatureGenerator:pivot,dense rank over id divided by count,pre tail window i,q75,submission.ipynb cell 5,source-mapped; execution pending dependencies
step2val_mean_4_60_0,ThirdFeatureGenerator:pivot,dense rank over id divided by count,pre tail window i,mean,submission.ipynb cell 5,source-mapped; execution pending dependencies
step2val_std_4_60_0,ThirdFeatureGenerator:pivot,dense rank over id divided by count,pre tail window i,std,submission.ipynb cell 5,source-mapped; execution pending dependencies
step2val_min_4_60_0,ThirdFeatureGenerator:pivot,dense rank over id divided by count,pre tail window i,min,submission.ipynb cell 5,source-mapped; execution pending dependencies
step2val_max_4_60_0,ThirdFeatureGenerator:pivot,dense rank over id divided by count,pre tail window i,max,submission.ipynb cell 5,source-mapped; execution pending dependencies
step2val_skew_4_60_0,ThirdFeatureGenerator:pivot,dense rank over id divided by count,pre tail window i,skew,submission.ipynb cell 5,source-mapped; execution pending dependencies
step2val_corr_4_60_1,ThirdFeatureGenerator:pivot,dense rank over id divided by count,post head window i,corr,submission.ipynb cell 5,source-mapped; execution pending dependencies
step2val_q25_4_60_1,ThirdFeatureGenerator:pivot,dense rank over id divided by count,post head window i,q25,submission.ipynb cell 5,source-mapped; execution pending dependencies
step2val_q50_4_60_1,ThirdFeatureGenerator:pivot,dense rank over id divided by count,post head window i,q50,submission.ipynb cell 5,source-mapped; execution pending dependencies
step2val_q75_4_60_1,ThirdFeatureGenerator:pivot,dense rank over id divided by count,post head window i,q75,submission.ipynb cell 5,source-mapped; execution pending dependencies
step2val_mean_4_60_1,ThirdFeatureGenerator:pivot,dense rank over id divided by count,post head window i,mean,submission.ipynb cell 5,source-mapped; execution pending dependencies
step2val_std_4_60_1,ThirdFeatureGenerator:pivot,dense rank over id divided by count,post head window i,std,submission.ipynb cell 5,source-mapped; execution pending dependencies
step2val_min_4_60_1,ThirdFeatureGenerator:pivot,dense rank over id divided by count,post head window i,min,submission.ipynb cell 5,source-mapped; execution pending dependencies
step2val_max_4_60_1,ThirdFeatureGenerator:pivot,dense rank over id divided by count,post head window i,max,submission.ipynb cell 5,source-mapped; execution pending dependencies
step2val_skew_4_60_1,ThirdFeatureGenerator:pivot,dense rank over id divided by count,post head window i,skew,submission.ipynb cell 5,source-mapped; execution pending dependencies
step2val_corr_4_60_2,ThirdFeatureGenerator:pivot,dense rank over id divided by count,pre tail 2*i,corr,submission.ipynb cell 5,source-mapped; execution pending dependencies
step2val_q25_4_60_2,ThirdFeatureGenerator:pivot,dense rank over id divided by count,pre tail 2*i,q25,submission.ipynb cell 5,source-mapped; execution pending dependencies
step2val_q50_4_60_2,ThirdFeatureGenerator:pivot,dense rank over id divided by count,pre tail 2*i,q50,submission.ipynb cell 5,source-mapped; execution pending dependencies
step2val_q75_4_60_2,ThirdFeatureGenerator:pivot,dense rank over id divided by count,pre tail 2*i,q75,submission.ipynb cell 5,source-mapped; execution pending dependencies
step2val_mean_4_60_2,ThirdFeatureGenerator:pivot,dense rank over id divided by count,pre tail 2*i,mean,submission.ipynb cell 5,source-mapped; execution pending dependencies
step2val_std_4_60_2,ThirdFeatureGenerator:pivot,dense rank over id divided by count,pre tail 2*i,std,submission.ipynb cell 5,source-mapped; execution pending dependencies
step2val_min_4_60_2,ThirdFeatureGenerator:pivot,dense rank over id divided by count,pre tail 2*i,min,submission.ipynb cell 5,source-mapped; execution pending dependencies
step2val_max_4_60_2,ThirdFeatureGenerator:pivot,dense rank over id divided by count,pre tail 2*i,max,submission.ipynb cell 5,source-mapped; execution pending dependencies
step2val_skew_4_60_2,ThirdFeatureGenerator:pivot,dense rank over id divided by count,pre tail 2*i,skew,submission.ipynb cell 5,source-mapped; execution pending dependencies
step2val_corr_4_60_3,ThirdFeatureGenerator:pivot,dense rank over id divided by count,pre tail 3*i,corr,submission.ipynb cell 5,source-mapped; execution pending dependencies
step2val_q25_4_60_3,ThirdFeatureGenerator:pivot,dense rank over id divided by count,pre tail 3*i,q25,submission.ipynb cell 5,source-mapped; execution pending dependencies
step2val_q50_4_60_3,ThirdFeatureGenerator:pivot,dense rank over id divided by count,pre tail 3*i,q50,submission.ipynb cell 5,source-mapped; execution pending dependencies
step2val_q75_4_60_3,ThirdFeatureGenerator:pivot,dense rank over id divided by count,pre tail 3*i,q75,submission.ipynb cell 5,source-mapped; execution pending dependencies
step2val_mean_4_60_3,ThirdFeatureGenerator:pivot,dense rank over id divided by count,pre tail 3*i,mean,submission.ipynb cell 5,source-mapped; execution pending dependencies
step2val_std_4_60_3,ThirdFeatureGenerator:pivot,dense rank over id divided by count,pre tail 3*i,std,submission.ipynb cell 5,source-mapped; execution pending dependencies
step2val_min_4_60_3,ThirdFeatureGenerator:pivot,dense rank over id divided by count,pre tail 3*i,min,submission.ipynb cell 5,source-mapped; execution pending dependencies
step2val_max_4_60_3,ThirdFeatureGenerator:pivot,dense rank over id divided by count,pre tail 3*i,max,submission.ipynb cell 5,source-mapped; execution pending dependencies
step2val_skew_4_60_3,ThirdFeatureGenerator:pivot,dense rank over id divided by count,pre tail 3*i,skew,submission.ipynb cell 5,source-mapped; execution pending dependencies
step2val_mean_4_60_0_diff,ThirdFeatureGenerator:diff,dense rank over id divided by count,pre tail window i minus post head window i,mean_difference_vs_period_1,submission.ipynb cell 5,source-mapped; execution pending dependencies
step2val_std_4_60_0_diff,ThirdFeatureGenerator:diff,dense rank over id divided by count,pre tail window i minus post head window i,std_difference_vs_period_1,submission.ipynb cell 5,source-mapped; execution pending dependencies
step2val_min_4_60_0_diff,ThirdFeatureGenerator:diff,dense rank over id divided by count,pre tail window i minus post head window i,min_difference_vs_period_1,submission.ipynb cell 5,source-mapped; execution pending dependencies
step2val_max_4_60_0_diff,ThirdFeatureGenerator:diff,dense rank over id divided by count,pre tail window i minus post head window i,max_difference_vs_period_1,submission.ipynb cell 5,source-mapped; execution pending dependencies
step2val_q25_4_60_0_diff,ThirdFeatureGenerator:diff,dense rank over id divided by count,pre tail window i minus post head window i,q25_difference_vs_period_1,submission.ipynb cell 5,source-mapped; execution pending dependencies
step2val_q50_4_60_0_diff,ThirdFeatureGenerator:diff,dense rank over id divided by count,pre tail window i minus post head window i,q50_difference_vs_period_1,submission.ipynb cell 5,source-mapped; execution pending dependencies
step2val_q75_4_60_0_diff,ThirdFeatureGenerator:diff,dense rank over id divided by count,pre tail window i minus post head window i,q75_difference_vs_period_1,submission.ipynb cell 5,source-mapped; execution pending dependencies
step2val_corr_4_60_0_diff,ThirdFeatureGenerator:diff,dense rank over id divided by count,pre tail window i minus post head window i,corr_difference_vs_period_1,submission.ipynb cell 5,source-mapped; execution pending dependencies
step2val_mean_4_60_2_diff,ThirdFeatureGenerator:diff,dense rank over id divided by count,pre tail 2*i minus post head window i,mean_difference_vs_period_1,submission.ipynb cell 5,source-mapped; execution pending dependencies
step2val_std_4_60_2_diff,ThirdFeatureGenerator:diff,dense rank over id divided by count,pre tail 2*i minus post head window i,std_difference_vs_period_1,submission.ipynb cell 5,source-mapped; execution pending dependencies
step2val_min_4_60_2_diff,ThirdFeatureGenerator:diff,dense rank over id divided by count,pre tail 2*i minus post head window i,min_difference_vs_period_1,submission.ipynb cell 5,source-mapped; execution pending dependencies
step2val_max_4_60_2_diff,ThirdFeatureGenerator:diff,dense rank over id divided by count,pre tail 2*i minus post head window i,max_difference_vs_period_1,submission.ipynb cell 5,source-mapped; execution pending dependencies
step2val_q25_4_60_2_diff,ThirdFeatureGenerator:diff,dense rank over id divided by count,pre tail 2*i minus post head window i,q25_difference_vs_period_1,submission.ipynb cell 5,source-mapped; execution pending dependencies
step2val_q50_4_60_2_diff,ThirdFeatureGenerator:diff,dense rank over id divided by count,pre tail 2*i minus post head window i,q50_difference_vs_period_1,submission.ipynb cell 5,source-mapped; execution pending dependencies
step2val_q75_4_60_2_diff,ThirdFeatureGenerator:diff,dense rank over id divided by count,pre tail 2*i minus post head window i,q75_difference_vs_period_1,submission.ipynb cell 5,source-mapped; execution pending dependencies
step2val_corr_4_60_2_diff,ThirdFeatureGenerator:diff,dense rank over id divided by count,pre tail 2*i minus post head window i,corr_difference_vs_period_1,submission.ipynb cell 5,source-mapped; execution pending dependencies
step2val_mean_4_60_3_diff,ThirdFeatureGenerator:diff,dense rank over id divided by count,pre tail 3*i minus post head window i,mean_difference_vs_period_1,submission.ipynb cell 5,source-mapped; execution pending dependencies
step2val_std_4_60_3_diff,ThirdFeatureGenerator:diff,dense rank over id divided by count,pre tail 3*i minus post head window i,std_difference_vs_period_1,submission.ipynb cell 5,source-mapped; execution pending dependencies
step2val_min_4_60_3_diff,ThirdFeatureGenerator:diff,dense rank over id divided by count,pre tail 3*i minus post head window i,min_difference_vs_period_1,submission.ipynb cell 5,source-mapped; execution pending dependencies
step2val_max_4_60_3_diff,ThirdFeatureGenerator:diff,dense rank over id divided by count,pre tail 3*i minus post head window i,max_difference_vs_period_1,submission.ipynb cell 5,source-mapped; execution pending dependencies
step2val_q25_4_60_3_diff,ThirdFeatureGenerator:diff,dense rank over id divided by count,pre tail 3*i minus post head window i,q25_difference_vs_period_1,submission.ipynb cell 5,source-mapped; execution pending dependencies
step2val_q50_4_60_3_diff,ThirdFeatureGenerator:diff,dense rank over id divided by count,pre tail 3*i minus post head window i,q50_difference_vs_period_1,submission.ipynb cell 5,source-mapped; execution pending dependencies
step2val_q75_4_60_3_diff,ThirdFeatureGenerator:diff,dense rank over id divided by count,pre tail 3*i minus post head window i,q75_difference_vs_period_1,submission.ipynb cell 5,source-mapped; execution pending dependencies
step2val_corr_4_60_3_diff,ThirdFeatureGenerator:diff,dense rank over id divided by count,pre tail 3*i minus post head window i,corr_difference_vs_period_1,submission.ipynb cell 5,source-mapped; execution pending dependencies
step2val_corr_5_60_0,ThirdFeatureGenerator:pivot,absolute value,pre tail window i,corr,submission.ipynb cell 5,source-mapped; execution pending dependencies
step2val_q25_5_60_0,ThirdFeatureGenerator:pivot,absolute value,pre tail window i,q25,submission.ipynb cell 5,source-mapped; execution pending dependencies
step2val_q50_5_60_0,ThirdFeatureGenerator:pivot,absolute value,pre tail window i,q50,submission.ipynb cell 5,source-mapped; execution pending dependencies
step2val_q75_5_60_0,ThirdFeatureGenerator:pivot,absolute value,pre tail window i,q75,submission.ipynb cell 5,source-mapped; execution pending dependencies
step2val_mean_5_60_0,ThirdFeatureGenerator:pivot,absolute value,pre tail window i,mean,submission.ipynb cell 5,source-mapped; execution pending dependencies
step2val_std_5_60_0,ThirdFeatureGenerator:pivot,absolute value,pre tail window i,std,submission.ipynb cell 5,source-mapped; execution pending dependencies
step2val_min_5_60_0,ThirdFeatureGenerator:pivot,absolute value,pre tail window i,min,submission.ipynb cell 5,source-mapped; execution pending dependencies
step2val_max_5_60_0,ThirdFeatureGenerator:pivot,absolute value,pre tail window i,max,submission.ipynb cell 5,source-mapped; execution pending dependencies
step2val_skew_5_60_0,ThirdFeatureGenerator:pivot,absolute value,pre tail window i,skew,submission.ipynb cell 5,source-mapped; execution pending dependencies
step2val_corr_5_60_1,ThirdFeatureGenerator:pivot,absolute value,post head window i,corr,submission.ipynb cell 5,source-mapped; execution pending dependencies
step2val_q25_5_60_1,ThirdFeatureGenerator:pivot,absolute value,post head window i,q25,submission.ipynb cell 5,source-mapped; execution pending dependencies
step2val_q50_5_60_1,ThirdFeatureGenerator:pivot,absolute value,post head window i,q50,submission.ipynb cell 5,source-mapped; execution pending dependencies
step2val_q75_5_60_1,ThirdFeatureGenerator:pivot,absolute value,post head window i,q75,submission.ipynb cell 5,source-mapped; execution pending dependencies
step2val_mean_5_60_1,ThirdFeatureGenerator:pivot,absolute value,post head window i,mean,submission.ipynb cell 5,source-mapped; execution pending dependencies
step2val_std_5_60_1,ThirdFeatureGenerator:pivot,absolute value,post head window i,std,submission.ipynb cell 5,source-mapped; execution pending dependencies
step2val_min_5_60_1,ThirdFeatureGenerator:pivot,absolute value,post head window i,min,submission.ipynb cell 5,source-mapped; execution pending dependencies
step2val_max_5_60_1,ThirdFeatureGenerator:pivot,absolute value,post head window i,max,submission.ipynb cell 5,source-mapped; execution pending dependencies
step2val_skew_5_60_1,ThirdFeatureGenerator:pivot,absolute value,post head window i,skew,submission.ipynb cell 5,source-mapped; execution pending dependencies
step2val_corr_5_60_2,ThirdFeatureGenerator:pivot,absolute value,pre tail 2*i,corr,submission.ipynb cell 5,source-mapped; execution pending dependencies
step2val_q25_5_60_2,ThirdFeatureGenerator:pivot,absolute value,pre tail 2*i,q25,submission.ipynb cell 5,source-mapped; execution pending dependencies
step2val_q50_5_60_2,ThirdFeatureGenerator:pivot,absolute value,pre tail 2*i,q50,submission.ipynb cell 5,source-mapped; execution pending dependencies
step2val_q75_5_60_2,ThirdFeatureGenerator:pivot,absolute value,pre tail 2*i,q75,submission.ipynb cell 5,source-mapped; execution pending dependencies
step2val_mean_5_60_2,ThirdFeatureGenerator:pivot,absolute value,pre tail 2*i,mean,submission.ipynb cell 5,source-mapped; execution pending dependencies
step2val_std_5_60_2,ThirdFeatureGenerator:pivot,absolute value,pre tail 2*i,std,submission.ipynb cell 5,source-mapped; execution pending dependencies
step2val_min_5_60_2,ThirdFeatureGenerator:pivot,absolute value,pre tail 2*i,min,submission.ipynb cell 5,source-mapped; execution pending dependencies
step2val_max_5_60_2,ThirdFeatureGenerator:pivot,absolute value,pre tail 2*i,max,submission.ipynb cell 5,source-mapped; execution pending dependencies
step2val_skew_5_60_2,ThirdFeatureGenerator:pivot,absolute value,pre tail 2*i,skew,submission.ipynb cell 5,source-mapped; execution pending dependencies
step2val_corr_5_60_3,ThirdFeatureGenerator:pivot,absolute value,pre tail 3*i,corr,submission.ipynb cell 5,source-mapped; execution pending dependencies
step2val_q25_5_60_3,ThirdFeatureGenerator:pivot,absolute value,pre tail 3*i,q25,submission.ipynb cell 5,source-mapped; execution pending dependencies
step2val_q50_5_60_3,ThirdFeatureGenerator:pivot,absolute value,pre tail 3*i,q50,submission.ipynb cell 5,source-mapped; execution pending dependencies
step2val_q75_5_60_3,ThirdFeatureGenerator:pivot,absolute value,pre tail 3*i,q75,submission.ipynb cell 5,source-mapped; execution pending dependencies
step2val_mean_5_60_3,ThirdFeatureGenerator:pivot,absolute value,pre tail 3*i,mean,submission.ipynb cell 5,source-mapped; execution pending dependencies
step2val_std_5_60_3,ThirdFeatureGenerator:pivot,absolute value,pre tail 3*i,std,submission.ipynb cell 5,source-mapped; execution pending dependencies
step2val_min_5_60_3,ThirdFeatureGenerator:pivot,absolute value,pre tail 3*i,min,submission.ipynb cell 5,source-mapped; execution pending dependencies
step2val_max_5_60_3,ThirdFeatureGenerator:pivot,absolute value,pre tail 3*i,max,submission.ipynb cell 5,source-mapped; execution pending dependencies
step2val_skew_5_60_3,ThirdFeatureGenerator:pivot,absolute value,pre tail 3*i,skew,submission.ipynb cell 5,source-mapped; execution pending dependencies
step2val_mean_5_60_0_diff,ThirdFeatureGenerator:diff,absolute value,pre tail window i minus post head window i,mean_difference_vs_period_1,submission.ipynb cell 5,source-mapped; execution pending dependencies
step2val_std_5_60_0_diff,ThirdFeatureGenerator:diff,absolute value,pre tail window i minus post head window i,std_difference_vs_period_1,submission.ipynb cell 5,source-mapped; execution pending dependencies
step2val_min_5_60_0_diff,ThirdFeatureGenerator:diff,absolute value,pre tail window i minus post head window i,min_difference_vs_period_1,submission.ipynb cell 5,source-mapped; execution pending dependencies
step2val_max_5_60_0_diff,ThirdFeatureGenerator:diff,absolute value,pre tail window i minus post head window i,max_difference_vs_period_1,submission.ipynb cell 5,source-mapped; execution pending dependencies
step2val_q25_5_60_0_diff,ThirdFeatureGenerator:diff,absolute value,pre tail window i minus post head window i,q25_difference_vs_period_1,submission.ipynb cell 5,source-mapped; execution pending dependencies
step2val_q50_5_60_0_diff,ThirdFeatureGenerator:diff,absolute value,pre tail window i minus post head window i,q50_difference_vs_period_1,submission.ipynb cell 5,source-mapped; execution pending dependencies
step2val_q75_5_60_0_diff,ThirdFeatureGenerator:diff,absolute value,pre tail window i minus post head window i,q75_difference_vs_period_1,submission.ipynb cell 5,source-mapped; execution pending dependencies
step2val_corr_5_60_0_diff,ThirdFeatureGenerator:diff,absolute value,pre tail window i minus post head window i,corr_difference_vs_period_1,submission.ipynb cell 5,source-mapped; execution pending dependencies
step2val_mean_5_60_2_diff,ThirdFeatureGenerator:diff,absolute value,pre tail 2*i minus post head window i,mean_difference_vs_period_1,submission.ipynb cell 5,source-mapped; execution pending dependencies
step2val_std_5_60_2_diff,ThirdFeatureGenerator:diff,absolute value,pre tail 2*i minus post head window i,std_difference_vs_period_1,submission.ipynb cell 5,source-mapped; execution pending dependencies
step2val_min_5_60_2_diff,ThirdFeatureGenerator:diff,absolute value,pre tail 2*i minus post head window i,min_difference_vs_period_1,submission.ipynb cell 5,source-mapped; execution pending dependencies
step2val_max_5_60_2_diff,ThirdFeatureGenerator:diff,absolute value,pre tail 2*i minus post head window i,max_difference_vs_period_1,submission.ipynb cell 5,source-mapped; execution pending dependencies
step2val_q25_5_60_2_diff,ThirdFeatureGenerator:diff,absolute value,pre tail 2*i minus post head window i,q25_difference_vs_period_1,submission.ipynb cell 5,source-mapped; execution pending dependencies
step2val_q50_5_60_2_diff,ThirdFeatureGenerator:diff,absolute value,pre tail 2*i minus post head window i,q50_difference_vs_period_1,submission.ipynb cell 5,source-mapped; execution pending dependencies
step2val_q75_5_60_2_diff,ThirdFeatureGenerator:diff,absolute value,pre tail 2*i minus post head window i,q75_difference_vs_period_1,submission.ipynb cell 5,source-mapped; execution pending dependencies
step2val_corr_5_60_2_diff,ThirdFeatureGenerator:diff,absolute value,pre tail 2*i minus post head window i,corr_difference_vs_period_1,submission.ipynb cell 5,source-mapped; execution pending dependencies
step2val_mean_5_60_3_diff,ThirdFeatureGenerator:diff,absolute value,pre tail 3*i minus post head window i,mean_difference_vs_period_1,submission.ipynb cell 5,source-mapped; execution pending dependencies
step2val_std_5_60_3_diff,ThirdFeatureGenerator:diff,absolute value,pre tail 3*i minus post head window i,std_difference_vs_period_1,submission.ipynb cell 5,source-mapped; execution pending dependencies
step2val_min_5_60_3_diff,ThirdFeatureGenerator:diff,absolute value,pre tail 3*i minus post head window i,min_difference_vs_period_1,submission.ipynb cell 5,source-mapped; execution pending dependencies
step2val_max_5_60_3_diff,ThirdFeatureGenerator:diff,absolute value,pre tail 3*i minus post head window i,max_difference_vs_period_1,submission.ipynb cell 5,source-mapped; execution pending dependencies
step2val_q25_5_60_3_diff,ThirdFeatureGenerator:diff,absolute value,pre tail 3*i minus post head window i,q25_difference_vs_period_1,submission.ipynb cell 5,source-mapped; execution pending dependencies
step2val_q50_5_60_3_diff,ThirdFeatureGenerator:diff,absolute value,pre tail 3*i minus post head window i,q50_difference_vs_period_1,submission.ipynb cell 5,source-mapped; execution pending dependencies
step2val_q75_5_60_3_diff,ThirdFeatureGenerator:diff,absolute value,pre tail 3*i minus post head window i,q75_difference_vs_period_1,submission.ipynb cell 5,source-mapped; execution pending dependencies
step2val_corr_5_60_3_diff,ThirdFeatureGenerator:diff,absolute value,pre tail 3*i minus post head window i,corr_difference_vs_period_1,submission.ipynb cell 5,source-mapped; execution pending dependencies
step2val_corr_6_60_0,ThirdFeatureGenerator:pivot,rolling mean window 16 over id,pre tail window i,corr,submission.ipynb cell 5,source-mapped; execution pending dependencies
step2val_q25_6_60_0,ThirdFeatureGenerator:pivot,rolling mean window 16 over id,pre tail window i,q25,submission.ipynb cell 5,source-mapped; execution pending dependencies
step2val_q50_6_60_0,ThirdFeatureGenerator:pivot,rolling mean window 16 over id,pre tail window i,q50,submission.ipynb cell 5,source-mapped; execution pending dependencies
step2val_q75_6_60_0,ThirdFeatureGenerator:pivot,rolling mean window 16 over id,pre tail window i,q75,submission.ipynb cell 5,source-mapped; execution pending dependencies
step2val_mean_6_60_0,ThirdFeatureGenerator:pivot,rolling mean window 16 over id,pre tail window i,mean,submission.ipynb cell 5,source-mapped; execution pending dependencies
step2val_std_6_60_0,ThirdFeatureGenerator:pivot,rolling mean window 16 over id,pre tail window i,std,submission.ipynb cell 5,source-mapped; execution pending dependencies
step2val_min_6_60_0,ThirdFeatureGenerator:pivot,rolling mean window 16 over id,pre tail window i,min,submission.ipynb cell 5,source-mapped; execution pending dependencies
step2val_max_6_60_0,ThirdFeatureGenerator:pivot,rolling mean window 16 over id,pre tail window i,max,submission.ipynb cell 5,source-mapped; execution pending dependencies
step2val_skew_6_60_0,ThirdFeatureGenerator:pivot,rolling mean window 16 over id,pre tail window i,skew,submission.ipynb cell 5,source-mapped; execution pending dependencies
step2val_corr_6_60_1,ThirdFeatureGenerator:pivot,rolling mean window 16 over id,post head window i,corr,submission.ipynb cell 5,source-mapped; execution pending dependencies
step2val_q25_6_60_1,ThirdFeatureGenerator:pivot,rolling mean window 16 over id,post head window i,q25,submission.ipynb cell 5,source-mapped; execution pending dependencies
step2val_q50_6_60_1,ThirdFeatureGenerator:pivot,rolling mean window 16 over id,post head window i,q50,submission.ipynb cell 5,source-mapped; execution pending dependencies
step2val_q75_6_60_1,ThirdFeatureGenerator:pivot,rolling mean window 16 over id,post head window i,q75,submission.ipynb cell 5,source-mapped; execution pending dependencies
step2val_mean_6_60_1,ThirdFeatureGenerator:pivot,rolling mean window 16 over id,post head window i,mean,submission.ipynb cell 5,source-mapped; execution pending dependencies
step2val_std_6_60_1,ThirdFeatureGenerator:pivot,rolling mean window 16 over id,post head window i,std,submission.ipynb cell 5,source-mapped; execution pending dependencies
step2val_min_6_60_1,ThirdFeatureGenerator:pivot,rolling mean window 16 over id,post head window i,min,submission.ipynb cell 5,source-mapped; execution pending dependencies
step2val_max_6_60_1,ThirdFeatureGenerator:pivot,rolling mean window 16 over id,post head window i,max,submission.ipynb cell 5,source-mapped; execution pending dependencies
step2val_skew_6_60_1,ThirdFeatureGenerator:pivot,rolling mean window 16 over id,post head window i,skew,submission.ipynb cell 5,source-mapped; execution pending dependencies
step2val_corr_6_60_2,ThirdFeatureGenerator:pivot,rolling mean window 16 over id,pre tail 2*i,corr,submission.ipynb cell 5,source-mapped; execution pending dependencies
step2val_q25_6_60_2,ThirdFeatureGenerator:pivot,rolling mean window 16 over id,pre tail 2*i,q25,submission.ipynb cell 5,source-mapped; execution pending dependencies
step2val_q50_6_60_2,ThirdFeatureGenerator:pivot,rolling mean window 16 over id,pre tail 2*i,q50,submission.ipynb cell 5,source-mapped; execution pending dependencies
step2val_q75_6_60_2,ThirdFeatureGenerator:pivot,rolling mean window 16 over id,pre tail 2*i,q75,submission.ipynb cell 5,source-mapped; execution pending dependencies
step2val_mean_6_60_2,ThirdFeatureGenerator:pivot,rolling mean window 16 over id,pre tail 2*i,mean,submission.ipynb cell 5,source-mapped; execution pending dependencies
step2val_std_6_60_2,ThirdFeatureGenerator:pivot,rolling mean window 16 over id,pre tail 2*i,std,submission.ipynb cell 5,source-mapped; execution pending dependencies
step2val_min_6_60_2,ThirdFeatureGenerator:pivot,rolling mean window 16 over id,pre tail 2*i,min,submission.ipynb cell 5,source-mapped; execution pending dependencies
step2val_max_6_60_2,ThirdFeatureGenerator:pivot,rolling mean window 16 over id,pre tail 2*i,max,submission.ipynb cell 5,source-mapped; execution pending dependencies
step2val_skew_6_60_2,ThirdFeatureGenerator:pivot,rolling mean window 16 over id,pre tail 2*i,skew,submission.ipynb cell 5,source-mapped; execution pending dependencies
step2val_corr_6_60_3,ThirdFeatureGenerator:pivot,rolling mean window 16 over id,pre tail 3*i,corr,submission.ipynb cell 5,source-mapped; execution pending dependencies
step2val_q25_6_60_3,ThirdFeatureGenerator:pivot,rolling mean window 16 over id,pre tail 3*i,q25,submission.ipynb cell 5,source-mapped; execution pending dependencies
step2val_q50_6_60_3,ThirdFeatureGenerator:pivot,rolling mean window 16 over id,pre tail 3*i,q50,submission.ipynb cell 5,source-mapped; execution pending dependencies
step2val_q75_6_60_3,ThirdFeatureGenerator:pivot,rolling mean window 16 over id,pre tail 3*i,q75,submission.ipynb cell 5,source-mapped; execution pending dependencies
step2val_mean_6_60_3,ThirdFeatureGenerator:pivot,rolling mean window 16 over id,pre tail 3*i,mean,submission.ipynb cell 5,source-mapped; execution pending dependencies
step2val_std_6_60_3,ThirdFeatureGenerator:pivot,rolling mean window 16 over id,pre tail 3*i,std,submission.ipynb cell 5,source-mapped; execution pending dependencies
step2val_min_6_60_3,ThirdFeatureGenerator:pivot,rolling mean window 16 over id,pre tail 3*i,min,submission.ipynb cell 5,source-mapped; execution pending dependencies
step2val_max_6_60_3,ThirdFeatureGenerator:pivot,rolling mean window 16 over id,pre tail 3*i,max,submission.ipynb cell 5,source-mapped; execution pending dependencies
step2val_skew_6_60_3,ThirdFeatureGenerator:pivot,rolling mean window 16 over id,pre tail 3*i,skew,submission.ipynb cell 5,source-mapped; execution pending dependencies
step2val_mean_6_60_0_diff,ThirdFeatureGenerator:diff,rolling mean window 16 over id,pre tail window i minus post head window i,mean_difference_vs_period_1,submission.ipynb cell 5,source-mapped; execution pending dependencies
step2val_std_6_60_0_diff,ThirdFeatureGenerator:diff,rolling mean window 16 over id,pre tail window i minus post head window i,std_difference_vs_period_1,submission.ipynb cell 5,source-mapped; execution pending dependencies
step2val_min_6_60_0_diff,ThirdFeatureGenerator:diff,rolling mean window 16 over id,pre tail window i minus post head window i,min_difference_vs_period_1,submission.ipynb cell 5,source-mapped; execution pending dependencies
step2val_max_6_60_0_diff,ThirdFeatureGenerator:diff,rolling mean window 16 over id,pre tail window i minus post head window i,max_difference_vs_period_1,submission.ipynb cell 5,source-mapped; execution pending dependencies
step2val_q25_6_60_0_diff,ThirdFeatureGenerator:diff,rolling mean window 16 over id,pre tail window i minus post head window i,q25_difference_vs_period_1,submission.ipynb cell 5,source-mapped; execution pending dependencies
step2val_q50_6_60_0_diff,ThirdFeatureGenerator:diff,rolling mean window 16 over id,pre tail window i minus post head window i,q50_difference_vs_period_1,submission.ipynb cell 5,source-mapped; execution pending dependencies
step2val_q75_6_60_0_diff,ThirdFeatureGenerator:diff,rolling mean window 16 over id,pre tail window i minus post head window i,q75_difference_vs_period_1,submission.ipynb cell 5,source-mapped; execution pending dependencies
step2val_corr_6_60_0_diff,ThirdFeatureGenerator:diff,rolling mean window 16 over id,pre tail window i minus post head window i,corr_difference_vs_period_1,submission.ipynb cell 5,source-mapped; execution pending dependencies
step2val_mean_6_60_2_diff,ThirdFeatureGenerator:diff,rolling mean window 16 over id,pre tail 2*i minus post head window i,mean_difference_vs_period_1,submission.ipynb cell 5,source-mapped; execution pending dependencies
step2val_std_6_60_2_diff,ThirdFeatureGenerator:diff,rolling mean window 16 over id,pre tail 2*i minus post head window i,std_difference_vs_period_1,submission.ipynb cell 5,source-mapped; execution pending dependencies
step2val_min_6_60_2_diff,ThirdFeatureGenerator:diff,rolling mean window 16 over id,pre tail 2*i minus post head window i,min_difference_vs_period_1,submission.ipynb cell 5,source-mapped; execution pending dependencies
step2val_max_6_60_2_diff,ThirdFeatureGenerator:diff,rolling mean window 16 over id,pre tail 2*i minus post head window i,max_difference_vs_period_1,submission.ipynb cell 5,source-mapped; execution pending dependencies
step2val_q25_6_60_2_diff,ThirdFeatureGenerator:diff,rolling mean window 16 over id,pre tail 2*i minus post head window i,q25_difference_vs_period_1,submission.ipynb cell 5,source-mapped; execution pending dependencies
step2val_q50_6_60_2_diff,ThirdFeatureGenerator:diff,rolling mean window 16 over id,pre tail 2*i minus post head window i,q50_difference_vs_period_1,submission.ipynb cell 5,source-mapped; execution pending dependencies
step2val_q75_6_60_2_diff,ThirdFeatureGenerator:diff,rolling mean window 16 over id,pre tail 2*i minus post head window i,q75_difference_vs_period_1,submission.ipynb cell 5,source-mapped; execution pending dependencies
step2val_corr_6_60_2_diff,ThirdFeatureGenerator:diff,rolling mean window 16 over id,pre tail 2*i minus post head window i,corr_difference_vs_period_1,submission.ipynb cell 5,source-mapped; execution pending dependencies
step2val_mean_6_60_3_diff,ThirdFeatureGenerator:diff,rolling mean window 16 over id,pre tail 3*i minus post head window i,mean_difference_vs_period_1,submission.ipynb cell 5,source-mapped; execution pending dependencies
step2val_std_6_60_3_diff,ThirdFeatureGenerator:diff,rolling mean window 16 over id,pre tail 3*i minus post head window i,std_difference_vs_period_1,submission.ipynb cell 5,source-mapped; execution pending dependencies
step2val_min_6_60_3_diff,ThirdFeatureGenerator:diff,rolling mean window 16 over id,pre tail 3*i minus post head window i,min_difference_vs_period_1,submission.ipynb cell 5,source-mapped; execution pending dependencies
step2val_max_6_60_3_diff,ThirdFeatureGenerator:diff,rolling mean window 16 over id,pre tail 3*i minus post head window i,max_difference_vs_period_1,submission.ipynb cell 5,source-mapped; execution pending dependencies
step2val_q25_6_60_3_diff,ThirdFeatureGenerator:diff,rolling mean window 16 over id,pre tail 3*i minus post head window i,q25_difference_vs_period_1,submission.ipynb cell 5,source-mapped; execution pending dependencies
step2val_q50_6_60_3_diff,ThirdFeatureGenerator:diff,rolling mean window 16 over id,pre tail 3*i minus post head window i,q50_difference_vs_period_1,submission.ipynb cell 5,source-mapped; execution pending dependencies
step2val_q75_6_60_3_diff,ThirdFeatureGenerator:diff,rolling mean window 16 over id,pre tail 3*i minus post head window i,q75_difference_vs_period_1,submission.ipynb cell 5,source-mapped; execution pending dependencies
step2val_corr_6_60_3_diff,ThirdFeatureGenerator:diff,rolling mean window 16 over id,pre tail 3*i minus post head window i,corr_difference_vs_period_1,submission.ipynb cell 5,source-mapped; execution pending dependencies
step2val_corr_7_60_0,ThirdFeatureGenerator:pivot,rolling std window 16 over id,pre tail window i,corr,submission.ipynb cell 5,source-mapped; execution pending dependencies
step2val_q25_7_60_0,ThirdFeatureGenerator:pivot,rolling std window 16 over id,pre tail window i,q25,submission.ipynb cell 5,source-mapped; execution pending dependencies
step2val_q50_7_60_0,ThirdFeatureGenerator:pivot,rolling std window 16 over id,pre tail window i,q50,submission.ipynb cell 5,source-mapped; execution pending dependencies
step2val_q75_7_60_0,ThirdFeatureGenerator:pivot,rolling std window 16 over id,pre tail window i,q75,submission.ipynb cell 5,source-mapped; execution pending dependencies
step2val_mean_7_60_0,ThirdFeatureGenerator:pivot,rolling std window 16 over id,pre tail window i,mean,submission.ipynb cell 5,source-mapped; execution pending dependencies
step2val_std_7_60_0,ThirdFeatureGenerator:pivot,rolling std window 16 over id,pre tail window i,std,submission.ipynb cell 5,source-mapped; execution pending dependencies
step2val_min_7_60_0,ThirdFeatureGenerator:pivot,rolling std window 16 over id,pre tail window i,min,submission.ipynb cell 5,source-mapped; execution pending dependencies
step2val_max_7_60_0,ThirdFeatureGenerator:pivot,rolling std window 16 over id,pre tail window i,max,submission.ipynb cell 5,source-mapped; execution pending dependencies
step2val_skew_7_60_0,ThirdFeatureGenerator:pivot,rolling std window 16 over id,pre tail window i,skew,submission.ipynb cell 5,source-mapped; execution pending dependencies
step2val_corr_7_60_1,ThirdFeatureGenerator:pivot,rolling std window 16 over id,post head window i,corr,submission.ipynb cell 5,source-mapped; execution pending dependencies
step2val_q25_7_60_1,ThirdFeatureGenerator:pivot,rolling std window 16 over id,post head window i,q25,submission.ipynb cell 5,source-mapped; execution pending dependencies
step2val_q50_7_60_1,ThirdFeatureGenerator:pivot,rolling std window 16 over id,post head window i,q50,submission.ipynb cell 5,source-mapped; execution pending dependencies
step2val_q75_7_60_1,ThirdFeatureGenerator:pivot,rolling std window 16 over id,post head window i,q75,submission.ipynb cell 5,source-mapped; execution pending dependencies
step2val_mean_7_60_1,ThirdFeatureGenerator:pivot,rolling std window 16 over id,post head window i,mean,submission.ipynb cell 5,source-mapped; execution pending dependencies
step2val_std_7_60_1,ThirdFeatureGenerator:pivot,rolling std window 16 over id,post head window i,std,submission.ipynb cell 5,source-mapped; execution pending dependencies
step2val_min_7_60_1,ThirdFeatureGenerator:pivot,rolling std window 16 over id,post head window i,min,submission.ipynb cell 5,source-mapped; execution pending dependencies
step2val_max_7_60_1,ThirdFeatureGenerator:pivot,rolling std window 16 over id,post head window i,max,submission.ipynb cell 5,source-mapped; execution pending dependencies
step2val_skew_7_60_1,ThirdFeatureGenerator:pivot,rolling std window 16 over id,post head window i,skew,submission.ipynb cell 5,source-mapped; execution pending dependencies
step2val_corr_7_60_2,ThirdFeatureGenerator:pivot,rolling std window 16 over id,pre tail 2*i,corr,submission.ipynb cell 5,source-mapped; execution pending dependencies
step2val_q25_7_60_2,ThirdFeatureGenerator:pivot,rolling std window 16 over id,pre tail 2*i,q25,submission.ipynb cell 5,source-mapped; execution pending dependencies
step2val_q50_7_60_2,ThirdFeatureGenerator:pivot,rolling std window 16 over id,pre tail 2*i,q50,submission.ipynb cell 5,source-mapped; execution pending dependencies
step2val_q75_7_60_2,ThirdFeatureGenerator:pivot,rolling std window 16 over id,pre tail 2*i,q75,submission.ipynb cell 5,source-mapped; execution pending dependencies
step2val_mean_7_60_2,ThirdFeatureGenerator:pivot,rolling std window 16 over id,pre tail 2*i,mean,submission.ipynb cell 5,source-mapped; execution pending dependencies
step2val_std_7_60_2,ThirdFeatureGenerator:pivot,rolling std window 16 over id,pre tail 2*i,std,submission.ipynb cell 5,source-mapped; execution pending dependencies
step2val_min_7_60_2,ThirdFeatureGenerator:pivot,rolling std window 16 over id,pre tail 2*i,min,submission.ipynb cell 5,source-mapped; execution pending dependencies
step2val_max_7_60_2,ThirdFeatureGenerator:pivot,rolling std window 16 over id,pre tail 2*i,max,submission.ipynb cell 5,source-mapped; execution pending dependencies
step2val_skew_7_60_2,ThirdFeatureGenerator:pivot,rolling std window 16 over id,pre tail 2*i,skew,submission.ipynb cell 5,source-mapped; execution pending dependencies
step2val_corr_7_60_3,ThirdFeatureGenerator:pivot,rolling std window 16 over id,pre tail 3*i,corr,submission.ipynb cell 5,source-mapped; execution pending dependencies
step2val_q25_7_60_3,ThirdFeatureGenerator:pivot,rolling std window 16 over id,pre tail 3*i,q25,submission.ipynb cell 5,source-mapped; execution pending dependencies
step2val_q50_7_60_3,ThirdFeatureGenerator:pivot,rolling std window 16 over id,pre tail 3*i,q50,submission.ipynb cell 5,source-mapped; execution pending dependencies
step2val_q75_7_60_3,ThirdFeatureGenerator:pivot,rolling std window 16 over id,pre tail 3*i,q75,submission.ipynb cell 5,source-mapped; execution pending dependencies
step2val_mean_7_60_3,ThirdFeatureGenerator:pivot,rolling std window 16 over id,pre tail 3*i,mean,submission.ipynb cell 5,source-mapped; execution pending dependencies
step2val_std_7_60_3,ThirdFeatureGenerator:pivot,rolling std window 16 over id,pre tail 3*i,std,submission.ipynb cell 5,source-mapped; execution pending dependencies
step2val_min_7_60_3,ThirdFeatureGenerator:pivot,rolling std window 16 over id,pre tail 3*i,min,submission.ipynb cell 5,source-mapped; execution pending dependencies
step2val_max_7_60_3,ThirdFeatureGenerator:pivot,rolling std window 16 over id,pre tail 3*i,max,submission.ipynb cell 5,source-mapped; execution pending dependencies
step2val_skew_7_60_3,ThirdFeatureGenerator:pivot,rolling std window 16 over id,pre tail 3*i,skew,submission.ipynb cell 5,source-mapped; execution pending dependencies
step2val_mean_7_60_0_diff,ThirdFeatureGenerator:diff,rolling std window 16 over id,pre tail window i minus post head window i,mean_difference_vs_period_1,submission.ipynb cell 5,source-mapped; execution pending dependencies
step2val_std_7_60_0_diff,ThirdFeatureGenerator:diff,rolling std window 16 over id,pre tail window i minus post head window i,std_difference_vs_period_1,submission.ipynb cell 5,source-mapped; execution pending dependencies
step2val_min_7_60_0_diff,ThirdFeatureGenerator:diff,rolling std window 16 over id,pre tail window i minus post head window i,min_difference_vs_period_1,submission.ipynb cell 5,source-mapped; execution pending dependencies
step2val_max_7_60_0_diff,ThirdFeatureGenerator:diff,rolling std window 16 over id,pre tail window i minus post head window i,max_difference_vs_period_1,submission.ipynb cell 5,source-mapped; execution pending dependencies
step2val_q25_7_60_0_diff,ThirdFeatureGenerator:diff,rolling std window 16 over id,pre tail window i minus post head window i,q25_difference_vs_period_1,submission.ipynb cell 5,source-mapped; execution pending dependencies
step2val_q50_7_60_0_diff,ThirdFeatureGenerator:diff,rolling std window 16 over id,pre tail window i minus post head window i,q50_difference_vs_period_1,submission.ipynb cell 5,source-mapped; execution pending dependencies
step2val_q75_7_60_0_diff,ThirdFeatureGenerator:diff,rolling std window 16 over id,pre tail window i minus post head window i,q75_difference_vs_period_1,submission.ipynb cell 5,source-mapped; execution pending dependencies
step2val_corr_7_60_0_diff,ThirdFeatureGenerator:diff,rolling std window 16 over id,pre tail window i minus post head window i,corr_difference_vs_period_1,submission.ipynb cell 5,source-mapped; execution pending dependencies
step2val_mean_7_60_2_diff,ThirdFeatureGenerator:diff,rolling std window 16 over id,pre tail 2*i minus post head window i,mean_difference_vs_period_1,submission.ipynb cell 5,source-mapped; execution pending dependencies
step2val_std_7_60_2_diff,ThirdFeatureGenerator:diff,rolling std window 16 over id,pre tail 2*i minus post head window i,std_difference_vs_period_1,submission.ipynb cell 5,source-mapped; execution pending dependencies
step2val_min_7_60_2_diff,ThirdFeatureGenerator:diff,rolling std window 16 over id,pre tail 2*i minus post head window i,min_difference_vs_period_1,submission.ipynb cell 5,source-mapped; execution pending dependencies
step2val_max_7_60_2_diff,ThirdFeatureGenerator:diff,rolling std window 16 over id,pre tail 2*i minus post head window i,max_difference_vs_period_1,submission.ipynb cell 5,source-mapped; execution pending dependencies
step2val_q25_7_60_2_diff,ThirdFeatureGenerator:diff,rolling std window 16 over id,pre tail 2*i minus post head window i,q25_difference_vs_period_1,submission.ipynb cell 5,source-mapped; execution pending dependencies
step2val_q50_7_60_2_diff,ThirdFeatureGenerator:diff,rolling std window 16 over id,pre tail 2*i minus post head window i,q50_difference_vs_period_1,submission.ipynb cell 5,source-mapped; execution pending dependencies
step2val_q75_7_60_2_diff,ThirdFeatureGenerator:diff,rolling std window 16 over id,pre tail 2*i minus post head window i,q75_difference_vs_period_1,submission.ipynb cell 5,source-mapped; execution pending dependencies
step2val_corr_7_60_2_diff,ThirdFeatureGenerator:diff,rolling std window 16 over id,pre tail 2*i minus post head window i,corr_difference_vs_period_1,submission.ipynb cell 5,source-mapped; execution pending dependencies
step2val_mean_7_60_3_diff,ThirdFeatureGenerator:diff,rolling std window 16 over id,pre tail 3*i minus post head window i,mean_difference_vs_period_1,submission.ipynb cell 5,source-mapped; execution pending dependencies
step2val_std_7_60_3_diff,ThirdFeatureGenerator:diff,rolling std window 16 over id,pre tail 3*i minus post head window i,std_difference_vs_period_1,submission.ipynb cell 5,source-mapped; execution pending dependencies
step2val_min_7_60_3_diff,ThirdFeatureGenerator:diff,rolling std window 16 over id,pre tail 3*i minus post head window i,min_difference_vs_period_1,submission.ipynb cell 5,source-mapped; execution pending dependencies
step2val_max_7_60_3_diff,ThirdFeatureGenerator:diff,rolling std window 16 over id,pre tail 3*i minus post head window i,max_difference_vs_period_1,submission.ipynb cell 5,source-mapped; execution pending dependencies
step2val_q25_7_60_3_diff,ThirdFeatureGenerator:diff,rolling std window 16 over id,pre tail 3*i minus post head window i,q25_difference_vs_period_1,submission.ipynb cell 5,source-mapped; execution pending dependencies
step2val_q50_7_60_3_diff,ThirdFeatureGenerator:diff,rolling std window 16 over id,pre tail 3*i minus post head window i,q50_difference_vs_period_1,submission.ipynb cell 5,source-mapped; execution pending dependencies
step2val_q75_7_60_3_diff,ThirdFeatureGenerator:diff,rolling std window 16 over id,pre tail 3*i minus post head window i,q75_difference_vs_period_1,submission.ipynb cell 5,source-mapped; execution pending dependencies
step2val_corr_7_60_3_diff,ThirdFeatureGenerator:diff,rolling std window 16 over id,pre tail 3*i minus post head window i,corr_difference_vs_period_1,submission.ipynb cell 5,source-mapped; execution pending dependencies
step2val_corr_1_120_0,ThirdFeatureGenerator:pivot,raw value,pre tail window i,corr,submission.ipynb cell 5,source-mapped; execution pending dependencies
step2val_q25_1_120_0,ThirdFeatureGenerator:pivot,raw value,pre tail window i,q25,submission.ipynb cell 5,source-mapped; execution pending dependencies
step2val_q50_1_120_0,ThirdFeatureGenerator:pivot,raw value,pre tail window i,q50,submission.ipynb cell 5,source-mapped; execution pending dependencies
step2val_q75_1_120_0,ThirdFeatureGenerator:pivot,raw value,pre tail window i,q75,submission.ipynb cell 5,source-mapped; execution pending dependencies
step2val_mean_1_120_0,ThirdFeatureGenerator:pivot,raw value,pre tail window i,mean,submission.ipynb cell 5,source-mapped; execution pending dependencies
step2val_std_1_120_0,ThirdFeatureGenerator:pivot,raw value,pre tail window i,std,submission.ipynb cell 5,source-mapped; execution pending dependencies
step2val_min_1_120_0,ThirdFeatureGenerator:pivot,raw value,pre tail window i,min,submission.ipynb cell 5,source-mapped; execution pending dependencies
step2val_max_1_120_0,ThirdFeatureGenerator:pivot,raw value,pre tail window i,max,submission.ipynb cell 5,source-mapped; execution pending dependencies
step2val_skew_1_120_0,ThirdFeatureGenerator:pivot,raw value,pre tail window i,skew,submission.ipynb cell 5,source-mapped; execution pending dependencies
step2val_corr_1_120_1,ThirdFeatureGenerator:pivot,raw value,post head window i,corr,submission.ipynb cell 5,source-mapped; execution pending dependencies
step2val_q25_1_120_1,ThirdFeatureGenerator:pivot,raw value,post head window i,q25,submission.ipynb cell 5,source-mapped; execution pending dependencies
step2val_q50_1_120_1,ThirdFeatureGenerator:pivot,raw value,post head window i,q50,submission.ipynb cell 5,source-mapped; execution pending dependencies
step2val_q75_1_120_1,ThirdFeatureGenerator:pivot,raw value,post head window i,q75,submission.ipynb cell 5,source-mapped; execution pending dependencies
step2val_mean_1_120_1,ThirdFeatureGenerator:pivot,raw value,post head window i,mean,submission.ipynb cell 5,source-mapped; execution pending dependencies
step2val_std_1_120_1,ThirdFeatureGenerator:pivot,raw value,post head window i,std,submission.ipynb cell 5,source-mapped; execution pending dependencies
step2val_min_1_120_1,ThirdFeatureGenerator:pivot,raw value,post head window i,min,submission.ipynb cell 5,source-mapped; execution pending dependencies
step2val_max_1_120_1,ThirdFeatureGenerator:pivot,raw value,post head window i,max,submission.ipynb cell 5,source-mapped; execution pending dependencies
step2val_skew_1_120_1,ThirdFeatureGenerator:pivot,raw value,post head window i,skew,submission.ipynb cell 5,source-mapped; execution pending dependencies
step2val_corr_1_120_2,ThirdFeatureGenerator:pivot,raw value,pre tail 2*i,corr,submission.ipynb cell 5,source-mapped; execution pending dependencies
step2val_q25_1_120_2,ThirdFeatureGenerator:pivot,raw value,pre tail 2*i,q25,submission.ipynb cell 5,source-mapped; execution pending dependencies
step2val_q50_1_120_2,ThirdFeatureGenerator:pivot,raw value,pre tail 2*i,q50,submission.ipynb cell 5,source-mapped; execution pending dependencies
step2val_q75_1_120_2,ThirdFeatureGenerator:pivot,raw value,pre tail 2*i,q75,submission.ipynb cell 5,source-mapped; execution pending dependencies
step2val_mean_1_120_2,ThirdFeatureGenerator:pivot,raw value,pre tail 2*i,mean,submission.ipynb cell 5,source-mapped; execution pending dependencies
step2val_std_1_120_2,ThirdFeatureGenerator:pivot,raw value,pre tail 2*i,std,submission.ipynb cell 5,source-mapped; execution pending dependencies
step2val_min_1_120_2,ThirdFeatureGenerator:pivot,raw value,pre tail 2*i,min,submission.ipynb cell 5,source-mapped; execution pending dependencies
step2val_max_1_120_2,ThirdFeatureGenerator:pivot,raw value,pre tail 2*i,max,submission.ipynb cell 5,source-mapped; execution pending dependencies
step2val_skew_1_120_2,ThirdFeatureGenerator:pivot,raw value,pre tail 2*i,skew,submission.ipynb cell 5,source-mapped; execution pending dependencies
step2val_corr_1_120_3,ThirdFeatureGenerator:pivot,raw value,pre tail 3*i,corr,submission.ipynb cell 5,source-mapped; execution pending dependencies
step2val_q25_1_120_3,ThirdFeatureGenerator:pivot,raw value,pre tail 3*i,q25,submission.ipynb cell 5,source-mapped; execution pending dependencies
step2val_q50_1_120_3,ThirdFeatureGenerator:pivot,raw value,pre tail 3*i,q50,submission.ipynb cell 5,source-mapped; execution pending dependencies
step2val_q75_1_120_3,ThirdFeatureGenerator:pivot,raw value,pre tail 3*i,q75,submission.ipynb cell 5,source-mapped; execution pending dependencies
step2val_mean_1_120_3,ThirdFeatureGenerator:pivot,raw value,pre tail 3*i,mean,submission.ipynb cell 5,source-mapped; execution pending dependencies
step2val_std_1_120_3,ThirdFeatureGenerator:pivot,raw value,pre tail 3*i,std,submission.ipynb cell 5,source-mapped; execution pending dependencies
step2val_min_1_120_3,ThirdFeatureGenerator:pivot,raw value,pre tail 3*i,min,submission.ipynb cell 5,source-mapped; execution pending dependencies
step2val_max_1_120_3,ThirdFeatureGenerator:pivot,raw value,pre tail 3*i,max,submission.ipynb cell 5,source-mapped; execution pending dependencies
step2val_skew_1_120_3,ThirdFeatureGenerator:pivot,raw value,pre tail 3*i,skew,submission.ipynb cell 5,source-mapped; execution pending dependencies
step2val_mean_1_120_0_diff,ThirdFeatureGenerator:diff,raw value,pre tail window i minus post head window i,mean_difference_vs_period_1,submission.ipynb cell 5,source-mapped; execution pending dependencies
step2val_std_1_120_0_diff,ThirdFeatureGenerator:diff,raw value,pre tail window i minus post head window i,std_difference_vs_period_1,submission.ipynb cell 5,source-mapped; execution pending dependencies
step2val_min_1_120_0_diff,ThirdFeatureGenerator:diff,raw value,pre tail window i minus post head window i,min_difference_vs_period_1,submission.ipynb cell 5,source-mapped; execution pending dependencies
step2val_max_1_120_0_diff,ThirdFeatureGenerator:diff,raw value,pre tail window i minus post head window i,max_difference_vs_period_1,submission.ipynb cell 5,source-mapped; execution pending dependencies
step2val_q25_1_120_0_diff,ThirdFeatureGenerator:diff,raw value,pre tail window i minus post head window i,q25_difference_vs_period_1,submission.ipynb cell 5,source-mapped; execution pending dependencies
step2val_q50_1_120_0_diff,ThirdFeatureGenerator:diff,raw value,pre tail window i minus post head window i,q50_difference_vs_period_1,submission.ipynb cell 5,source-mapped; execution pending dependencies
step2val_q75_1_120_0_diff,ThirdFeatureGenerator:diff,raw value,pre tail window i minus post head window i,q75_difference_vs_period_1,submission.ipynb cell 5,source-mapped; execution pending dependencies
step2val_corr_1_120_0_diff,ThirdFeatureGenerator:diff,raw value,pre tail window i minus post head window i,corr_difference_vs_period_1,submission.ipynb cell 5,source-mapped; execution pending dependencies
step2val_mean_1_120_2_diff,ThirdFeatureGenerator:diff,raw value,pre tail 2*i minus post head window i,mean_difference_vs_period_1,submission.ipynb cell 5,source-mapped; execution pending dependencies
step2val_std_1_120_2_diff,ThirdFeatureGenerator:diff,raw value,pre tail 2*i minus post head window i,std_difference_vs_period_1,submission.ipynb cell 5,source-mapped; execution pending dependencies
step2val_min_1_120_2_diff,ThirdFeatureGenerator:diff,raw value,pre tail 2*i minus post head window i,min_difference_vs_period_1,submission.ipynb cell 5,source-mapped; execution pending dependencies
step2val_max_1_120_2_diff,ThirdFeatureGenerator:diff,raw value,pre tail 2*i minus post head window i,max_difference_vs_period_1,submission.ipynb cell 5,source-mapped; execution pending dependencies
step2val_q25_1_120_2_diff,ThirdFeatureGenerator:diff,raw value,pre tail 2*i minus post head window i,q25_difference_vs_period_1,submission.ipynb cell 5,source-mapped; execution pending dependencies
step2val_q50_1_120_2_diff,ThirdFeatureGenerator:diff,raw value,pre tail 2*i minus post head window i,q50_difference_vs_period_1,submission.ipynb cell 5,source-mapped; execution pending dependencies
step2val_q75_1_120_2_diff,ThirdFeatureGenerator:diff,raw value,pre tail 2*i minus post head window i,q75_difference_vs_period_1,submission.ipynb cell 5,source-mapped; execution pending dependencies
step2val_corr_1_120_2_diff,ThirdFeatureGenerator:diff,raw value,pre tail 2*i minus post head window i,corr_difference_vs_period_1,submission.ipynb cell 5,source-mapped; execution pending dependencies
step2val_mean_1_120_3_diff,ThirdFeatureGenerator:diff,raw value,pre tail 3*i minus post head window i,mean_difference_vs_period_1,submission.ipynb cell 5,source-mapped; execution pending dependencies
step2val_std_1_120_3_diff,ThirdFeatureGenerator:diff,raw value,pre tail 3*i minus post head window i,std_difference_vs_period_1,submission.ipynb cell 5,source-mapped; execution pending dependencies
step2val_min_1_120_3_diff,ThirdFeatureGenerator:diff,raw value,pre tail 3*i minus post head window i,min_difference_vs_period_1,submission.ipynb cell 5,source-mapped; execution pending dependencies
step2val_max_1_120_3_diff,ThirdFeatureGenerator:diff,raw value,pre tail 3*i minus post head window i,max_difference_vs_period_1,submission.ipynb cell 5,source-mapped; execution pending dependencies
step2val_q25_1_120_3_diff,ThirdFeatureGenerator:diff,raw value,pre tail 3*i minus post head window i,q25_difference_vs_period_1,submission.ipynb cell 5,source-mapped; execution pending dependencies
step2val_q50_1_120_3_diff,ThirdFeatureGenerator:diff,raw value,pre tail 3*i minus post head window i,q50_difference_vs_period_1,submission.ipynb cell 5,source-mapped; execution pending dependencies
step2val_q75_1_120_3_diff,ThirdFeatureGenerator:diff,raw value,pre tail 3*i minus post head window i,q75_difference_vs_period_1,submission.ipynb cell 5,source-mapped; execution pending dependencies
step2val_corr_1_120_3_diff,ThirdFeatureGenerator:diff,raw value,pre tail 3*i minus post head window i,corr_difference_vs_period_1,submission.ipynb cell 5,source-mapped; execution pending dependencies
step2val_corr_2_120_0,ThirdFeatureGenerator:pivot,zscore over id using Polars std,pre tail window i,corr,submission.ipynb cell 5,source-mapped; execution pending dependencies
step2val_q25_2_120_0,ThirdFeatureGenerator:pivot,zscore over id using Polars std,pre tail window i,q25,submission.ipynb cell 5,source-mapped; execution pending dependencies
step2val_q50_2_120_0,ThirdFeatureGenerator:pivot,zscore over id using Polars std,pre tail window i,q50,submission.ipynb cell 5,source-mapped; execution pending dependencies
step2val_q75_2_120_0,ThirdFeatureGenerator:pivot,zscore over id using Polars std,pre tail window i,q75,submission.ipynb cell 5,source-mapped; execution pending dependencies
step2val_mean_2_120_0,ThirdFeatureGenerator:pivot,zscore over id using Polars std,pre tail window i,mean,submission.ipynb cell 5,source-mapped; execution pending dependencies
step2val_std_2_120_0,ThirdFeatureGenerator:pivot,zscore over id using Polars std,pre tail window i,std,submission.ipynb cell 5,source-mapped; execution pending dependencies
step2val_min_2_120_0,ThirdFeatureGenerator:pivot,zscore over id using Polars std,pre tail window i,min,submission.ipynb cell 5,source-mapped; execution pending dependencies
step2val_max_2_120_0,ThirdFeatureGenerator:pivot,zscore over id using Polars std,pre tail window i,max,submission.ipynb cell 5,source-mapped; execution pending dependencies
step2val_skew_2_120_0,ThirdFeatureGenerator:pivot,zscore over id using Polars std,pre tail window i,skew,submission.ipynb cell 5,source-mapped; execution pending dependencies
step2val_corr_2_120_1,ThirdFeatureGenerator:pivot,zscore over id using Polars std,post head window i,corr,submission.ipynb cell 5,source-mapped; execution pending dependencies
step2val_q25_2_120_1,ThirdFeatureGenerator:pivot,zscore over id using Polars std,post head window i,q25,submission.ipynb cell 5,source-mapped; execution pending dependencies
step2val_q50_2_120_1,ThirdFeatureGenerator:pivot,zscore over id using Polars std,post head window i,q50,submission.ipynb cell 5,source-mapped; execution pending dependencies
step2val_q75_2_120_1,ThirdFeatureGenerator:pivot,zscore over id using Polars std,post head window i,q75,submission.ipynb cell 5,source-mapped; execution pending dependencies
step2val_mean_2_120_1,ThirdFeatureGenerator:pivot,zscore over id using Polars std,post head window i,mean,submission.ipynb cell 5,source-mapped; execution pending dependencies
step2val_std_2_120_1,ThirdFeatureGenerator:pivot,zscore over id using Polars std,post head window i,std,submission.ipynb cell 5,source-mapped; execution pending dependencies
step2val_min_2_120_1,ThirdFeatureGenerator:pivot,zscore over id using Polars std,post head window i,min,submission.ipynb cell 5,source-mapped; execution pending dependencies
step2val_max_2_120_1,ThirdFeatureGenerator:pivot,zscore over id using Polars std,post head window i,max,submission.ipynb cell 5,source-mapped; execution pending dependencies
step2val_skew_2_120_1,ThirdFeatureGenerator:pivot,zscore over id using Polars std,post head window i,skew,submission.ipynb cell 5,source-mapped; execution pending dependencies
step2val_corr_2_120_2,ThirdFeatureGenerator:pivot,zscore over id using Polars std,pre tail 2*i,corr,submission.ipynb cell 5,source-mapped; execution pending dependencies
step2val_q25_2_120_2,ThirdFeatureGenerator:pivot,zscore over id using Polars std,pre tail 2*i,q25,submission.ipynb cell 5,source-mapped; execution pending dependencies
step2val_q50_2_120_2,ThirdFeatureGenerator:pivot,zscore over id using Polars std,pre tail 2*i,q50,submission.ipynb cell 5,source-mapped; execution pending dependencies
step2val_q75_2_120_2,ThirdFeatureGenerator:pivot,zscore over id using Polars std,pre tail 2*i,q75,submission.ipynb cell 5,source-mapped; execution pending dependencies
step2val_mean_2_120_2,ThirdFeatureGenerator:pivot,zscore over id using Polars std,pre tail 2*i,mean,submission.ipynb cell 5,source-mapped; execution pending dependencies
step2val_std_2_120_2,ThirdFeatureGenerator:pivot,zscore over id using Polars std,pre tail 2*i,std,submission.ipynb cell 5,source-mapped; execution pending dependencies
step2val_min_2_120_2,ThirdFeatureGenerator:pivot,zscore over id using Polars std,pre tail 2*i,min,submission.ipynb cell 5,source-mapped; execution pending dependencies
step2val_max_2_120_2,ThirdFeatureGenerator:pivot,zscore over id using Polars std,pre tail 2*i,max,submission.ipynb cell 5,source-mapped; execution pending dependencies
step2val_skew_2_120_2,ThirdFeatureGenerator:pivot,zscore over id using Polars std,pre tail 2*i,skew,submission.ipynb cell 5,source-mapped; execution pending dependencies
step2val_corr_2_120_3,ThirdFeatureGenerator:pivot,zscore over id using Polars std,pre tail 3*i,corr,submission.ipynb cell 5,source-mapped; execution pending dependencies
step2val_q25_2_120_3,ThirdFeatureGenerator:pivot,zscore over id using Polars std,pre tail 3*i,q25,submission.ipynb cell 5,source-mapped; execution pending dependencies
step2val_q50_2_120_3,ThirdFeatureGenerator:pivot,zscore over id using Polars std,pre tail 3*i,q50,submission.ipynb cell 5,source-mapped; execution pending dependencies
step2val_q75_2_120_3,ThirdFeatureGenerator:pivot,zscore over id using Polars std,pre tail 3*i,q75,submission.ipynb cell 5,source-mapped; execution pending dependencies
step2val_mean_2_120_3,ThirdFeatureGenerator:pivot,zscore over id using Polars std,pre tail 3*i,mean,submission.ipynb cell 5,source-mapped; execution pending dependencies
step2val_std_2_120_3,ThirdFeatureGenerator:pivot,zscore over id using Polars std,pre tail 3*i,std,submission.ipynb cell 5,source-mapped; execution pending dependencies
step2val_min_2_120_3,ThirdFeatureGenerator:pivot,zscore over id using Polars std,pre tail 3*i,min,submission.ipynb cell 5,source-mapped; execution pending dependencies
step2val_max_2_120_3,ThirdFeatureGenerator:pivot,zscore over id using Polars std,pre tail 3*i,max,submission.ipynb cell 5,source-mapped; execution pending dependencies
step2val_skew_2_120_3,ThirdFeatureGenerator:pivot,zscore over id using Polars std,pre tail 3*i,skew,submission.ipynb cell 5,source-mapped; execution pending dependencies
step2val_mean_2_120_0_diff,ThirdFeatureGenerator:diff,zscore over id using Polars std,pre tail window i minus post head window i,mean_difference_vs_period_1,submission.ipynb cell 5,source-mapped; execution pending dependencies
step2val_std_2_120_0_diff,ThirdFeatureGenerator:diff,zscore over id using Polars std,pre tail window i minus post head window i,std_difference_vs_period_1,submission.ipynb cell 5,source-mapped; execution pending dependencies
step2val_min_2_120_0_diff,ThirdFeatureGenerator:diff,zscore over id using Polars std,pre tail window i minus post head window i,min_difference_vs_period_1,submission.ipynb cell 5,source-mapped; execution pending dependencies
step2val_max_2_120_0_diff,ThirdFeatureGenerator:diff,zscore over id using Polars std,pre tail window i minus post head window i,max_difference_vs_period_1,submission.ipynb cell 5,source-mapped; execution pending dependencies
step2val_q25_2_120_0_diff,ThirdFeatureGenerator:diff,zscore over id using Polars std,pre tail window i minus post head window i,q25_difference_vs_period_1,submission.ipynb cell 5,source-mapped; execution pending dependencies
step2val_q50_2_120_0_diff,ThirdFeatureGenerator:diff,zscore over id using Polars std,pre tail window i minus post head window i,q50_difference_vs_period_1,submission.ipynb cell 5,source-mapped; execution pending dependencies
step2val_q75_2_120_0_diff,ThirdFeatureGenerator:diff,zscore over id using Polars std,pre tail window i minus post head window i,q75_difference_vs_period_1,submission.ipynb cell 5,source-mapped; execution pending dependencies
step2val_corr_2_120_0_diff,ThirdFeatureGenerator:diff,zscore over id using Polars std,pre tail window i minus post head window i,corr_difference_vs_period_1,submission.ipynb cell 5,source-mapped; execution pending dependencies
step2val_mean_2_120_2_diff,ThirdFeatureGenerator:diff,zscore over id using Polars std,pre tail 2*i minus post head window i,mean_difference_vs_period_1,submission.ipynb cell 5,source-mapped; execution pending dependencies
step2val_std_2_120_2_diff,ThirdFeatureGenerator:diff,zscore over id using Polars std,pre tail 2*i minus post head window i,std_difference_vs_period_1,submission.ipynb cell 5,source-mapped; execution pending dependencies
step2val_min_2_120_2_diff,ThirdFeatureGenerator:diff,zscore over id using Polars std,pre tail 2*i minus post head window i,min_difference_vs_period_1,submission.ipynb cell 5,source-mapped; execution pending dependencies
step2val_max_2_120_2_diff,ThirdFeatureGenerator:diff,zscore over id using Polars std,pre tail 2*i minus post head window i,max_difference_vs_period_1,submission.ipynb cell 5,source-mapped; execution pending dependencies
step2val_q25_2_120_2_diff,ThirdFeatureGenerator:diff,zscore over id using Polars std,pre tail 2*i minus post head window i,q25_difference_vs_period_1,submission.ipynb cell 5,source-mapped; execution pending dependencies
step2val_q50_2_120_2_diff,ThirdFeatureGenerator:diff,zscore over id using Polars std,pre tail 2*i minus post head window i,q50_difference_vs_period_1,submission.ipynb cell 5,source-mapped; execution pending dependencies
step2val_q75_2_120_2_diff,ThirdFeatureGenerator:diff,zscore over id using Polars std,pre tail 2*i minus post head window i,q75_difference_vs_period_1,submission.ipynb cell 5,source-mapped; execution pending dependencies
step2val_corr_2_120_2_diff,ThirdFeatureGenerator:diff,zscore over id using Polars std,pre tail 2*i minus post head window i,corr_difference_vs_period_1,submission.ipynb cell 5,source-mapped; execution pending dependencies
step2val_mean_2_120_3_diff,ThirdFeatureGenerator:diff,zscore over id using Polars std,pre tail 3*i minus post head window i,mean_difference_vs_period_1,submission.ipynb cell 5,source-mapped; execution pending dependencies
step2val_std_2_120_3_diff,ThirdFeatureGenerator:diff,zscore over id using Polars std,pre tail 3*i minus post head window i,std_difference_vs_period_1,submission.ipynb cell 5,source-mapped; execution pending dependencies
step2val_min_2_120_3_diff,ThirdFeatureGenerator:diff,zscore over id using Polars std,pre tail 3*i minus post head window i,min_difference_vs_period_1,submission.ipynb cell 5,source-mapped; execution pending dependencies
step2val_max_2_120_3_diff,ThirdFeatureGenerator:diff,zscore over id using Polars std,pre tail 3*i minus post head window i,max_difference_vs_period_1,submission.ipynb cell 5,source-mapped; execution pending dependencies
step2val_q25_2_120_3_diff,ThirdFeatureGenerator:diff,zscore over id using Polars std,pre tail 3*i minus post head window i,q25_difference_vs_period_1,submission.ipynb cell 5,source-mapped; execution pending dependencies
step2val_q50_2_120_3_diff,ThirdFeatureGenerator:diff,zscore over id using Polars std,pre tail 3*i minus post head window i,q50_difference_vs_period_1,submission.ipynb cell 5,source-mapped; execution pending dependencies
step2val_q75_2_120_3_diff,ThirdFeatureGenerator:diff,zscore over id using Polars std,pre tail 3*i minus post head window i,q75_difference_vs_period_1,submission.ipynb cell 5,source-mapped; execution pending dependencies
step2val_corr_2_120_3_diff,ThirdFeatureGenerator:diff,zscore over id using Polars std,pre tail 3*i minus post head window i,corr_difference_vs_period_1,submission.ipynb cell 5,source-mapped; execution pending dependencies
step2val_corr_3_120_0,ThirdFeatureGenerator:pivot,cumulative sum over id,pre tail window i,corr,submission.ipynb cell 5,source-mapped; execution pending dependencies
step2val_q25_3_120_0,ThirdFeatureGenerator:pivot,cumulative sum over id,pre tail window i,q25,submission.ipynb cell 5,source-mapped; execution pending dependencies
step2val_q50_3_120_0,ThirdFeatureGenerator:pivot,cumulative sum over id,pre tail window i,q50,submission.ipynb cell 5,source-mapped; execution pending dependencies
step2val_q75_3_120_0,ThirdFeatureGenerator:pivot,cumulative sum over id,pre tail window i,q75,submission.ipynb cell 5,source-mapped; execution pending dependencies
step2val_mean_3_120_0,ThirdFeatureGenerator:pivot,cumulative sum over id,pre tail window i,mean,submission.ipynb cell 5,source-mapped; execution pending dependencies
step2val_std_3_120_0,ThirdFeatureGenerator:pivot,cumulative sum over id,pre tail window i,std,submission.ipynb cell 5,source-mapped; execution pending dependencies
step2val_min_3_120_0,ThirdFeatureGenerator:pivot,cumulative sum over id,pre tail window i,min,submission.ipynb cell 5,source-mapped; execution pending dependencies
step2val_max_3_120_0,ThirdFeatureGenerator:pivot,cumulative sum over id,pre tail window i,max,submission.ipynb cell 5,source-mapped; execution pending dependencies
step2val_skew_3_120_0,ThirdFeatureGenerator:pivot,cumulative sum over id,pre tail window i,skew,submission.ipynb cell 5,source-mapped; execution pending dependencies
step2val_corr_3_120_1,ThirdFeatureGenerator:pivot,cumulative sum over id,post head window i,corr,submission.ipynb cell 5,source-mapped; execution pending dependencies
step2val_q25_3_120_1,ThirdFeatureGenerator:pivot,cumulative sum over id,post head window i,q25,submission.ipynb cell 5,source-mapped; execution pending dependencies
step2val_q50_3_120_1,ThirdFeatureGenerator:pivot,cumulative sum over id,post head window i,q50,submission.ipynb cell 5,source-mapped; execution pending dependencies
step2val_q75_3_120_1,ThirdFeatureGenerator:pivot,cumulative sum over id,post head window i,q75,submission.ipynb cell 5,source-mapped; execution pending dependencies
step2val_mean_3_120_1,ThirdFeatureGenerator:pivot,cumulative sum over id,post head window i,mean,submission.ipynb cell 5,source-mapped; execution pending dependencies
step2val_std_3_120_1,ThirdFeatureGenerator:pivot,cumulative sum over id,post head window i,std,submission.ipynb cell 5,source-mapped; execution pending dependencies
step2val_min_3_120_1,ThirdFeatureGenerator:pivot,cumulative sum over id,post head window i,min,submission.ipynb cell 5,source-mapped; execution pending dependencies
step2val_max_3_120_1,ThirdFeatureGenerator:pivot,cumulative sum over id,post head window i,max,submission.ipynb cell 5,source-mapped; execution pending dependencies
step2val_skew_3_120_1,ThirdFeatureGenerator:pivot,cumulative sum over id,post head window i,skew,submission.ipynb cell 5,source-mapped; execution pending dependencies
step2val_corr_3_120_2,ThirdFeatureGenerator:pivot,cumulative sum over id,pre tail 2*i,corr,submission.ipynb cell 5,source-mapped; execution pending dependencies
step2val_q25_3_120_2,ThirdFeatureGenerator:pivot,cumulative sum over id,pre tail 2*i,q25,submission.ipynb cell 5,source-mapped; execution pending dependencies
step2val_q50_3_120_2,ThirdFeatureGenerator:pivot,cumulative sum over id,pre tail 2*i,q50,submission.ipynb cell 5,source-mapped; execution pending dependencies
step2val_q75_3_120_2,ThirdFeatureGenerator:pivot,cumulative sum over id,pre tail 2*i,q75,submission.ipynb cell 5,source-mapped; execution pending dependencies
step2val_mean_3_120_2,ThirdFeatureGenerator:pivot,cumulative sum over id,pre tail 2*i,mean,submission.ipynb cell 5,source-mapped; execution pending dependencies
step2val_std_3_120_2,ThirdFeatureGenerator:pivot,cumulative sum over id,pre tail 2*i,std,submission.ipynb cell 5,source-mapped; execution pending dependencies
step2val_min_3_120_2,ThirdFeatureGenerator:pivot,cumulative sum over id,pre tail 2*i,min,submission.ipynb cell 5,source-mapped; execution pending dependencies
step2val_max_3_120_2,ThirdFeatureGenerator:pivot,cumulative sum over id,pre tail 2*i,max,submission.ipynb cell 5,source-mapped; execution pending dependencies
step2val_skew_3_120_2,ThirdFeatureGenerator:pivot,cumulative sum over id,pre tail 2*i,skew,submission.ipynb cell 5,source-mapped; execution pending dependencies
step2val_corr_3_120_3,ThirdFeatureGenerator:pivot,cumulative sum over id,pre tail 3*i,corr,submission.ipynb cell 5,source-mapped; execution pending dependencies
step2val_q25_3_120_3,ThirdFeatureGenerator:pivot,cumulative sum over id,pre tail 3*i,q25,submission.ipynb cell 5,source-mapped; execution pending dependencies
step2val_q50_3_120_3,ThirdFeatureGenerator:pivot,cumulative sum over id,pre tail 3*i,q50,submission.ipynb cell 5,source-mapped; execution pending dependencies
step2val_q75_3_120_3,ThirdFeatureGenerator:pivot,cumulative sum over id,pre tail 3*i,q75,submission.ipynb cell 5,source-mapped; execution pending dependencies
step2val_mean_3_120_3,ThirdFeatureGenerator:pivot,cumulative sum over id,pre tail 3*i,mean,submission.ipynb cell 5,source-mapped; execution pending dependencies
step2val_std_3_120_3,ThirdFeatureGenerator:pivot,cumulative sum over id,pre tail 3*i,std,submission.ipynb cell 5,source-mapped; execution pending dependencies
step2val_min_3_120_3,ThirdFeatureGenerator:pivot,cumulative sum over id,pre tail 3*i,min,submission.ipynb cell 5,source-mapped; execution pending dependencies
step2val_max_3_120_3,ThirdFeatureGenerator:pivot,cumulative sum over id,pre tail 3*i,max,submission.ipynb cell 5,source-mapped; execution pending dependencies
step2val_skew_3_120_3,ThirdFeatureGenerator:pivot,cumulative sum over id,pre tail 3*i,skew,submission.ipynb cell 5,source-mapped; execution pending dependencies
step2val_mean_3_120_0_diff,ThirdFeatureGenerator:diff,cumulative sum over id,pre tail window i minus post head window i,mean_difference_vs_period_1,submission.ipynb cell 5,source-mapped; execution pending dependencies
step2val_std_3_120_0_diff,ThirdFeatureGenerator:diff,cumulative sum over id,pre tail window i minus post head window i,std_difference_vs_period_1,submission.ipynb cell 5,source-mapped; execution pending dependencies
step2val_min_3_120_0_diff,ThirdFeatureGenerator:diff,cumulative sum over id,pre tail window i minus post head window i,min_difference_vs_period_1,submission.ipynb cell 5,source-mapped; execution pending dependencies
step2val_max_3_120_0_diff,ThirdFeatureGenerator:diff,cumulative sum over id,pre tail window i minus post head window i,max_difference_vs_period_1,submission.ipynb cell 5,source-mapped; execution pending dependencies
step2val_q25_3_120_0_diff,ThirdFeatureGenerator:diff,cumulative sum over id,pre tail window i minus post head window i,q25_difference_vs_period_1,submission.ipynb cell 5,source-mapped; execution pending dependencies
step2val_q50_3_120_0_diff,ThirdFeatureGenerator:diff,cumulative sum over id,pre tail window i minus post head window i,q50_difference_vs_period_1,submission.ipynb cell 5,source-mapped; execution pending dependencies
step2val_q75_3_120_0_diff,ThirdFeatureGenerator:diff,cumulative sum over id,pre tail window i minus post head window i,q75_difference_vs_period_1,submission.ipynb cell 5,source-mapped; execution pending dependencies
step2val_corr_3_120_0_diff,ThirdFeatureGenerator:diff,cumulative sum over id,pre tail window i minus post head window i,corr_difference_vs_period_1,submission.ipynb cell 5,source-mapped; execution pending dependencies
step2val_mean_3_120_2_diff,ThirdFeatureGenerator:diff,cumulative sum over id,pre tail 2*i minus post head window i,mean_difference_vs_period_1,submission.ipynb cell 5,source-mapped; execution pending dependencies
step2val_std_3_120_2_diff,ThirdFeatureGenerator:diff,cumulative sum over id,pre tail 2*i minus post head window i,std_difference_vs_period_1,submission.ipynb cell 5,source-mapped; execution pending dependencies
step2val_min_3_120_2_diff,ThirdFeatureGenerator:diff,cumulative sum over id,pre tail 2*i minus post head window i,min_difference_vs_period_1,submission.ipynb cell 5,source-mapped; execution pending dependencies
step2val_max_3_120_2_diff,ThirdFeatureGenerator:diff,cumulative sum over id,pre tail 2*i minus post head window i,max_difference_vs_period_1,submission.ipynb cell 5,source-mapped; execution pending dependencies
step2val_q25_3_120_2_diff,ThirdFeatureGenerator:diff,cumulative sum over id,pre tail 2*i minus post head window i,q25_difference_vs_period_1,submission.ipynb cell 5,source-mapped; execution pending dependencies
step2val_q50_3_120_2_diff,ThirdFeatureGenerator:diff,cumulative sum over id,pre tail 2*i minus post head window i,q50_difference_vs_period_1,submission.ipynb cell 5,source-mapped; execution pending dependencies
step2val_q75_3_120_2_diff,ThirdFeatureGenerator:diff,cumulative sum over id,pre tail 2*i minus post head window i,q75_difference_vs_period_1,submission.ipynb cell 5,source-mapped; execution pending dependencies
step2val_corr_3_120_2_diff,ThirdFeatureGenerator:diff,cumulative sum over id,pre tail 2*i minus post head window i,corr_difference_vs_period_1,submission.ipynb cell 5,source-mapped; execution pending dependencies
step2val_mean_3_120_3_diff,ThirdFeatureGenerator:diff,cumulative sum over id,pre tail 3*i minus post head window i,mean_difference_vs_period_1,submission.ipynb cell 5,source-mapped; execution pending dependencies
step2val_std_3_120_3_diff,ThirdFeatureGenerator:diff,cumulative sum over id,pre tail 3*i minus post head window i,std_difference_vs_period_1,submission.ipynb cell 5,source-mapped; execution pending dependencies
step2val_min_3_120_3_diff,ThirdFeatureGenerator:diff,cumulative sum over id,pre tail 3*i minus post head window i,min_difference_vs_period_1,submission.ipynb cell 5,source-mapped; execution pending dependencies
step2val_max_3_120_3_diff,ThirdFeatureGenerator:diff,cumulative sum over id,pre tail 3*i minus post head window i,max_difference_vs_period_1,submission.ipynb cell 5,source-mapped; execution pending dependencies
step2val_q25_3_120_3_diff,ThirdFeatureGenerator:diff,cumulative sum over id,pre tail 3*i minus post head window i,q25_difference_vs_period_1,submission.ipynb cell 5,source-mapped; execution pending dependencies
step2val_q50_3_120_3_diff,ThirdFeatureGenerator:diff,cumulative sum over id,pre tail 3*i minus post head window i,q50_difference_vs_period_1,submission.ipynb cell 5,source-mapped; execution pending dependencies
step2val_q75_3_120_3_diff,ThirdFeatureGenerator:diff,cumulative sum over id,pre tail 3*i minus post head window i,q75_difference_vs_period_1,submission.ipynb cell 5,source-mapped; execution pending dependencies
step2val_corr_3_120_3_diff,ThirdFeatureGenerator:diff,cumulative sum over id,pre tail 3*i minus post head window i,corr_difference_vs_period_1,submission.ipynb cell 5,source-mapped; execution pending dependencies
step2val_corr_4_120_0,ThirdFeatureGenerator:pivot,dense rank over id divided by count,pre tail window i,corr,submission.ipynb cell 5,source-mapped; execution pending dependencies
step2val_q25_4_120_0,ThirdFeatureGenerator:pivot,dense rank over id divided by count,pre tail window i,q25,submission.ipynb cell 5,source-mapped; execution pending dependencies
step2val_q50_4_120_0,ThirdFeatureGenerator:pivot,dense rank over id divided by count,pre tail window i,q50,submission.ipynb cell 5,source-mapped; execution pending dependencies
step2val_q75_4_120_0,ThirdFeatureGenerator:pivot,dense rank over id divided by count,pre tail window i,q75,submission.ipynb cell 5,source-mapped; execution pending dependencies
step2val_mean_4_120_0,ThirdFeatureGenerator:pivot,dense rank over id divided by count,pre tail window i,mean,submission.ipynb cell 5,source-mapped; execution pending dependencies
step2val_std_4_120_0,ThirdFeatureGenerator:pivot,dense rank over id divided by count,pre tail window i,std,submission.ipynb cell 5,source-mapped; execution pending dependencies
step2val_min_4_120_0,ThirdFeatureGenerator:pivot,dense rank over id divided by count,pre tail window i,min,submission.ipynb cell 5,source-mapped; execution pending dependencies
step2val_max_4_120_0,ThirdFeatureGenerator:pivot,dense rank over id divided by count,pre tail window i,max,submission.ipynb cell 5,source-mapped; execution pending dependencies
step2val_skew_4_120_0,ThirdFeatureGenerator:pivot,dense rank over id divided by count,pre tail window i,skew,submission.ipynb cell 5,source-mapped; execution pending dependencies
step2val_corr_4_120_1,ThirdFeatureGenerator:pivot,dense rank over id divided by count,post head window i,corr,submission.ipynb cell 5,source-mapped; execution pending dependencies
step2val_q25_4_120_1,ThirdFeatureGenerator:pivot,dense rank over id divided by count,post head window i,q25,submission.ipynb cell 5,source-mapped; execution pending dependencies
step2val_q50_4_120_1,ThirdFeatureGenerator:pivot,dense rank over id divided by count,post head window i,q50,submission.ipynb cell 5,source-mapped; execution pending dependencies
step2val_q75_4_120_1,ThirdFeatureGenerator:pivot,dense rank over id divided by count,post head window i,q75,submission.ipynb cell 5,source-mapped; execution pending dependencies
step2val_mean_4_120_1,ThirdFeatureGenerator:pivot,dense rank over id divided by count,post head window i,mean,submission.ipynb cell 5,source-mapped; execution pending dependencies
step2val_std_4_120_1,ThirdFeatureGenerator:pivot,dense rank over id divided by count,post head window i,std,submission.ipynb cell 5,source-mapped; execution pending dependencies
step2val_min_4_120_1,ThirdFeatureGenerator:pivot,dense rank over id divided by count,post head window i,min,submission.ipynb cell 5,source-mapped; execution pending dependencies
step2val_max_4_120_1,ThirdFeatureGenerator:pivot,dense rank over id divided by count,post head window i,max,submission.ipynb cell 5,source-mapped; execution pending dependencies
step2val_skew_4_120_1,ThirdFeatureGenerator:pivot,dense rank over id divided by count,post head window i,skew,submission.ipynb cell 5,source-mapped; execution pending dependencies
step2val_corr_4_120_2,ThirdFeatureGenerator:pivot,dense rank over id divided by count,pre tail 2*i,corr,submission.ipynb cell 5,source-mapped; execution pending dependencies
step2val_q25_4_120_2,ThirdFeatureGenerator:pivot,dense rank over id divided by count,pre tail 2*i,q25,submission.ipynb cell 5,source-mapped; execution pending dependencies
step2val_q50_4_120_2,ThirdFeatureGenerator:pivot,dense rank over id divided by count,pre tail 2*i,q50,submission.ipynb cell 5,source-mapped; execution pending dependencies
step2val_q75_4_120_2,ThirdFeatureGenerator:pivot,dense rank over id divided by count,pre tail 2*i,q75,submission.ipynb cell 5,source-mapped; execution pending dependencies
step2val_mean_4_120_2,ThirdFeatureGenerator:pivot,dense rank over id divided by count,pre tail 2*i,mean,submission.ipynb cell 5,source-mapped; execution pending dependencies
step2val_std_4_120_2,ThirdFeatureGenerator:pivot,dense rank over id divided by count,pre tail 2*i,std,submission.ipynb cell 5,source-mapped; execution pending dependencies
step2val_min_4_120_2,ThirdFeatureGenerator:pivot,dense rank over id divided by count,pre tail 2*i,min,submission.ipynb cell 5,source-mapped; execution pending dependencies
step2val_max_4_120_2,ThirdFeatureGenerator:pivot,dense rank over id divided by count,pre tail 2*i,max,submission.ipynb cell 5,source-mapped; execution pending dependencies
step2val_skew_4_120_2,ThirdFeatureGenerator:pivot,dense rank over id divided by count,pre tail 2*i,skew,submission.ipynb cell 5,source-mapped; execution pending dependencies
step2val_corr_4_120_3,ThirdFeatureGenerator:pivot,dense rank over id divided by count,pre tail 3*i,corr,submission.ipynb cell 5,source-mapped; execution pending dependencies
step2val_q25_4_120_3,ThirdFeatureGenerator:pivot,dense rank over id divided by count,pre tail 3*i,q25,submission.ipynb cell 5,source-mapped; execution pending dependencies
step2val_q50_4_120_3,ThirdFeatureGenerator:pivot,dense rank over id divided by count,pre tail 3*i,q50,submission.ipynb cell 5,source-mapped; execution pending dependencies
step2val_q75_4_120_3,ThirdFeatureGenerator:pivot,dense rank over id divided by count,pre tail 3*i,q75,submission.ipynb cell 5,source-mapped; execution pending dependencies
step2val_mean_4_120_3,ThirdFeatureGenerator:pivot,dense rank over id divided by count,pre tail 3*i,mean,submission.ipynb cell 5,source-mapped; execution pending dependencies
step2val_std_4_120_3,ThirdFeatureGenerator:pivot,dense rank over id divided by count,pre tail 3*i,std,submission.ipynb cell 5,source-mapped; execution pending dependencies
step2val_min_4_120_3,ThirdFeatureGenerator:pivot,dense rank over id divided by count,pre tail 3*i,min,submission.ipynb cell 5,source-mapped; execution pending dependencies
step2val_max_4_120_3,ThirdFeatureGenerator:pivot,dense rank over id divided by count,pre tail 3*i,max,submission.ipynb cell 5,source-mapped; execution pending dependencies
step2val_skew_4_120_3,ThirdFeatureGenerator:pivot,dense rank over id divided by count,pre tail 3*i,skew,submission.ipynb cell 5,source-mapped; execution pending dependencies
step2val_mean_4_120_0_diff,ThirdFeatureGenerator:diff,dense rank over id divided by count,pre tail window i minus post head window i,mean_difference_vs_period_1,submission.ipynb cell 5,source-mapped; execution pending dependencies
step2val_std_4_120_0_diff,ThirdFeatureGenerator:diff,dense rank over id divided by count,pre tail window i minus post head window i,std_difference_vs_period_1,submission.ipynb cell 5,source-mapped; execution pending dependencies
step2val_min_4_120_0_diff,ThirdFeatureGenerator:diff,dense rank over id divided by count,pre tail window i minus post head window i,min_difference_vs_period_1,submission.ipynb cell 5,source-mapped; execution pending dependencies
step2val_max_4_120_0_diff,ThirdFeatureGenerator:diff,dense rank over id divided by count,pre tail window i minus post head window i,max_difference_vs_period_1,submission.ipynb cell 5,source-mapped; execution pending dependencies
step2val_q25_4_120_0_diff,ThirdFeatureGenerator:diff,dense rank over id divided by count,pre tail window i minus post head window i,q25_difference_vs_period_1,submission.ipynb cell 5,source-mapped; execution pending dependencies
step2val_q50_4_120_0_diff,ThirdFeatureGenerator:diff,dense rank over id divided by count,pre tail window i minus post head window i,q50_difference_vs_period_1,submission.ipynb cell 5,source-mapped; execution pending dependencies
step2val_q75_4_120_0_diff,ThirdFeatureGenerator:diff,dense rank over id divided by count,pre tail window i minus post head window i,q75_difference_vs_period_1,submission.ipynb cell 5,source-mapped; execution pending dependencies
step2val_corr_4_120_0_diff,ThirdFeatureGenerator:diff,dense rank over id divided by count,pre tail window i minus post head window i,corr_difference_vs_period_1,submission.ipynb cell 5,source-mapped; execution pending dependencies
step2val_mean_4_120_2_diff,ThirdFeatureGenerator:diff,dense rank over id divided by count,pre tail 2*i minus post head window i,mean_difference_vs_period_1,submission.ipynb cell 5,source-mapped; execution pending dependencies
step2val_std_4_120_2_diff,ThirdFeatureGenerator:diff,dense rank over id divided by count,pre tail 2*i minus post head window i,std_difference_vs_period_1,submission.ipynb cell 5,source-mapped; execution pending dependencies
step2val_min_4_120_2_diff,ThirdFeatureGenerator:diff,dense rank over id divided by count,pre tail 2*i minus post head window i,min_difference_vs_period_1,submission.ipynb cell 5,source-mapped; execution pending dependencies
step2val_max_4_120_2_diff,ThirdFeatureGenerator:diff,dense rank over id divided by count,pre tail 2*i minus post head window i,max_difference_vs_period_1,submission.ipynb cell 5,source-mapped; execution pending dependencies
step2val_q25_4_120_2_diff,ThirdFeatureGenerator:diff,dense rank over id divided by count,pre tail 2*i minus post head window i,q25_difference_vs_period_1,submission.ipynb cell 5,source-mapped; execution pending dependencies
step2val_q50_4_120_2_diff,ThirdFeatureGenerator:diff,dense rank over id divided by count,pre tail 2*i minus post head window i,q50_difference_vs_period_1,submission.ipynb cell 5,source-mapped; execution pending dependencies
step2val_q75_4_120_2_diff,ThirdFeatureGenerator:diff,dense rank over id divided by count,pre tail 2*i minus post head window i,q75_difference_vs_period_1,submission.ipynb cell 5,source-mapped; execution pending dependencies
step2val_corr_4_120_2_diff,ThirdFeatureGenerator:diff,dense rank over id divided by count,pre tail 2*i minus post head window i,corr_difference_vs_period_1,submission.ipynb cell 5,source-mapped; execution pending dependencies
step2val_mean_4_120_3_diff,ThirdFeatureGenerator:diff,dense rank over id divided by count,pre tail 3*i minus post head window i,mean_difference_vs_period_1,submission.ipynb cell 5,source-mapped; execution pending dependencies
step2val_std_4_120_3_diff,ThirdFeatureGenerator:diff,dense rank over id divided by count,pre tail 3*i minus post head window i,std_difference_vs_period_1,submission.ipynb cell 5,source-mapped; execution pending dependencies
step2val_min_4_120_3_diff,ThirdFeatureGenerator:diff,dense rank over id divided by count,pre tail 3*i minus post head window i,min_difference_vs_period_1,submission.ipynb cell 5,source-mapped; execution pending dependencies
step2val_max_4_120_3_diff,ThirdFeatureGenerator:diff,dense rank over id divided by count,pre tail 3*i minus post head window i,max_difference_vs_period_1,submission.ipynb cell 5,source-mapped; execution pending dependencies
step2val_q25_4_120_3_diff,ThirdFeatureGenerator:diff,dense rank over id divided by count,pre tail 3*i minus post head window i,q25_difference_vs_period_1,submission.ipynb cell 5,source-mapped; execution pending dependencies
step2val_q50_4_120_3_diff,ThirdFeatureGenerator:diff,dense rank over id divided by count,pre tail 3*i minus post head window i,q50_difference_vs_period_1,submission.ipynb cell 5,source-mapped; execution pending dependencies
step2val_q75_4_120_3_diff,ThirdFeatureGenerator:diff,dense rank over id divided by count,pre tail 3*i minus post head window i,q75_difference_vs_period_1,submission.ipynb cell 5,source-mapped; execution pending dependencies
step2val_corr_4_120_3_diff,ThirdFeatureGenerator:diff,dense rank over id divided by count,pre tail 3*i minus post head window i,corr_difference_vs_period_1,submission.ipynb cell 5,source-mapped; execution pending dependencies
step2val_corr_5_120_0,ThirdFeatureGenerator:pivot,absolute value,pre tail window i,corr,submission.ipynb cell 5,source-mapped; execution pending dependencies
step2val_q25_5_120_0,ThirdFeatureGenerator:pivot,absolute value,pre tail window i,q25,submission.ipynb cell 5,source-mapped; execution pending dependencies
step2val_q50_5_120_0,ThirdFeatureGenerator:pivot,absolute value,pre tail window i,q50,submission.ipynb cell 5,source-mapped; execution pending dependencies
step2val_q75_5_120_0,ThirdFeatureGenerator:pivot,absolute value,pre tail window i,q75,submission.ipynb cell 5,source-mapped; execution pending dependencies
step2val_mean_5_120_0,ThirdFeatureGenerator:pivot,absolute value,pre tail window i,mean,submission.ipynb cell 5,source-mapped; execution pending dependencies
step2val_std_5_120_0,ThirdFeatureGenerator:pivot,absolute value,pre tail window i,std,submission.ipynb cell 5,source-mapped; execution pending dependencies
step2val_min_5_120_0,ThirdFeatureGenerator:pivot,absolute value,pre tail window i,min,submission.ipynb cell 5,source-mapped; execution pending dependencies
step2val_max_5_120_0,ThirdFeatureGenerator:pivot,absolute value,pre tail window i,max,submission.ipynb cell 5,source-mapped; execution pending dependencies
step2val_skew_5_120_0,ThirdFeatureGenerator:pivot,absolute value,pre tail window i,skew,submission.ipynb cell 5,source-mapped; execution pending dependencies
step2val_corr_5_120_1,ThirdFeatureGenerator:pivot,absolute value,post head window i,corr,submission.ipynb cell 5,source-mapped; execution pending dependencies
step2val_q25_5_120_1,ThirdFeatureGenerator:pivot,absolute value,post head window i,q25,submission.ipynb cell 5,source-mapped; execution pending dependencies
step2val_q50_5_120_1,ThirdFeatureGenerator:pivot,absolute value,post head window i,q50,submission.ipynb cell 5,source-mapped; execution pending dependencies
step2val_q75_5_120_1,ThirdFeatureGenerator:pivot,absolute value,post head window i,q75,submission.ipynb cell 5,source-mapped; execution pending dependencies
step2val_mean_5_120_1,ThirdFeatureGenerator:pivot,absolute value,post head window i,mean,submission.ipynb cell 5,source-mapped; execution pending dependencies
step2val_std_5_120_1,ThirdFeatureGenerator:pivot,absolute value,post head window i,std,submission.ipynb cell 5,source-mapped; execution pending dependencies
step2val_min_5_120_1,ThirdFeatureGenerator:pivot,absolute value,post head window i,min,submission.ipynb cell 5,source-mapped; execution pending dependencies
step2val_max_5_120_1,ThirdFeatureGenerator:pivot,absolute value,post head window i,max,submission.ipynb cell 5,source-mapped; execution pending dependencies
step2val_skew_5_120_1,ThirdFeatureGenerator:pivot,absolute value,post head window i,skew,submission.ipynb cell 5,source-mapped; execution pending dependencies
step2val_corr_5_120_2,ThirdFeatureGenerator:pivot,absolute value,pre tail 2*i,corr,submission.ipynb cell 5,source-mapped; execution pending dependencies
step2val_q25_5_120_2,ThirdFeatureGenerator:pivot,absolute value,pre tail 2*i,q25,submission.ipynb cell 5,source-mapped; execution pending dependencies
step2val_q50_5_120_2,ThirdFeatureGenerator:pivot,absolute value,pre tail 2*i,q50,submission.ipynb cell 5,source-mapped; execution pending dependencies
step2val_q75_5_120_2,ThirdFeatureGenerator:pivot,absolute value,pre tail 2*i,q75,submission.ipynb cell 5,source-mapped; execution pending dependencies
step2val_mean_5_120_2,ThirdFeatureGenerator:pivot,absolute value,pre tail 2*i,mean,submission.ipynb cell 5,source-mapped; execution pending dependencies
step2val_std_5_120_2,ThirdFeatureGenerator:pivot,absolute value,pre tail 2*i,std,submission.ipynb cell 5,source-mapped; execution pending dependencies
step2val_min_5_120_2,ThirdFeatureGenerator:pivot,absolute value,pre tail 2*i,min,submission.ipynb cell 5,source-mapped; execution pending dependencies
step2val_max_5_120_2,ThirdFeatureGenerator:pivot,absolute value,pre tail 2*i,max,submission.ipynb cell 5,source-mapped; execution pending dependencies
step2val_skew_5_120_2,ThirdFeatureGenerator:pivot,absolute value,pre tail 2*i,skew,submission.ipynb cell 5,source-mapped; execution pending dependencies
step2val_corr_5_120_3,ThirdFeatureGenerator:pivot,absolute value,pre tail 3*i,corr,submission.ipynb cell 5,source-mapped; execution pending dependencies
step2val_q25_5_120_3,ThirdFeatureGenerator:pivot,absolute value,pre tail 3*i,q25,submission.ipynb cell 5,source-mapped; execution pending dependencies
step2val_q50_5_120_3,ThirdFeatureGenerator:pivot,absolute value,pre tail 3*i,q50,submission.ipynb cell 5,source-mapped; execution pending dependencies
step2val_q75_5_120_3,ThirdFeatureGenerator:pivot,absolute value,pre tail 3*i,q75,submission.ipynb cell 5,source-mapped; execution pending dependencies
step2val_mean_5_120_3,ThirdFeatureGenerator:pivot,absolute value,pre tail 3*i,mean,submission.ipynb cell 5,source-mapped; execution pending dependencies
step2val_std_5_120_3,ThirdFeatureGenerator:pivot,absolute value,pre tail 3*i,std,submission.ipynb cell 5,source-mapped; execution pending dependencies
step2val_min_5_120_3,ThirdFeatureGenerator:pivot,absolute value,pre tail 3*i,min,submission.ipynb cell 5,source-mapped; execution pending dependencies
step2val_max_5_120_3,ThirdFeatureGenerator:pivot,absolute value,pre tail 3*i,max,submission.ipynb cell 5,source-mapped; execution pending dependencies
step2val_skew_5_120_3,ThirdFeatureGenerator:pivot,absolute value,pre tail 3*i,skew,submission.ipynb cell 5,source-mapped; execution pending dependencies
step2val_mean_5_120_0_diff,ThirdFeatureGenerator:diff,absolute value,pre tail window i minus post head window i,mean_difference_vs_period_1,submission.ipynb cell 5,source-mapped; execution pending dependencies
step2val_std_5_120_0_diff,ThirdFeatureGenerator:diff,absolute value,pre tail window i minus post head window i,std_difference_vs_period_1,submission.ipynb cell 5,source-mapped; execution pending dependencies
step2val_min_5_120_0_diff,ThirdFeatureGenerator:diff,absolute value,pre tail window i minus post head window i,min_difference_vs_period_1,submission.ipynb cell 5,source-mapped; execution pending dependencies
step2val_max_5_120_0_diff,ThirdFeatureGenerator:diff,absolute value,pre tail window i minus post head window i,max_difference_vs_period_1,submission.ipynb cell 5,source-mapped; execution pending dependencies
step2val_q25_5_120_0_diff,ThirdFeatureGenerator:diff,absolute value,pre tail window i minus post head window i,q25_difference_vs_period_1,submission.ipynb cell 5,source-mapped; execution pending dependencies
step2val_q50_5_120_0_diff,ThirdFeatureGenerator:diff,absolute value,pre tail window i minus post head window i,q50_difference_vs_period_1,submission.ipynb cell 5,source-mapped; execution pending dependencies
step2val_q75_5_120_0_diff,ThirdFeatureGenerator:diff,absolute value,pre tail window i minus post head window i,q75_difference_vs_period_1,submission.ipynb cell 5,source-mapped; execution pending dependencies
step2val_corr_5_120_0_diff,ThirdFeatureGenerator:diff,absolute value,pre tail window i minus post head window i,corr_difference_vs_period_1,submission.ipynb cell 5,source-mapped; execution pending dependencies
step2val_mean_5_120_2_diff,ThirdFeatureGenerator:diff,absolute value,pre tail 2*i minus post head window i,mean_difference_vs_period_1,submission.ipynb cell 5,source-mapped; execution pending dependencies
step2val_std_5_120_2_diff,ThirdFeatureGenerator:diff,absolute value,pre tail 2*i minus post head window i,std_difference_vs_period_1,submission.ipynb cell 5,source-mapped; execution pending dependencies
step2val_min_5_120_2_diff,ThirdFeatureGenerator:diff,absolute value,pre tail 2*i minus post head window i,min_difference_vs_period_1,submission.ipynb cell 5,source-mapped; execution pending dependencies
step2val_max_5_120_2_diff,ThirdFeatureGenerator:diff,absolute value,pre tail 2*i minus post head window i,max_difference_vs_period_1,submission.ipynb cell 5,source-mapped; execution pending dependencies
step2val_q25_5_120_2_diff,ThirdFeatureGenerator:diff,absolute value,pre tail 2*i minus post head window i,q25_difference_vs_period_1,submission.ipynb cell 5,source-mapped; execution pending dependencies
step2val_q50_5_120_2_diff,ThirdFeatureGenerator:diff,absolute value,pre tail 2*i minus post head window i,q50_difference_vs_period_1,submission.ipynb cell 5,source-mapped; execution pending dependencies
step2val_q75_5_120_2_diff,ThirdFeatureGenerator:diff,absolute value,pre tail 2*i minus post head window i,q75_difference_vs_period_1,submission.ipynb cell 5,source-mapped; execution pending dependencies
step2val_corr_5_120_2_diff,ThirdFeatureGenerator:diff,absolute value,pre tail 2*i minus post head window i,corr_difference_vs_period_1,submission.ipynb cell 5,source-mapped; execution pending dependencies
step2val_mean_5_120_3_diff,ThirdFeatureGenerator:diff,absolute value,pre tail 3*i minus post head window i,mean_difference_vs_period_1,submission.ipynb cell 5,source-mapped; execution pending dependencies
step2val_std_5_120_3_diff,ThirdFeatureGenerator:diff,absolute value,pre tail 3*i minus post head window i,std_difference_vs_period_1,submission.ipynb cell 5,source-mapped; execution pending dependencies
step2val_min_5_120_3_diff,ThirdFeatureGenerator:diff,absolute value,pre tail 3*i minus post head window i,min_difference_vs_period_1,submission.ipynb cell 5,source-mapped; execution pending dependencies
step2val_max_5_120_3_diff,ThirdFeatureGenerator:diff,absolute value,pre tail 3*i minus post head window i,max_difference_vs_period_1,submission.ipynb cell 5,source-mapped; execution pending dependencies
step2val_q25_5_120_3_diff,ThirdFeatureGenerator:diff,absolute value,pre tail 3*i minus post head window i,q25_difference_vs_period_1,submission.ipynb cell 5,source-mapped; execution pending dependencies
step2val_q50_5_120_3_diff,ThirdFeatureGenerator:diff,absolute value,pre tail 3*i minus post head window i,q50_difference_vs_period_1,submission.ipynb cell 5,source-mapped; execution pending dependencies
step2val_q75_5_120_3_diff,ThirdFeatureGenerator:diff,absolute value,pre tail 3*i minus post head window i,q75_difference_vs_period_1,submission.ipynb cell 5,source-mapped; execution pending dependencies
step2val_corr_5_120_3_diff,ThirdFeatureGenerator:diff,absolute value,pre tail 3*i minus post head window i,corr_difference_vs_period_1,submission.ipynb cell 5,source-mapped; execution pending dependencies
step2val_corr_6_120_0,ThirdFeatureGenerator:pivot,rolling mean window 16 over id,pre tail window i,corr,submission.ipynb cell 5,source-mapped; execution pending dependencies
step2val_q25_6_120_0,ThirdFeatureGenerator:pivot,rolling mean window 16 over id,pre tail window i,q25,submission.ipynb cell 5,source-mapped; execution pending dependencies
step2val_q50_6_120_0,ThirdFeatureGenerator:pivot,rolling mean window 16 over id,pre tail window i,q50,submission.ipynb cell 5,source-mapped; execution pending dependencies
step2val_q75_6_120_0,ThirdFeatureGenerator:pivot,rolling mean window 16 over id,pre tail window i,q75,submission.ipynb cell 5,source-mapped; execution pending dependencies
step2val_mean_6_120_0,ThirdFeatureGenerator:pivot,rolling mean window 16 over id,pre tail window i,mean,submission.ipynb cell 5,source-mapped; execution pending dependencies
step2val_std_6_120_0,ThirdFeatureGenerator:pivot,rolling mean window 16 over id,pre tail window i,std,submission.ipynb cell 5,source-mapped; execution pending dependencies
step2val_min_6_120_0,ThirdFeatureGenerator:pivot,rolling mean window 16 over id,pre tail window i,min,submission.ipynb cell 5,source-mapped; execution pending dependencies
step2val_max_6_120_0,ThirdFeatureGenerator:pivot,rolling mean window 16 over id,pre tail window i,max,submission.ipynb cell 5,source-mapped; execution pending dependencies
step2val_skew_6_120_0,ThirdFeatureGenerator:pivot,rolling mean window 16 over id,pre tail window i,skew,submission.ipynb cell 5,source-mapped; execution pending dependencies
step2val_corr_6_120_1,ThirdFeatureGenerator:pivot,rolling mean window 16 over id,post head window i,corr,submission.ipynb cell 5,source-mapped; execution pending dependencies
step2val_q25_6_120_1,ThirdFeatureGenerator:pivot,rolling mean window 16 over id,post head window i,q25,submission.ipynb cell 5,source-mapped; execution pending dependencies
step2val_q50_6_120_1,ThirdFeatureGenerator:pivot,rolling mean window 16 over id,post head window i,q50,submission.ipynb cell 5,source-mapped; execution pending dependencies
step2val_q75_6_120_1,ThirdFeatureGenerator:pivot,rolling mean window 16 over id,post head window i,q75,submission.ipynb cell 5,source-mapped; execution pending dependencies
step2val_mean_6_120_1,ThirdFeatureGenerator:pivot,rolling mean window 16 over id,post head window i,mean,submission.ipynb cell 5,source-mapped; execution pending dependencies
step2val_std_6_120_1,ThirdFeatureGenerator:pivot,rolling mean window 16 over id,post head window i,std,submission.ipynb cell 5,source-mapped; execution pending dependencies
step2val_min_6_120_1,ThirdFeatureGenerator:pivot,rolling mean window 16 over id,post head window i,min,submission.ipynb cell 5,source-mapped; execution pending dependencies
step2val_max_6_120_1,ThirdFeatureGenerator:pivot,rolling mean window 16 over id,post head window i,max,submission.ipynb cell 5,source-mapped; execution pending dependencies
step2val_skew_6_120_1,ThirdFeatureGenerator:pivot,rolling mean window 16 over id,post head window i,skew,submission.ipynb cell 5,source-mapped; execution pending dependencies
step2val_corr_6_120_2,ThirdFeatureGenerator:pivot,rolling mean window 16 over id,pre tail 2*i,corr,submission.ipynb cell 5,source-mapped; execution pending dependencies
step2val_q25_6_120_2,ThirdFeatureGenerator:pivot,rolling mean window 16 over id,pre tail 2*i,q25,submission.ipynb cell 5,source-mapped; execution pending dependencies
step2val_q50_6_120_2,ThirdFeatureGenerator:pivot,rolling mean window 16 over id,pre tail 2*i,q50,submission.ipynb cell 5,source-mapped; execution pending dependencies
step2val_q75_6_120_2,ThirdFeatureGenerator:pivot,rolling mean window 16 over id,pre tail 2*i,q75,submission.ipynb cell 5,source-mapped; execution pending dependencies
step2val_mean_6_120_2,ThirdFeatureGenerator:pivot,rolling mean window 16 over id,pre tail 2*i,mean,submission.ipynb cell 5,source-mapped; execution pending dependencies
step2val_std_6_120_2,ThirdFeatureGenerator:pivot,rolling mean window 16 over id,pre tail 2*i,std,submission.ipynb cell 5,source-mapped; execution pending dependencies
step2val_min_6_120_2,ThirdFeatureGenerator:pivot,rolling mean window 16 over id,pre tail 2*i,min,submission.ipynb cell 5,source-mapped; execution pending dependencies
step2val_max_6_120_2,ThirdFeatureGenerator:pivot,rolling mean window 16 over id,pre tail 2*i,max,submission.ipynb cell 5,source-mapped; execution pending dependencies
step2val_skew_6_120_2,ThirdFeatureGenerator:pivot,rolling mean window 16 over id,pre tail 2*i,skew,submission.ipynb cell 5,source-mapped; execution pending dependencies
step2val_corr_6_120_3,ThirdFeatureGenerator:pivot,rolling mean window 16 over id,pre tail 3*i,corr,submission.ipynb cell 5,source-mapped; execution pending dependencies
step2val_q25_6_120_3,ThirdFeatureGenerator:pivot,rolling mean window 16 over id,pre tail 3*i,q25,submission.ipynb cell 5,source-mapped; execution pending dependencies
step2val_q50_6_120_3,ThirdFeatureGenerator:pivot,rolling mean window 16 over id,pre tail 3*i,q50,submission.ipynb cell 5,source-mapped; execution pending dependencies
step2val_q75_6_120_3,ThirdFeatureGenerator:pivot,rolling mean window 16 over id,pre tail 3*i,q75,submission.ipynb cell 5,source-mapped; execution pending dependencies
step2val_mean_6_120_3,ThirdFeatureGenerator:pivot,rolling mean window 16 over id,pre tail 3*i,mean,submission.ipynb cell 5,source-mapped; execution pending dependencies
step2val_std_6_120_3,ThirdFeatureGenerator:pivot,rolling mean window 16 over id,pre tail 3*i,std,submission.ipynb cell 5,source-mapped; execution pending dependencies
step2val_min_6_120_3,ThirdFeatureGenerator:pivot,rolling mean window 16 over id,pre tail 3*i,min,submission.ipynb cell 5,source-mapped; execution pending dependencies
step2val_max_6_120_3,ThirdFeatureGenerator:pivot,rolling mean window 16 over id,pre tail 3*i,max,submission.ipynb cell 5,source-mapped; execution pending dependencies
step2val_skew_6_120_3,ThirdFeatureGenerator:pivot,rolling mean window 16 over id,pre tail 3*i,skew,submission.ipynb cell 5,source-mapped; execution pending dependencies
step2val_mean_6_120_0_diff,ThirdFeatureGenerator:diff,rolling mean window 16 over id,pre tail window i minus post head window i,mean_difference_vs_period_1,submission.ipynb cell 5,source-mapped; execution pending dependencies
step2val_std_6_120_0_diff,ThirdFeatureGenerator:diff,rolling mean window 16 over id,pre tail window i minus post head window i,std_difference_vs_period_1,submission.ipynb cell 5,source-mapped; execution pending dependencies
step2val_min_6_120_0_diff,ThirdFeatureGenerator:diff,rolling mean window 16 over id,pre tail window i minus post head window i,min_difference_vs_period_1,submission.ipynb cell 5,source-mapped; execution pending dependencies
step2val_max_6_120_0_diff,ThirdFeatureGenerator:diff,rolling mean window 16 over id,pre tail window i minus post head window i,max_difference_vs_period_1,submission.ipynb cell 5,source-mapped; execution pending dependencies
step2val_q25_6_120_0_diff,ThirdFeatureGenerator:diff,rolling mean window 16 over id,pre tail window i minus post head window i,q25_difference_vs_period_1,submission.ipynb cell 5,source-mapped; execution pending dependencies
step2val_q50_6_120_0_diff,ThirdFeatureGenerator:diff,rolling mean window 16 over id,pre tail window i minus post head window i,q50_difference_vs_period_1,submission.ipynb cell 5,source-mapped; execution pending dependencies
step2val_q75_6_120_0_diff,ThirdFeatureGenerator:diff,rolling mean window 16 over id,pre tail window i minus post head window i,q75_difference_vs_period_1,submission.ipynb cell 5,source-mapped; execution pending dependencies
step2val_corr_6_120_0_diff,ThirdFeatureGenerator:diff,rolling mean window 16 over id,pre tail window i minus post head window i,corr_difference_vs_period_1,submission.ipynb cell 5,source-mapped; execution pending dependencies
step2val_mean_6_120_2_diff,ThirdFeatureGenerator:diff,rolling mean window 16 over id,pre tail 2*i minus post head window i,mean_difference_vs_period_1,submission.ipynb cell 5,source-mapped; execution pending dependencies
step2val_std_6_120_2_diff,ThirdFeatureGenerator:diff,rolling mean window 16 over id,pre tail 2*i minus post head window i,std_difference_vs_period_1,submission.ipynb cell 5,source-mapped; execution pending dependencies
step2val_min_6_120_2_diff,ThirdFeatureGenerator:diff,rolling mean window 16 over id,pre tail 2*i minus post head window i,min_difference_vs_period_1,submission.ipynb cell 5,source-mapped; execution pending dependencies
step2val_max_6_120_2_diff,ThirdFeatureGenerator:diff,rolling mean window 16 over id,pre tail 2*i minus post head window i,max_difference_vs_period_1,submission.ipynb cell 5,source-mapped; execution pending dependencies
step2val_q25_6_120_2_diff,ThirdFeatureGenerator:diff,rolling mean window 16 over id,pre tail 2*i minus post head window i,q25_difference_vs_period_1,submission.ipynb cell 5,source-mapped; execution pending dependencies
step2val_q50_6_120_2_diff,ThirdFeatureGenerator:diff,rolling mean window 16 over id,pre tail 2*i minus post head window i,q50_difference_vs_period_1,submission.ipynb cell 5,source-mapped; execution pending dependencies
step2val_q75_6_120_2_diff,ThirdFeatureGenerator:diff,rolling mean window 16 over id,pre tail 2*i minus post head window i,q75_difference_vs_period_1,submission.ipynb cell 5,source-mapped; execution pending dependencies
step2val_corr_6_120_2_diff,ThirdFeatureGenerator:diff,rolling mean window 16 over id,pre tail 2*i minus post head window i,corr_difference_vs_period_1,submission.ipynb cell 5,source-mapped; execution pending dependencies
step2val_mean_6_120_3_diff,ThirdFeatureGenerator:diff,rolling mean window 16 over id,pre tail 3*i minus post head window i,mean_difference_vs_period_1,submission.ipynb cell 5,source-mapped; execution pending dependencies
step2val_std_6_120_3_diff,ThirdFeatureGenerator:diff,rolling mean window 16 over id,pre tail 3*i minus post head window i,std_difference_vs_period_1,submission.ipynb cell 5,source-mapped; execution pending dependencies
step2val_min_6_120_3_diff,ThirdFeatureGenerator:diff,rolling mean window 16 over id,pre tail 3*i minus post head window i,min_difference_vs_period_1,submission.ipynb cell 5,source-mapped; execution pending dependencies
step2val_max_6_120_3_diff,ThirdFeatureGenerator:diff,rolling mean window 16 over id,pre tail 3*i minus post head window i,max_difference_vs_period_1,submission.ipynb cell 5,source-mapped; execution pending dependencies
step2val_q25_6_120_3_diff,ThirdFeatureGenerator:diff,rolling mean window 16 over id,pre tail 3*i minus post head window i,q25_difference_vs_period_1,submission.ipynb cell 5,source-mapped; execution pending dependencies
step2val_q50_6_120_3_diff,ThirdFeatureGenerator:diff,rolling mean window 16 over id,pre tail 3*i minus post head window i,q50_difference_vs_period_1,submission.ipynb cell 5,source-mapped; execution pending dependencies
step2val_q75_6_120_3_diff,ThirdFeatureGenerator:diff,rolling mean window 16 over id,pre tail 3*i minus post head window i,q75_difference_vs_period_1,submission.ipynb cell 5,source-mapped; execution pending dependencies
step2val_corr_6_120_3_diff,ThirdFeatureGenerator:diff,rolling mean window 16 over id,pre tail 3*i minus post head window i,corr_difference_vs_period_1,submission.ipynb cell 5,source-mapped; execution pending dependencies
step2val_corr_7_120_0,ThirdFeatureGenerator:pivot,rolling std window 16 over id,pre tail window i,corr,submission.ipynb cell 5,source-mapped; execution pending dependencies
step2val_q25_7_120_0,ThirdFeatureGenerator:pivot,rolling std window 16 over id,pre tail window i,q25,submission.ipynb cell 5,source-mapped; execution pending dependencies
step2val_q50_7_120_0,ThirdFeatureGenerator:pivot,rolling std window 16 over id,pre tail window i,q50,submission.ipynb cell 5,source-mapped; execution pending dependencies
step2val_q75_7_120_0,ThirdFeatureGenerator:pivot,rolling std window 16 over id,pre tail window i,q75,submission.ipynb cell 5,source-mapped; execution pending dependencies
step2val_mean_7_120_0,ThirdFeatureGenerator:pivot,rolling std window 16 over id,pre tail window i,mean,submission.ipynb cell 5,source-mapped; execution pending dependencies
step2val_std_7_120_0,ThirdFeatureGenerator:pivot,rolling std window 16 over id,pre tail window i,std,submission.ipynb cell 5,source-mapped; execution pending dependencies
step2val_min_7_120_0,ThirdFeatureGenerator:pivot,rolling std window 16 over id,pre tail window i,min,submission.ipynb cell 5,source-mapped; execution pending dependencies
step2val_max_7_120_0,ThirdFeatureGenerator:pivot,rolling std window 16 over id,pre tail window i,max,submission.ipynb cell 5,source-mapped; execution pending dependencies
step2val_skew_7_120_0,ThirdFeatureGenerator:pivot,rolling std window 16 over id,pre tail window i,skew,submission.ipynb cell 5,source-mapped; execution pending dependencies
step2val_corr_7_120_1,ThirdFeatureGenerator:pivot,rolling std window 16 over id,post head window i,corr,submission.ipynb cell 5,source-mapped; execution pending dependencies
step2val_q25_7_120_1,ThirdFeatureGenerator:pivot,rolling std window 16 over id,post head window i,q25,submission.ipynb cell 5,source-mapped; execution pending dependencies
step2val_q50_7_120_1,ThirdFeatureGenerator:pivot,rolling std window 16 over id,post head window i,q50,submission.ipynb cell 5,source-mapped; execution pending dependencies
step2val_q75_7_120_1,ThirdFeatureGenerator:pivot,rolling std window 16 over id,post head window i,q75,submission.ipynb cell 5,source-mapped; execution pending dependencies
step2val_mean_7_120_1,ThirdFeatureGenerator:pivot,rolling std window 16 over id,post head window i,mean,submission.ipynb cell 5,source-mapped; execution pending dependencies
step2val_std_7_120_1,ThirdFeatureGenerator:pivot,rolling std window 16 over id,post head window i,std,submission.ipynb cell 5,source-mapped; execution pending dependencies
step2val_min_7_120_1,ThirdFeatureGenerator:pivot,rolling std window 16 over id,post head window i,min,submission.ipynb cell 5,source-mapped; execution pending dependencies
step2val_max_7_120_1,ThirdFeatureGenerator:pivot,rolling std window 16 over id,post head window i,max,submission.ipynb cell 5,source-mapped; execution pending dependencies
step2val_skew_7_120_1,ThirdFeatureGenerator:pivot,rolling std window 16 over id,post head window i,skew,submission.ipynb cell 5,source-mapped; execution pending dependencies
step2val_corr_7_120_2,ThirdFeatureGenerator:pivot,rolling std window 16 over id,pre tail 2*i,corr,submission.ipynb cell 5,source-mapped; execution pending dependencies
step2val_q25_7_120_2,ThirdFeatureGenerator:pivot,rolling std window 16 over id,pre tail 2*i,q25,submission.ipynb cell 5,source-mapped; execution pending dependencies
step2val_q50_7_120_2,ThirdFeatureGenerator:pivot,rolling std window 16 over id,pre tail 2*i,q50,submission.ipynb cell 5,source-mapped; execution pending dependencies
step2val_q75_7_120_2,ThirdFeatureGenerator:pivot,rolling std window 16 over id,pre tail 2*i,q75,submission.ipynb cell 5,source-mapped; execution pending dependencies
step2val_mean_7_120_2,ThirdFeatureGenerator:pivot,rolling std window 16 over id,pre tail 2*i,mean,submission.ipynb cell 5,source-mapped; execution pending dependencies
step2val_std_7_120_2,ThirdFeatureGenerator:pivot,rolling std window 16 over id,pre tail 2*i,std,submission.ipynb cell 5,source-mapped; execution pending dependencies
step2val_min_7_120_2,ThirdFeatureGenerator:pivot,rolling std window 16 over id,pre tail 2*i,min,submission.ipynb cell 5,source-mapped; execution pending dependencies
step2val_max_7_120_2,ThirdFeatureGenerator:pivot,rolling std window 16 over id,pre tail 2*i,max,submission.ipynb cell 5,source-mapped; execution pending dependencies
step2val_skew_7_120_2,ThirdFeatureGenerator:pivot,rolling std window 16 over id,pre tail 2*i,skew,submission.ipynb cell 5,source-mapped; execution pending dependencies
step2val_corr_7_120_3,ThirdFeatureGenerator:pivot,rolling std window 16 over id,pre tail 3*i,corr,submission.ipynb cell 5,source-mapped; execution pending dependencies
step2val_q25_7_120_3,ThirdFeatureGenerator:pivot,rolling std window 16 over id,pre tail 3*i,q25,submission.ipynb cell 5,source-mapped; execution pending dependencies
step2val_q50_7_120_3,ThirdFeatureGenerator:pivot,rolling std window 16 over id,pre tail 3*i,q50,submission.ipynb cell 5,source-mapped; execution pending dependencies
step2val_q75_7_120_3,ThirdFeatureGenerator:pivot,rolling std window 16 over id,pre tail 3*i,q75,submission.ipynb cell 5,source-mapped; execution pending dependencies
step2val_mean_7_120_3,ThirdFeatureGenerator:pivot,rolling std window 16 over id,pre tail 3*i,mean,submission.ipynb cell 5,source-mapped; execution pending dependencies
step2val_std_7_120_3,ThirdFeatureGenerator:pivot,rolling std window 16 over id,pre tail 3*i,std,submission.ipynb cell 5,source-mapped; execution pending dependencies
step2val_min_7_120_3,ThirdFeatureGenerator:pivot,rolling std window 16 over id,pre tail 3*i,min,submission.ipynb cell 5,source-mapped; execution pending dependencies
step2val_max_7_120_3,ThirdFeatureGenerator:pivot,rolling std window 16 over id,pre tail 3*i,max,submission.ipynb cell 5,source-mapped; execution pending dependencies
step2val_skew_7_120_3,ThirdFeatureGenerator:pivot,rolling std window 16 over id,pre tail 3*i,skew,submission.ipynb cell 5,source-mapped; execution pending dependencies
step2val_mean_7_120_0_diff,ThirdFeatureGenerator:diff,rolling std window 16 over id,pre tail window i minus post head window i,mean_difference_vs_period_1,submission.ipynb cell 5,source-mapped; execution pending dependencies
step2val_std_7_120_0_diff,ThirdFeatureGenerator:diff,rolling std window 16 over id,pre tail window i minus post head window i,std_difference_vs_period_1,submission.ipynb cell 5,source-mapped; execution pending dependencies
step2val_min_7_120_0_diff,ThirdFeatureGenerator:diff,rolling std window 16 over id,pre tail window i minus post head window i,min_difference_vs_period_1,submission.ipynb cell 5,source-mapped; execution pending dependencies
step2val_max_7_120_0_diff,ThirdFeatureGenerator:diff,rolling std window 16 over id,pre tail window i minus post head window i,max_difference_vs_period_1,submission.ipynb cell 5,source-mapped; execution pending dependencies
step2val_q25_7_120_0_diff,ThirdFeatureGenerator:diff,rolling std window 16 over id,pre tail window i minus post head window i,q25_difference_vs_period_1,submission.ipynb cell 5,source-mapped; execution pending dependencies
step2val_q50_7_120_0_diff,ThirdFeatureGenerator:diff,rolling std window 16 over id,pre tail window i minus post head window i,q50_difference_vs_period_1,submission.ipynb cell 5,source-mapped; execution pending dependencies
step2val_q75_7_120_0_diff,ThirdFeatureGenerator:diff,rolling std window 16 over id,pre tail window i minus post head window i,q75_difference_vs_period_1,submission.ipynb cell 5,source-mapped; execution pending dependencies
step2val_corr_7_120_0_diff,ThirdFeatureGenerator:diff,rolling std window 16 over id,pre tail window i minus post head window i,corr_difference_vs_period_1,submission.ipynb cell 5,source-mapped; execution pending dependencies
step2val_mean_7_120_2_diff,ThirdFeatureGenerator:diff,rolling std window 16 over id,pre tail 2*i minus post head window i,mean_difference_vs_period_1,submission.ipynb cell 5,source-mapped; execution pending dependencies
step2val_std_7_120_2_diff,ThirdFeatureGenerator:diff,rolling std window 16 over id,pre tail 2*i minus post head window i,std_difference_vs_period_1,submission.ipynb cell 5,source-mapped; execution pending dependencies
step2val_min_7_120_2_diff,ThirdFeatureGenerator:diff,rolling std window 16 over id,pre tail 2*i minus post head window i,min_difference_vs_period_1,submission.ipynb cell 5,source-mapped; execution pending dependencies
step2val_max_7_120_2_diff,ThirdFeatureGenerator:diff,rolling std window 16 over id,pre tail 2*i minus post head window i,max_difference_vs_period_1,submission.ipynb cell 5,source-mapped; execution pending dependencies
step2val_q25_7_120_2_diff,ThirdFeatureGenerator:diff,rolling std window 16 over id,pre tail 2*i minus post head window i,q25_difference_vs_period_1,submission.ipynb cell 5,source-mapped; execution pending dependencies
step2val_q50_7_120_2_diff,ThirdFeatureGenerator:diff,rolling std window 16 over id,pre tail 2*i minus post head window i,q50_difference_vs_period_1,submission.ipynb cell 5,source-mapped; execution pending dependencies
step2val_q75_7_120_2_diff,ThirdFeatureGenerator:diff,rolling std window 16 over id,pre tail 2*i minus post head window i,q75_difference_vs_period_1,submission.ipynb cell 5,source-mapped; execution pending dependencies
step2val_corr_7_120_2_diff,ThirdFeatureGenerator:diff,rolling std window 16 over id,pre tail 2*i minus post head window i,corr_difference_vs_period_1,submission.ipynb cell 5,source-mapped; execution pending dependencies
step2val_mean_7_120_3_diff,ThirdFeatureGenerator:diff,rolling std window 16 over id,pre tail 3*i minus post head window i,mean_difference_vs_period_1,submission.ipynb cell 5,source-mapped; execution pending dependencies
step2val_std_7_120_3_diff,ThirdFeatureGenerator:diff,rolling std window 16 over id,pre tail 3*i minus post head window i,std_difference_vs_period_1,submission.ipynb cell 5,source-mapped; execution pending dependencies
step2val_min_7_120_3_diff,ThirdFeatureGenerator:diff,rolling std window 16 over id,pre tail 3*i minus post head window i,min_difference_vs_period_1,submission.ipynb cell 5,source-mapped; execution pending dependencies
step2val_max_7_120_3_diff,ThirdFeatureGenerator:diff,rolling std window 16 over id,pre tail 3*i minus post head window i,max_difference_vs_period_1,submission.ipynb cell 5,source-mapped; execution pending dependencies
step2val_q25_7_120_3_diff,ThirdFeatureGenerator:diff,rolling std window 16 over id,pre tail 3*i minus post head window i,q25_difference_vs_period_1,submission.ipynb cell 5,source-mapped; execution pending dependencies
step2val_q50_7_120_3_diff,ThirdFeatureGenerator:diff,rolling std window 16 over id,pre tail 3*i minus post head window i,q50_difference_vs_period_1,submission.ipynb cell 5,source-mapped; execution pending dependencies
step2val_q75_7_120_3_diff,ThirdFeatureGenerator:diff,rolling std window 16 over id,pre tail 3*i minus post head window i,q75_difference_vs_period_1,submission.ipynb cell 5,source-mapped; execution pending dependencies
step2val_corr_7_120_3_diff,ThirdFeatureGenerator:diff,rolling std window 16 over id,pre tail 3*i minus post head window i,corr_difference_vs_period_1,submission.ipynb cell 5,source-mapped; execution pending dependencies
step2val_corr_1_500_0,ThirdFeatureGenerator:pivot,raw value,pre tail window i,corr,submission.ipynb cell 5,source-mapped; execution pending dependencies
step2val_q25_1_500_0,ThirdFeatureGenerator:pivot,raw value,pre tail window i,q25,submission.ipynb cell 5,source-mapped; execution pending dependencies
step2val_q50_1_500_0,ThirdFeatureGenerator:pivot,raw value,pre tail window i,q50,submission.ipynb cell 5,source-mapped; execution pending dependencies
step2val_q75_1_500_0,ThirdFeatureGenerator:pivot,raw value,pre tail window i,q75,submission.ipynb cell 5,source-mapped; execution pending dependencies
step2val_mean_1_500_0,ThirdFeatureGenerator:pivot,raw value,pre tail window i,mean,submission.ipynb cell 5,source-mapped; execution pending dependencies
step2val_std_1_500_0,ThirdFeatureGenerator:pivot,raw value,pre tail window i,std,submission.ipynb cell 5,source-mapped; execution pending dependencies
step2val_min_1_500_0,ThirdFeatureGenerator:pivot,raw value,pre tail window i,min,submission.ipynb cell 5,source-mapped; execution pending dependencies
step2val_max_1_500_0,ThirdFeatureGenerator:pivot,raw value,pre tail window i,max,submission.ipynb cell 5,source-mapped; execution pending dependencies
step2val_skew_1_500_0,ThirdFeatureGenerator:pivot,raw value,pre tail window i,skew,submission.ipynb cell 5,source-mapped; execution pending dependencies
step2val_corr_1_500_1,ThirdFeatureGenerator:pivot,raw value,post head window i,corr,submission.ipynb cell 5,source-mapped; execution pending dependencies
step2val_q25_1_500_1,ThirdFeatureGenerator:pivot,raw value,post head window i,q25,submission.ipynb cell 5,source-mapped; execution pending dependencies
step2val_q50_1_500_1,ThirdFeatureGenerator:pivot,raw value,post head window i,q50,submission.ipynb cell 5,source-mapped; execution pending dependencies
step2val_q75_1_500_1,ThirdFeatureGenerator:pivot,raw value,post head window i,q75,submission.ipynb cell 5,source-mapped; execution pending dependencies
step2val_mean_1_500_1,ThirdFeatureGenerator:pivot,raw value,post head window i,mean,submission.ipynb cell 5,source-mapped; execution pending dependencies
step2val_std_1_500_1,ThirdFeatureGenerator:pivot,raw value,post head window i,std,submission.ipynb cell 5,source-mapped; execution pending dependencies
step2val_min_1_500_1,ThirdFeatureGenerator:pivot,raw value,post head window i,min,submission.ipynb cell 5,source-mapped; execution pending dependencies
step2val_max_1_500_1,ThirdFeatureGenerator:pivot,raw value,post head window i,max,submission.ipynb cell 5,source-mapped; execution pending dependencies
step2val_skew_1_500_1,ThirdFeatureGenerator:pivot,raw value,post head window i,skew,submission.ipynb cell 5,source-mapped; execution pending dependencies
step2val_corr_1_500_2,ThirdFeatureGenerator:pivot,raw value,pre tail 2*i,corr,submission.ipynb cell 5,source-mapped; execution pending dependencies
step2val_q25_1_500_2,ThirdFeatureGenerator:pivot,raw value,pre tail 2*i,q25,submission.ipynb cell 5,source-mapped; execution pending dependencies
step2val_q50_1_500_2,ThirdFeatureGenerator:pivot,raw value,pre tail 2*i,q50,submission.ipynb cell 5,source-mapped; execution pending dependencies
step2val_q75_1_500_2,ThirdFeatureGenerator:pivot,raw value,pre tail 2*i,q75,submission.ipynb cell 5,source-mapped; execution pending dependencies
step2val_mean_1_500_2,ThirdFeatureGenerator:pivot,raw value,pre tail 2*i,mean,submission.ipynb cell 5,source-mapped; execution pending dependencies
step2val_std_1_500_2,ThirdFeatureGenerator:pivot,raw value,pre tail 2*i,std,submission.ipynb cell 5,source-mapped; execution pending dependencies
step2val_min_1_500_2,ThirdFeatureGenerator:pivot,raw value,pre tail 2*i,min,submission.ipynb cell 5,source-mapped; execution pending dependencies
step2val_max_1_500_2,ThirdFeatureGenerator:pivot,raw value,pre tail 2*i,max,submission.ipynb cell 5,source-mapped; execution pending dependencies
step2val_skew_1_500_2,ThirdFeatureGenerator:pivot,raw value,pre tail 2*i,skew,submission.ipynb cell 5,source-mapped; execution pending dependencies
step2val_corr_1_500_3,ThirdFeatureGenerator:pivot,raw value,pre tail 3*i,corr,submission.ipynb cell 5,source-mapped; execution pending dependencies
step2val_q25_1_500_3,ThirdFeatureGenerator:pivot,raw value,pre tail 3*i,q25,submission.ipynb cell 5,source-mapped; execution pending dependencies
step2val_q50_1_500_3,ThirdFeatureGenerator:pivot,raw value,pre tail 3*i,q50,submission.ipynb cell 5,source-mapped; execution pending dependencies
step2val_q75_1_500_3,ThirdFeatureGenerator:pivot,raw value,pre tail 3*i,q75,submission.ipynb cell 5,source-mapped; execution pending dependencies
step2val_mean_1_500_3,ThirdFeatureGenerator:pivot,raw value,pre tail 3*i,mean,submission.ipynb cell 5,source-mapped; execution pending dependencies
step2val_std_1_500_3,ThirdFeatureGenerator:pivot,raw value,pre tail 3*i,std,submission.ipynb cell 5,source-mapped; execution pending dependencies
step2val_min_1_500_3,ThirdFeatureGenerator:pivot,raw value,pre tail 3*i,min,submission.ipynb cell 5,source-mapped; execution pending dependencies
step2val_max_1_500_3,ThirdFeatureGenerator:pivot,raw value,pre tail 3*i,max,submission.ipynb cell 5,source-mapped; execution pending dependencies
step2val_skew_1_500_3,ThirdFeatureGenerator:pivot,raw value,pre tail 3*i,skew,submission.ipynb cell 5,source-mapped; execution pending dependencies
step2val_mean_1_500_0_diff,ThirdFeatureGenerator:diff,raw value,pre tail window i minus post head window i,mean_difference_vs_period_1,submission.ipynb cell 5,source-mapped; execution pending dependencies
step2val_std_1_500_0_diff,ThirdFeatureGenerator:diff,raw value,pre tail window i minus post head window i,std_difference_vs_period_1,submission.ipynb cell 5,source-mapped; execution pending dependencies
step2val_min_1_500_0_diff,ThirdFeatureGenerator:diff,raw value,pre tail window i minus post head window i,min_difference_vs_period_1,submission.ipynb cell 5,source-mapped; execution pending dependencies
step2val_max_1_500_0_diff,ThirdFeatureGenerator:diff,raw value,pre tail window i minus post head window i,max_difference_vs_period_1,submission.ipynb cell 5,source-mapped; execution pending dependencies
step2val_q25_1_500_0_diff,ThirdFeatureGenerator:diff,raw value,pre tail window i minus post head window i,q25_difference_vs_period_1,submission.ipynb cell 5,source-mapped; execution pending dependencies
step2val_q50_1_500_0_diff,ThirdFeatureGenerator:diff,raw value,pre tail window i minus post head window i,q50_difference_vs_period_1,submission.ipynb cell 5,source-mapped; execution pending dependencies
step2val_q75_1_500_0_diff,ThirdFeatureGenerator:diff,raw value,pre tail window i minus post head window i,q75_difference_vs_period_1,submission.ipynb cell 5,source-mapped; execution pending dependencies
step2val_corr_1_500_0_diff,ThirdFeatureGenerator:diff,raw value,pre tail window i minus post head window i,corr_difference_vs_period_1,submission.ipynb cell 5,source-mapped; execution pending dependencies
step2val_mean_1_500_2_diff,ThirdFeatureGenerator:diff,raw value,pre tail 2*i minus post head window i,mean_difference_vs_period_1,submission.ipynb cell 5,source-mapped; execution pending dependencies
step2val_std_1_500_2_diff,ThirdFeatureGenerator:diff,raw value,pre tail 2*i minus post head window i,std_difference_vs_period_1,submission.ipynb cell 5,source-mapped; execution pending dependencies
step2val_min_1_500_2_diff,ThirdFeatureGenerator:diff,raw value,pre tail 2*i minus post head window i,min_difference_vs_period_1,submission.ipynb cell 5,source-mapped; execution pending dependencies
step2val_max_1_500_2_diff,ThirdFeatureGenerator:diff,raw value,pre tail 2*i minus post head window i,max_difference_vs_period_1,submission.ipynb cell 5,source-mapped; execution pending dependencies
step2val_q25_1_500_2_diff,ThirdFeatureGenerator:diff,raw value,pre tail 2*i minus post head window i,q25_difference_vs_period_1,submission.ipynb cell 5,source-mapped; execution pending dependencies
step2val_q50_1_500_2_diff,ThirdFeatureGenerator:diff,raw value,pre tail 2*i minus post head window i,q50_difference_vs_period_1,submission.ipynb cell 5,source-mapped; execution pending dependencies
step2val_q75_1_500_2_diff,ThirdFeatureGenerator:diff,raw value,pre tail 2*i minus post head window i,q75_difference_vs_period_1,submission.ipynb cell 5,source-mapped; execution pending dependencies
step2val_corr_1_500_2_diff,ThirdFeatureGenerator:diff,raw value,pre tail 2*i minus post head window i,corr_difference_vs_period_1,submission.ipynb cell 5,source-mapped; execution pending dependencies
step2val_mean_1_500_3_diff,ThirdFeatureGenerator:diff,raw value,pre tail 3*i minus post head window i,mean_difference_vs_period_1,submission.ipynb cell 5,source-mapped; execution pending dependencies
step2val_std_1_500_3_diff,ThirdFeatureGenerator:diff,raw value,pre tail 3*i minus post head window i,std_difference_vs_period_1,submission.ipynb cell 5,source-mapped; execution pending dependencies
step2val_min_1_500_3_diff,ThirdFeatureGenerator:diff,raw value,pre tail 3*i minus post head window i,min_difference_vs_period_1,submission.ipynb cell 5,source-mapped; execution pending dependencies
step2val_max_1_500_3_diff,ThirdFeatureGenerator:diff,raw value,pre tail 3*i minus post head window i,max_difference_vs_period_1,submission.ipynb cell 5,source-mapped; execution pending dependencies
step2val_q25_1_500_3_diff,ThirdFeatureGenerator:diff,raw value,pre tail 3*i minus post head window i,q25_difference_vs_period_1,submission.ipynb cell 5,source-mapped; execution pending dependencies
step2val_q50_1_500_3_diff,ThirdFeatureGenerator:diff,raw value,pre tail 3*i minus post head window i,q50_difference_vs_period_1,submission.ipynb cell 5,source-mapped; execution pending dependencies
step2val_q75_1_500_3_diff,ThirdFeatureGenerator:diff,raw value,pre tail 3*i minus post head window i,q75_difference_vs_period_1,submission.ipynb cell 5,source-mapped; execution pending dependencies
step2val_corr_1_500_3_diff,ThirdFeatureGenerator:diff,raw value,pre tail 3*i minus post head window i,corr_difference_vs_period_1,submission.ipynb cell 5,source-mapped; execution pending dependencies
step2val_corr_2_500_0,ThirdFeatureGenerator:pivot,zscore over id using Polars std,pre tail window i,corr,submission.ipynb cell 5,source-mapped; execution pending dependencies
step2val_q25_2_500_0,ThirdFeatureGenerator:pivot,zscore over id using Polars std,pre tail window i,q25,submission.ipynb cell 5,source-mapped; execution pending dependencies
step2val_q50_2_500_0,ThirdFeatureGenerator:pivot,zscore over id using Polars std,pre tail window i,q50,submission.ipynb cell 5,source-mapped; execution pending dependencies
step2val_q75_2_500_0,ThirdFeatureGenerator:pivot,zscore over id using Polars std,pre tail window i,q75,submission.ipynb cell 5,source-mapped; execution pending dependencies
step2val_mean_2_500_0,ThirdFeatureGenerator:pivot,zscore over id using Polars std,pre tail window i,mean,submission.ipynb cell 5,source-mapped; execution pending dependencies
step2val_std_2_500_0,ThirdFeatureGenerator:pivot,zscore over id using Polars std,pre tail window i,std,submission.ipynb cell 5,source-mapped; execution pending dependencies
step2val_min_2_500_0,ThirdFeatureGenerator:pivot,zscore over id using Polars std,pre tail window i,min,submission.ipynb cell 5,source-mapped; execution pending dependencies
step2val_max_2_500_0,ThirdFeatureGenerator:pivot,zscore over id using Polars std,pre tail window i,max,submission.ipynb cell 5,source-mapped; execution pending dependencies
step2val_skew_2_500_0,ThirdFeatureGenerator:pivot,zscore over id using Polars std,pre tail window i,skew,submission.ipynb cell 5,source-mapped; execution pending dependencies
step2val_corr_2_500_1,ThirdFeatureGenerator:pivot,zscore over id using Polars std,post head window i,corr,submission.ipynb cell 5,source-mapped; execution pending dependencies
step2val_q25_2_500_1,ThirdFeatureGenerator:pivot,zscore over id using Polars std,post head window i,q25,submission.ipynb cell 5,source-mapped; execution pending dependencies
step2val_q50_2_500_1,ThirdFeatureGenerator:pivot,zscore over id using Polars std,post head window i,q50,submission.ipynb cell 5,source-mapped; execution pending dependencies
step2val_q75_2_500_1,ThirdFeatureGenerator:pivot,zscore over id using Polars std,post head window i,q75,submission.ipynb cell 5,source-mapped; execution pending dependencies
step2val_mean_2_500_1,ThirdFeatureGenerator:pivot,zscore over id using Polars std,post head window i,mean,submission.ipynb cell 5,source-mapped; execution pending dependencies
step2val_std_2_500_1,ThirdFeatureGenerator:pivot,zscore over id using Polars std,post head window i,std,submission.ipynb cell 5,source-mapped; execution pending dependencies
step2val_min_2_500_1,ThirdFeatureGenerator:pivot,zscore over id using Polars std,post head window i,min,submission.ipynb cell 5,source-mapped; execution pending dependencies
step2val_max_2_500_1,ThirdFeatureGenerator:pivot,zscore over id using Polars std,post head window i,max,submission.ipynb cell 5,source-mapped; execution pending dependencies
step2val_skew_2_500_1,ThirdFeatureGenerator:pivot,zscore over id using Polars std,post head window i,skew,submission.ipynb cell 5,source-mapped; execution pending dependencies
step2val_corr_2_500_2,ThirdFeatureGenerator:pivot,zscore over id using Polars std,pre tail 2*i,corr,submission.ipynb cell 5,source-mapped; execution pending dependencies
step2val_q25_2_500_2,ThirdFeatureGenerator:pivot,zscore over id using Polars std,pre tail 2*i,q25,submission.ipynb cell 5,source-mapped; execution pending dependencies
step2val_q50_2_500_2,ThirdFeatureGenerator:pivot,zscore over id using Polars std,pre tail 2*i,q50,submission.ipynb cell 5,source-mapped; execution pending dependencies
step2val_q75_2_500_2,ThirdFeatureGenerator:pivot,zscore over id using Polars std,pre tail 2*i,q75,submission.ipynb cell 5,source-mapped; execution pending dependencies
step2val_mean_2_500_2,ThirdFeatureGenerator:pivot,zscore over id using Polars std,pre tail 2*i,mean,submission.ipynb cell 5,source-mapped; execution pending dependencies
step2val_std_2_500_2,ThirdFeatureGenerator:pivot,zscore over id using Polars std,pre tail 2*i,std,submission.ipynb cell 5,source-mapped; execution pending dependencies
step2val_min_2_500_2,ThirdFeatureGenerator:pivot,zscore over id using Polars std,pre tail 2*i,min,submission.ipynb cell 5,source-mapped; execution pending dependencies
step2val_max_2_500_2,ThirdFeatureGenerator:pivot,zscore over id using Polars std,pre tail 2*i,max,submission.ipynb cell 5,source-mapped; execution pending dependencies
step2val_skew_2_500_2,ThirdFeatureGenerator:pivot,zscore over id using Polars std,pre tail 2*i,skew,submission.ipynb cell 5,source-mapped; execution pending dependencies
step2val_corr_2_500_3,ThirdFeatureGenerator:pivot,zscore over id using Polars std,pre tail 3*i,corr,submission.ipynb cell 5,source-mapped; execution pending dependencies
step2val_q25_2_500_3,ThirdFeatureGenerator:pivot,zscore over id using Polars std,pre tail 3*i,q25,submission.ipynb cell 5,source-mapped; execution pending dependencies
step2val_q50_2_500_3,ThirdFeatureGenerator:pivot,zscore over id using Polars std,pre tail 3*i,q50,submission.ipynb cell 5,source-mapped; execution pending dependencies
step2val_q75_2_500_3,ThirdFeatureGenerator:pivot,zscore over id using Polars std,pre tail 3*i,q75,submission.ipynb cell 5,source-mapped; execution pending dependencies
step2val_mean_2_500_3,ThirdFeatureGenerator:pivot,zscore over id using Polars std,pre tail 3*i,mean,submission.ipynb cell 5,source-mapped; execution pending dependencies
step2val_std_2_500_3,ThirdFeatureGenerator:pivot,zscore over id using Polars std,pre tail 3*i,std,submission.ipynb cell 5,source-mapped; execution pending dependencies
step2val_min_2_500_3,ThirdFeatureGenerator:pivot,zscore over id using Polars std,pre tail 3*i,min,submission.ipynb cell 5,source-mapped; execution pending dependencies
step2val_max_2_500_3,ThirdFeatureGenerator:pivot,zscore over id using Polars std,pre tail 3*i,max,submission.ipynb cell 5,source-mapped; execution pending dependencies
step2val_skew_2_500_3,ThirdFeatureGenerator:pivot,zscore over id using Polars std,pre tail 3*i,skew,submission.ipynb cell 5,source-mapped; execution pending dependencies
step2val_mean_2_500_0_diff,ThirdFeatureGenerator:diff,zscore over id using Polars std,pre tail window i minus post head window i,mean_difference_vs_period_1,submission.ipynb cell 5,source-mapped; execution pending dependencies
step2val_std_2_500_0_diff,ThirdFeatureGenerator:diff,zscore over id using Polars std,pre tail window i minus post head window i,std_difference_vs_period_1,submission.ipynb cell 5,source-mapped; execution pending dependencies
step2val_min_2_500_0_diff,ThirdFeatureGenerator:diff,zscore over id using Polars std,pre tail window i minus post head window i,min_difference_vs_period_1,submission.ipynb cell 5,source-mapped; execution pending dependencies
step2val_max_2_500_0_diff,ThirdFeatureGenerator:diff,zscore over id using Polars std,pre tail window i minus post head window i,max_difference_vs_period_1,submission.ipynb cell 5,source-mapped; execution pending dependencies
step2val_q25_2_500_0_diff,ThirdFeatureGenerator:diff,zscore over id using Polars std,pre tail window i minus post head window i,q25_difference_vs_period_1,submission.ipynb cell 5,source-mapped; execution pending dependencies
step2val_q50_2_500_0_diff,ThirdFeatureGenerator:diff,zscore over id using Polars std,pre tail window i minus post head window i,q50_difference_vs_period_1,submission.ipynb cell 5,source-mapped; execution pending dependencies
step2val_q75_2_500_0_diff,ThirdFeatureGenerator:diff,zscore over id using Polars std,pre tail window i minus post head window i,q75_difference_vs_period_1,submission.ipynb cell 5,source-mapped; execution pending dependencies
step2val_corr_2_500_0_diff,ThirdFeatureGenerator:diff,zscore over id using Polars std,pre tail window i minus post head window i,corr_difference_vs_period_1,submission.ipynb cell 5,source-mapped; execution pending dependencies
step2val_mean_2_500_2_diff,ThirdFeatureGenerator:diff,zscore over id using Polars std,pre tail 2*i minus post head window i,mean_difference_vs_period_1,submission.ipynb cell 5,source-mapped; execution pending dependencies
step2val_std_2_500_2_diff,ThirdFeatureGenerator:diff,zscore over id using Polars std,pre tail 2*i minus post head window i,std_difference_vs_period_1,submission.ipynb cell 5,source-mapped; execution pending dependencies
step2val_min_2_500_2_diff,ThirdFeatureGenerator:diff,zscore over id using Polars std,pre tail 2*i minus post head window i,min_difference_vs_period_1,submission.ipynb cell 5,source-mapped; execution pending dependencies
step2val_max_2_500_2_diff,ThirdFeatureGenerator:diff,zscore over id using Polars std,pre tail 2*i minus post head window i,max_difference_vs_period_1,submission.ipynb cell 5,source-mapped; execution pending dependencies
step2val_q25_2_500_2_diff,ThirdFeatureGenerator:diff,zscore over id using Polars std,pre tail 2*i minus post head window i,q25_difference_vs_period_1,submission.ipynb cell 5,source-mapped; execution pending dependencies
step2val_q50_2_500_2_diff,ThirdFeatureGenerator:diff,zscore over id using Polars std,pre tail 2*i minus post head window i,q50_difference_vs_period_1,submission.ipynb cell 5,source-mapped; execution pending dependencies
step2val_q75_2_500_2_diff,ThirdFeatureGenerator:diff,zscore over id using Polars std,pre tail 2*i minus post head window i,q75_difference_vs_period_1,submission.ipynb cell 5,source-mapped; execution pending dependencies
step2val_corr_2_500_2_diff,ThirdFeatureGenerator:diff,zscore over id using Polars std,pre tail 2*i minus post head window i,corr_difference_vs_period_1,submission.ipynb cell 5,source-mapped; execution pending dependencies
step2val_mean_2_500_3_diff,ThirdFeatureGenerator:diff,zscore over id using Polars std,pre tail 3*i minus post head window i,mean_difference_vs_period_1,submission.ipynb cell 5,source-mapped; execution pending dependencies
step2val_std_2_500_3_diff,ThirdFeatureGenerator:diff,zscore over id using Polars std,pre tail 3*i minus post head window i,std_difference_vs_period_1,submission.ipynb cell 5,source-mapped; execution pending dependencies
step2val_min_2_500_3_diff,ThirdFeatureGenerator:diff,zscore over id using Polars std,pre tail 3*i minus post head window i,min_difference_vs_period_1,submission.ipynb cell 5,source-mapped; execution pending dependencies
step2val_max_2_500_3_diff,ThirdFeatureGenerator:diff,zscore over id using Polars std,pre tail 3*i minus post head window i,max_difference_vs_period_1,submission.ipynb cell 5,source-mapped; execution pending dependencies
step2val_q25_2_500_3_diff,ThirdFeatureGenerator:diff,zscore over id using Polars std,pre tail 3*i minus post head window i,q25_difference_vs_period_1,submission.ipynb cell 5,source-mapped; execution pending dependencies
step2val_q50_2_500_3_diff,ThirdFeatureGenerator:diff,zscore over id using Polars std,pre tail 3*i minus post head window i,q50_difference_vs_period_1,submission.ipynb cell 5,source-mapped; execution pending dependencies
step2val_q75_2_500_3_diff,ThirdFeatureGenerator:diff,zscore over id using Polars std,pre tail 3*i minus post head window i,q75_difference_vs_period_1,submission.ipynb cell 5,source-mapped; execution pending dependencies
step2val_corr_2_500_3_diff,ThirdFeatureGenerator:diff,zscore over id using Polars std,pre tail 3*i minus post head window i,corr_difference_vs_period_1,submission.ipynb cell 5,source-mapped; execution pending dependencies
step2val_corr_3_500_0,ThirdFeatureGenerator:pivot,cumulative sum over id,pre tail window i,corr,submission.ipynb cell 5,source-mapped; execution pending dependencies
step2val_q25_3_500_0,ThirdFeatureGenerator:pivot,cumulative sum over id,pre tail window i,q25,submission.ipynb cell 5,source-mapped; execution pending dependencies
step2val_q50_3_500_0,ThirdFeatureGenerator:pivot,cumulative sum over id,pre tail window i,q50,submission.ipynb cell 5,source-mapped; execution pending dependencies
step2val_q75_3_500_0,ThirdFeatureGenerator:pivot,cumulative sum over id,pre tail window i,q75,submission.ipynb cell 5,source-mapped; execution pending dependencies
step2val_mean_3_500_0,ThirdFeatureGenerator:pivot,cumulative sum over id,pre tail window i,mean,submission.ipynb cell 5,source-mapped; execution pending dependencies
step2val_std_3_500_0,ThirdFeatureGenerator:pivot,cumulative sum over id,pre tail window i,std,submission.ipynb cell 5,source-mapped; execution pending dependencies
step2val_min_3_500_0,ThirdFeatureGenerator:pivot,cumulative sum over id,pre tail window i,min,submission.ipynb cell 5,source-mapped; execution pending dependencies
step2val_max_3_500_0,ThirdFeatureGenerator:pivot,cumulative sum over id,pre tail window i,max,submission.ipynb cell 5,source-mapped; execution pending dependencies
step2val_skew_3_500_0,ThirdFeatureGenerator:pivot,cumulative sum over id,pre tail window i,skew,submission.ipynb cell 5,source-mapped; execution pending dependencies
step2val_corr_3_500_1,ThirdFeatureGenerator:pivot,cumulative sum over id,post head window i,corr,submission.ipynb cell 5,source-mapped; execution pending dependencies
step2val_q25_3_500_1,ThirdFeatureGenerator:pivot,cumulative sum over id,post head window i,q25,submission.ipynb cell 5,source-mapped; execution pending dependencies
step2val_q50_3_500_1,ThirdFeatureGenerator:pivot,cumulative sum over id,post head window i,q50,submission.ipynb cell 5,source-mapped; execution pending dependencies
step2val_q75_3_500_1,ThirdFeatureGenerator:pivot,cumulative sum over id,post head window i,q75,submission.ipynb cell 5,source-mapped; execution pending dependencies
step2val_mean_3_500_1,ThirdFeatureGenerator:pivot,cumulative sum over id,post head window i,mean,submission.ipynb cell 5,source-mapped; execution pending dependencies
step2val_std_3_500_1,ThirdFeatureGenerator:pivot,cumulative sum over id,post head window i,std,submission.ipynb cell 5,source-mapped; execution pending dependencies
step2val_min_3_500_1,ThirdFeatureGenerator:pivot,cumulative sum over id,post head window i,min,submission.ipynb cell 5,source-mapped; execution pending dependencies
step2val_max_3_500_1,ThirdFeatureGenerator:pivot,cumulative sum over id,post head window i,max,submission.ipynb cell 5,source-mapped; execution pending dependencies
step2val_skew_3_500_1,ThirdFeatureGenerator:pivot,cumulative sum over id,post head window i,skew,submission.ipynb cell 5,source-mapped; execution pending dependencies
step2val_corr_3_500_2,ThirdFeatureGenerator:pivot,cumulative sum over id,pre tail 2*i,corr,submission.ipynb cell 5,source-mapped; execution pending dependencies
step2val_q25_3_500_2,ThirdFeatureGenerator:pivot,cumulative sum over id,pre tail 2*i,q25,submission.ipynb cell 5,source-mapped; execution pending dependencies
step2val_q50_3_500_2,ThirdFeatureGenerator:pivot,cumulative sum over id,pre tail 2*i,q50,submission.ipynb cell 5,source-mapped; execution pending dependencies
step2val_q75_3_500_2,ThirdFeatureGenerator:pivot,cumulative sum over id,pre tail 2*i,q75,submission.ipynb cell 5,source-mapped; execution pending dependencies
step2val_mean_3_500_2,ThirdFeatureGenerator:pivot,cumulative sum over id,pre tail 2*i,mean,submission.ipynb cell 5,source-mapped; execution pending dependencies
step2val_std_3_500_2,ThirdFeatureGenerator:pivot,cumulative sum over id,pre tail 2*i,std,submission.ipynb cell 5,source-mapped; execution pending dependencies
step2val_min_3_500_2,ThirdFeatureGenerator:pivot,cumulative sum over id,pre tail 2*i,min,submission.ipynb cell 5,source-mapped; execution pending dependencies
step2val_max_3_500_2,ThirdFeatureGenerator:pivot,cumulative sum over id,pre tail 2*i,max,submission.ipynb cell 5,source-mapped; execution pending dependencies
step2val_skew_3_500_2,ThirdFeatureGenerator:pivot,cumulative sum over id,pre tail 2*i,skew,submission.ipynb cell 5,source-mapped; execution pending dependencies
step2val_corr_3_500_3,ThirdFeatureGenerator:pivot,cumulative sum over id,pre tail 3*i,corr,submission.ipynb cell 5,source-mapped; execution pending dependencies
step2val_q25_3_500_3,ThirdFeatureGenerator:pivot,cumulative sum over id,pre tail 3*i,q25,submission.ipynb cell 5,source-mapped; execution pending dependencies
step2val_q50_3_500_3,ThirdFeatureGenerator:pivot,cumulative sum over id,pre tail 3*i,q50,submission.ipynb cell 5,source-mapped; execution pending dependencies
step2val_q75_3_500_3,ThirdFeatureGenerator:pivot,cumulative sum over id,pre tail 3*i,q75,submission.ipynb cell 5,source-mapped; execution pending dependencies
step2val_mean_3_500_3,ThirdFeatureGenerator:pivot,cumulative sum over id,pre tail 3*i,mean,submission.ipynb cell 5,source-mapped; execution pending dependencies
step2val_std_3_500_3,ThirdFeatureGenerator:pivot,cumulative sum over id,pre tail 3*i,std,submission.ipynb cell 5,source-mapped; execution pending dependencies
step2val_min_3_500_3,ThirdFeatureGenerator:pivot,cumulative sum over id,pre tail 3*i,min,submission.ipynb cell 5,source-mapped; execution pending dependencies
step2val_max_3_500_3,ThirdFeatureGenerator:pivot,cumulative sum over id,pre tail 3*i,max,submission.ipynb cell 5,source-mapped; execution pending dependencies
step2val_skew_3_500_3,ThirdFeatureGenerator:pivot,cumulative sum over id,pre tail 3*i,skew,submission.ipynb cell 5,source-mapped; execution pending dependencies
step2val_mean_3_500_0_diff,ThirdFeatureGenerator:diff,cumulative sum over id,pre tail window i minus post head window i,mean_difference_vs_period_1,submission.ipynb cell 5,source-mapped; execution pending dependencies
step2val_std_3_500_0_diff,ThirdFeatureGenerator:diff,cumulative sum over id,pre tail window i minus post head window i,std_difference_vs_period_1,submission.ipynb cell 5,source-mapped; execution pending dependencies
step2val_min_3_500_0_diff,ThirdFeatureGenerator:diff,cumulative sum over id,pre tail window i minus post head window i,min_difference_vs_period_1,submission.ipynb cell 5,source-mapped; execution pending dependencies
step2val_max_3_500_0_diff,ThirdFeatureGenerator:diff,cumulative sum over id,pre tail window i minus post head window i,max_difference_vs_period_1,submission.ipynb cell 5,source-mapped; execution pending dependencies
step2val_q25_3_500_0_diff,ThirdFeatureGenerator:diff,cumulative sum over id,pre tail window i minus post head window i,q25_difference_vs_period_1,submission.ipynb cell 5,source-mapped; execution pending dependencies
step2val_q50_3_500_0_diff,ThirdFeatureGenerator:diff,cumulative sum over id,pre tail window i minus post head window i,q50_difference_vs_period_1,submission.ipynb cell 5,source-mapped; execution pending dependencies
step2val_q75_3_500_0_diff,ThirdFeatureGenerator:diff,cumulative sum over id,pre tail window i minus post head window i,q75_difference_vs_period_1,submission.ipynb cell 5,source-mapped; execution pending dependencies
step2val_corr_3_500_0_diff,ThirdFeatureGenerator:diff,cumulative sum over id,pre tail window i minus post head window i,corr_difference_vs_period_1,submission.ipynb cell 5,source-mapped; execution pending dependencies
step2val_mean_3_500_2_diff,ThirdFeatureGenerator:diff,cumulative sum over id,pre tail 2*i minus post head window i,mean_difference_vs_period_1,submission.ipynb cell 5,source-mapped; execution pending dependencies
step2val_std_3_500_2_diff,ThirdFeatureGenerator:diff,cumulative sum over id,pre tail 2*i minus post head window i,std_difference_vs_period_1,submission.ipynb cell 5,source-mapped; execution pending dependencies
step2val_min_3_500_2_diff,ThirdFeatureGenerator:diff,cumulative sum over id,pre tail 2*i minus post head window i,min_difference_vs_period_1,submission.ipynb cell 5,source-mapped; execution pending dependencies
step2val_max_3_500_2_diff,ThirdFeatureGenerator:diff,cumulative sum over id,pre tail 2*i minus post head window i,max_difference_vs_period_1,submission.ipynb cell 5,source-mapped; execution pending dependencies
step2val_q25_3_500_2_diff,ThirdFeatureGenerator:diff,cumulative sum over id,pre tail 2*i minus post head window i,q25_difference_vs_period_1,submission.ipynb cell 5,source-mapped; execution pending dependencies
step2val_q50_3_500_2_diff,ThirdFeatureGenerator:diff,cumulative sum over id,pre tail 2*i minus post head window i,q50_difference_vs_period_1,submission.ipynb cell 5,source-mapped; execution pending dependencies
step2val_q75_3_500_2_diff,ThirdFeatureGenerator:diff,cumulative sum over id,pre tail 2*i minus post head window i,q75_difference_vs_period_1,submission.ipynb cell 5,source-mapped; execution pending dependencies
step2val_corr_3_500_2_diff,ThirdFeatureGenerator:diff,cumulative sum over id,pre tail 2*i minus post head window i,corr_difference_vs_period_1,submission.ipynb cell 5,source-mapped; execution pending dependencies
step2val_mean_3_500_3_diff,ThirdFeatureGenerator:diff,cumulative sum over id,pre tail 3*i minus post head window i,mean_difference_vs_period_1,submission.ipynb cell 5,source-mapped; execution pending dependencies
step2val_std_3_500_3_diff,ThirdFeatureGenerator:diff,cumulative sum over id,pre tail 3*i minus post head window i,std_difference_vs_period_1,submission.ipynb cell 5,source-mapped; execution pending dependencies
step2val_min_3_500_3_diff,ThirdFeatureGenerator:diff,cumulative sum over id,pre tail 3*i minus post head window i,min_difference_vs_period_1,submission.ipynb cell 5,source-mapped; execution pending dependencies
step2val_max_3_500_3_diff,ThirdFeatureGenerator:diff,cumulative sum over id,pre tail 3*i minus post head window i,max_difference_vs_period_1,submission.ipynb cell 5,source-mapped; execution pending dependencies
step2val_q25_3_500_3_diff,ThirdFeatureGenerator:diff,cumulative sum over id,pre tail 3*i minus post head window i,q25_difference_vs_period_1,submission.ipynb cell 5,source-mapped; execution pending dependencies
step2val_q50_3_500_3_diff,ThirdFeatureGenerator:diff,cumulative sum over id,pre tail 3*i minus post head window i,q50_difference_vs_period_1,submission.ipynb cell 5,source-mapped; execution pending dependencies
step2val_q75_3_500_3_diff,ThirdFeatureGenerator:diff,cumulative sum over id,pre tail 3*i minus post head window i,q75_difference_vs_period_1,submission.ipynb cell 5,source-mapped; execution pending dependencies
step2val_corr_3_500_3_diff,ThirdFeatureGenerator:diff,cumulative sum over id,pre tail 3*i minus post head window i,corr_difference_vs_period_1,submission.ipynb cell 5,source-mapped; execution pending dependencies
step2val_corr_4_500_0,ThirdFeatureGenerator:pivot,dense rank over id divided by count,pre tail window i,corr,submission.ipynb cell 5,source-mapped; execution pending dependencies
step2val_q25_4_500_0,ThirdFeatureGenerator:pivot,dense rank over id divided by count,pre tail window i,q25,submission.ipynb cell 5,source-mapped; execution pending dependencies
step2val_q50_4_500_0,ThirdFeatureGenerator:pivot,dense rank over id divided by count,pre tail window i,q50,submission.ipynb cell 5,source-mapped; execution pending dependencies
step2val_q75_4_500_0,ThirdFeatureGenerator:pivot,dense rank over id divided by count,pre tail window i,q75,submission.ipynb cell 5,source-mapped; execution pending dependencies
step2val_mean_4_500_0,ThirdFeatureGenerator:pivot,dense rank over id divided by count,pre tail window i,mean,submission.ipynb cell 5,source-mapped; execution pending dependencies
step2val_std_4_500_0,ThirdFeatureGenerator:pivot,dense rank over id divided by count,pre tail window i,std,submission.ipynb cell 5,source-mapped; execution pending dependencies
step2val_min_4_500_0,ThirdFeatureGenerator:pivot,dense rank over id divided by count,pre tail window i,min,submission.ipynb cell 5,source-mapped; execution pending dependencies
step2val_max_4_500_0,ThirdFeatureGenerator:pivot,dense rank over id divided by count,pre tail window i,max,submission.ipynb cell 5,source-mapped; execution pending dependencies
step2val_skew_4_500_0,ThirdFeatureGenerator:pivot,dense rank over id divided by count,pre tail window i,skew,submission.ipynb cell 5,source-mapped; execution pending dependencies
step2val_corr_4_500_1,ThirdFeatureGenerator:pivot,dense rank over id divided by count,post head window i,corr,submission.ipynb cell 5,source-mapped; execution pending dependencies
step2val_q25_4_500_1,ThirdFeatureGenerator:pivot,dense rank over id divided by count,post head window i,q25,submission.ipynb cell 5,source-mapped; execution pending dependencies
step2val_q50_4_500_1,ThirdFeatureGenerator:pivot,dense rank over id divided by count,post head window i,q50,submission.ipynb cell 5,source-mapped; execution pending dependencies
step2val_q75_4_500_1,ThirdFeatureGenerator:pivot,dense rank over id divided by count,post head window i,q75,submission.ipynb cell 5,source-mapped; execution pending dependencies
step2val_mean_4_500_1,ThirdFeatureGenerator:pivot,dense rank over id divided by count,post head window i,mean,submission.ipynb cell 5,source-mapped; execution pending dependencies
step2val_std_4_500_1,ThirdFeatureGenerator:pivot,dense rank over id divided by count,post head window i,std,submission.ipynb cell 5,source-mapped; execution pending dependencies
step2val_min_4_500_1,ThirdFeatureGenerator:pivot,dense rank over id divided by count,post head window i,min,submission.ipynb cell 5,source-mapped; execution pending dependencies
step2val_max_4_500_1,ThirdFeatureGenerator:pivot,dense rank over id divided by count,post head window i,max,submission.ipynb cell 5,source-mapped; execution pending dependencies
step2val_skew_4_500_1,ThirdFeatureGenerator:pivot,dense rank over id divided by count,post head window i,skew,submission.ipynb cell 5,source-mapped; execution pending dependencies
step2val_corr_4_500_2,ThirdFeatureGenerator:pivot,dense rank over id divided by count,pre tail 2*i,corr,submission.ipynb cell 5,source-mapped; execution pending dependencies
step2val_q25_4_500_2,ThirdFeatureGenerator:pivot,dense rank over id divided by count,pre tail 2*i,q25,submission.ipynb cell 5,source-mapped; execution pending dependencies
step2val_q50_4_500_2,ThirdFeatureGenerator:pivot,dense rank over id divided by count,pre tail 2*i,q50,submission.ipynb cell 5,source-mapped; execution pending dependencies
step2val_q75_4_500_2,ThirdFeatureGenerator:pivot,dense rank over id divided by count,pre tail 2*i,q75,submission.ipynb cell 5,source-mapped; execution pending dependencies
step2val_mean_4_500_2,ThirdFeatureGenerator:pivot,dense rank over id divided by count,pre tail 2*i,mean,submission.ipynb cell 5,source-mapped; execution pending dependencies
step2val_std_4_500_2,ThirdFeatureGenerator:pivot,dense rank over id divided by count,pre tail 2*i,std,submission.ipynb cell 5,source-mapped; execution pending dependencies
step2val_min_4_500_2,ThirdFeatureGenerator:pivot,dense rank over id divided by count,pre tail 2*i,min,submission.ipynb cell 5,source-mapped; execution pending dependencies
step2val_max_4_500_2,ThirdFeatureGenerator:pivot,dense rank over id divided by count,pre tail 2*i,max,submission.ipynb cell 5,source-mapped; execution pending dependencies
step2val_skew_4_500_2,ThirdFeatureGenerator:pivot,dense rank over id divided by count,pre tail 2*i,skew,submission.ipynb cell 5,source-mapped; execution pending dependencies
step2val_corr_4_500_3,ThirdFeatureGenerator:pivot,dense rank over id divided by count,pre tail 3*i,corr,submission.ipynb cell 5,source-mapped; execution pending dependencies
step2val_q25_4_500_3,ThirdFeatureGenerator:pivot,dense rank over id divided by count,pre tail 3*i,q25,submission.ipynb cell 5,source-mapped; execution pending dependencies
step2val_q50_4_500_3,ThirdFeatureGenerator:pivot,dense rank over id divided by count,pre tail 3*i,q50,submission.ipynb cell 5,source-mapped; execution pending dependencies
step2val_q75_4_500_3,ThirdFeatureGenerator:pivot,dense rank over id divided by count,pre tail 3*i,q75,submission.ipynb cell 5,source-mapped; execution pending dependencies
step2val_mean_4_500_3,ThirdFeatureGenerator:pivot,dense rank over id divided by count,pre tail 3*i,mean,submission.ipynb cell 5,source-mapped; execution pending dependencies
step2val_std_4_500_3,ThirdFeatureGenerator:pivot,dense rank over id divided by count,pre tail 3*i,std,submission.ipynb cell 5,source-mapped; execution pending dependencies
step2val_min_4_500_3,ThirdFeatureGenerator:pivot,dense rank over id divided by count,pre tail 3*i,min,submission.ipynb cell 5,source-mapped; execution pending dependencies
step2val_max_4_500_3,ThirdFeatureGenerator:pivot,dense rank over id divided by count,pre tail 3*i,max,submission.ipynb cell 5,source-mapped; execution pending dependencies
step2val_skew_4_500_3,ThirdFeatureGenerator:pivot,dense rank over id divided by count,pre tail 3*i,skew,submission.ipynb cell 5,source-mapped; execution pending dependencies
step2val_mean_4_500_0_diff,ThirdFeatureGenerator:diff,dense rank over id divided by count,pre tail window i minus post head window i,mean_difference_vs_period_1,submission.ipynb cell 5,source-mapped; execution pending dependencies
step2val_std_4_500_0_diff,ThirdFeatureGenerator:diff,dense rank over id divided by count,pre tail window i minus post head window i,std_difference_vs_period_1,submission.ipynb cell 5,source-mapped; execution pending dependencies
step2val_min_4_500_0_diff,ThirdFeatureGenerator:diff,dense rank over id divided by count,pre tail window i minus post head window i,min_difference_vs_period_1,submission.ipynb cell 5,source-mapped; execution pending dependencies
step2val_max_4_500_0_diff,ThirdFeatureGenerator:diff,dense rank over id divided by count,pre tail window i minus post head window i,max_difference_vs_period_1,submission.ipynb cell 5,source-mapped; execution pending dependencies
step2val_q25_4_500_0_diff,ThirdFeatureGenerator:diff,dense rank over id divided by count,pre tail window i minus post head window i,q25_difference_vs_period_1,submission.ipynb cell 5,source-mapped; execution pending dependencies
step2val_q50_4_500_0_diff,ThirdFeatureGenerator:diff,dense rank over id divided by count,pre tail window i minus post head window i,q50_difference_vs_period_1,submission.ipynb cell 5,source-mapped; execution pending dependencies
step2val_q75_4_500_0_diff,ThirdFeatureGenerator:diff,dense rank over id divided by count,pre tail window i minus post head window i,q75_difference_vs_period_1,submission.ipynb cell 5,source-mapped; execution pending dependencies
step2val_corr_4_500_0_diff,ThirdFeatureGenerator:diff,dense rank over id divided by count,pre tail window i minus post head window i,corr_difference_vs_period_1,submission.ipynb cell 5,source-mapped; execution pending dependencies
step2val_mean_4_500_2_diff,ThirdFeatureGenerator:diff,dense rank over id divided by count,pre tail 2*i minus post head window i,mean_difference_vs_period_1,submission.ipynb cell 5,source-mapped; execution pending dependencies
step2val_std_4_500_2_diff,ThirdFeatureGenerator:diff,dense rank over id divided by count,pre tail 2*i minus post head window i,std_difference_vs_period_1,submission.ipynb cell 5,source-mapped; execution pending dependencies
step2val_min_4_500_2_diff,ThirdFeatureGenerator:diff,dense rank over id divided by count,pre tail 2*i minus post head window i,min_difference_vs_period_1,submission.ipynb cell 5,source-mapped; execution pending dependencies
step2val_max_4_500_2_diff,ThirdFeatureGenerator:diff,dense rank over id divided by count,pre tail 2*i minus post head window i,max_difference_vs_period_1,submission.ipynb cell 5,source-mapped; execution pending dependencies
step2val_q25_4_500_2_diff,ThirdFeatureGenerator:diff,dense rank over id divided by count,pre tail 2*i minus post head window i,q25_difference_vs_period_1,submission.ipynb cell 5,source-mapped; execution pending dependencies
step2val_q50_4_500_2_diff,ThirdFeatureGenerator:diff,dense rank over id divided by count,pre tail 2*i minus post head window i,q50_difference_vs_period_1,submission.ipynb cell 5,source-mapped; execution pending dependencies
step2val_q75_4_500_2_diff,ThirdFeatureGenerator:diff,dense rank over id divided by count,pre tail 2*i minus post head window i,q75_difference_vs_period_1,submission.ipynb cell 5,source-mapped; execution pending dependencies
step2val_corr_4_500_2_diff,ThirdFeatureGenerator:diff,dense rank over id divided by count,pre tail 2*i minus post head window i,corr_difference_vs_period_1,submission.ipynb cell 5,source-mapped; execution pending dependencies
step2val_mean_4_500_3_diff,ThirdFeatureGenerator:diff,dense rank over id divided by count,pre tail 3*i minus post head window i,mean_difference_vs_period_1,submission.ipynb cell 5,source-mapped; execution pending dependencies
step2val_std_4_500_3_diff,ThirdFeatureGenerator:diff,dense rank over id divided by count,pre tail 3*i minus post head window i,std_difference_vs_period_1,submission.ipynb cell 5,source-mapped; execution pending dependencies
step2val_min_4_500_3_diff,ThirdFeatureGenerator:diff,dense rank over id divided by count,pre tail 3*i minus post head window i,min_difference_vs_period_1,submission.ipynb cell 5,source-mapped; execution pending dependencies
step2val_max_4_500_3_diff,ThirdFeatureGenerator:diff,dense rank over id divided by count,pre tail 3*i minus post head window i,max_difference_vs_period_1,submission.ipynb cell 5,source-mapped; execution pending dependencies
step2val_q25_4_500_3_diff,ThirdFeatureGenerator:diff,dense rank over id divided by count,pre tail 3*i minus post head window i,q25_difference_vs_period_1,submission.ipynb cell 5,source-mapped; execution pending dependencies
step2val_q50_4_500_3_diff,ThirdFeatureGenerator:diff,dense rank over id divided by count,pre tail 3*i minus post head window i,q50_difference_vs_period_1,submission.ipynb cell 5,source-mapped; execution pending dependencies
step2val_q75_4_500_3_diff,ThirdFeatureGenerator:diff,dense rank over id divided by count,pre tail 3*i minus post head window i,q75_difference_vs_period_1,submission.ipynb cell 5,source-mapped; execution pending dependencies
step2val_corr_4_500_3_diff,ThirdFeatureGenerator:diff,dense rank over id divided by count,pre tail 3*i minus post head window i,corr_difference_vs_period_1,submission.ipynb cell 5,source-mapped; execution pending dependencies
step2val_corr_5_500_0,ThirdFeatureGenerator:pivot,absolute value,pre tail window i,corr,submission.ipynb cell 5,source-mapped; execution pending dependencies
step2val_q25_5_500_0,ThirdFeatureGenerator:pivot,absolute value,pre tail window i,q25,submission.ipynb cell 5,source-mapped; execution pending dependencies
step2val_q50_5_500_0,ThirdFeatureGenerator:pivot,absolute value,pre tail window i,q50,submission.ipynb cell 5,source-mapped; execution pending dependencies
step2val_q75_5_500_0,ThirdFeatureGenerator:pivot,absolute value,pre tail window i,q75,submission.ipynb cell 5,source-mapped; execution pending dependencies
step2val_mean_5_500_0,ThirdFeatureGenerator:pivot,absolute value,pre tail window i,mean,submission.ipynb cell 5,source-mapped; execution pending dependencies
step2val_std_5_500_0,ThirdFeatureGenerator:pivot,absolute value,pre tail window i,std,submission.ipynb cell 5,source-mapped; execution pending dependencies
step2val_min_5_500_0,ThirdFeatureGenerator:pivot,absolute value,pre tail window i,min,submission.ipynb cell 5,source-mapped; execution pending dependencies
step2val_max_5_500_0,ThirdFeatureGenerator:pivot,absolute value,pre tail window i,max,submission.ipynb cell 5,source-mapped; execution pending dependencies
step2val_skew_5_500_0,ThirdFeatureGenerator:pivot,absolute value,pre tail window i,skew,submission.ipynb cell 5,source-mapped; execution pending dependencies
step2val_corr_5_500_1,ThirdFeatureGenerator:pivot,absolute value,post head window i,corr,submission.ipynb cell 5,source-mapped; execution pending dependencies
step2val_q25_5_500_1,ThirdFeatureGenerator:pivot,absolute value,post head window i,q25,submission.ipynb cell 5,source-mapped; execution pending dependencies
step2val_q50_5_500_1,ThirdFeatureGenerator:pivot,absolute value,post head window i,q50,submission.ipynb cell 5,source-mapped; execution pending dependencies
step2val_q75_5_500_1,ThirdFeatureGenerator:pivot,absolute value,post head window i,q75,submission.ipynb cell 5,source-mapped; execution pending dependencies
step2val_mean_5_500_1,ThirdFeatureGenerator:pivot,absolute value,post head window i,mean,submission.ipynb cell 5,source-mapped; execution pending dependencies
step2val_std_5_500_1,ThirdFeatureGenerator:pivot,absolute value,post head window i,std,submission.ipynb cell 5,source-mapped; execution pending dependencies
step2val_min_5_500_1,ThirdFeatureGenerator:pivot,absolute value,post head window i,min,submission.ipynb cell 5,source-mapped; execution pending dependencies
step2val_max_5_500_1,ThirdFeatureGenerator:pivot,absolute value,post head window i,max,submission.ipynb cell 5,source-mapped; execution pending dependencies
step2val_skew_5_500_1,ThirdFeatureGenerator:pivot,absolute value,post head window i,skew,submission.ipynb cell 5,source-mapped; execution pending dependencies
step2val_corr_5_500_2,ThirdFeatureGenerator:pivot,absolute value,pre tail 2*i,corr,submission.ipynb cell 5,source-mapped; execution pending dependencies
step2val_q25_5_500_2,ThirdFeatureGenerator:pivot,absolute value,pre tail 2*i,q25,submission.ipynb cell 5,source-mapped; execution pending dependencies
step2val_q50_5_500_2,ThirdFeatureGenerator:pivot,absolute value,pre tail 2*i,q50,submission.ipynb cell 5,source-mapped; execution pending dependencies
step2val_q75_5_500_2,ThirdFeatureGenerator:pivot,absolute value,pre tail 2*i,q75,submission.ipynb cell 5,source-mapped; execution pending dependencies
step2val_mean_5_500_2,ThirdFeatureGenerator:pivot,absolute value,pre tail 2*i,mean,submission.ipynb cell 5,source-mapped; execution pending dependencies
step2val_std_5_500_2,ThirdFeatureGenerator:pivot,absolute value,pre tail 2*i,std,submission.ipynb cell 5,source-mapped; execution pending dependencies
step2val_min_5_500_2,ThirdFeatureGenerator:pivot,absolute value,pre tail 2*i,min,submission.ipynb cell 5,source-mapped; execution pending dependencies
step2val_max_5_500_2,ThirdFeatureGenerator:pivot,absolute value,pre tail 2*i,max,submission.ipynb cell 5,source-mapped; execution pending dependencies
step2val_skew_5_500_2,ThirdFeatureGenerator:pivot,absolute value,pre tail 2*i,skew,submission.ipynb cell 5,source-mapped; execution pending dependencies
step2val_corr_5_500_3,ThirdFeatureGenerator:pivot,absolute value,pre tail 3*i,corr,submission.ipynb cell 5,source-mapped; execution pending dependencies
step2val_q25_5_500_3,ThirdFeatureGenerator:pivot,absolute value,pre tail 3*i,q25,submission.ipynb cell 5,source-mapped; execution pending dependencies
step2val_q50_5_500_3,ThirdFeatureGenerator:pivot,absolute value,pre tail 3*i,q50,submission.ipynb cell 5,source-mapped; execution pending dependencies
step2val_q75_5_500_3,ThirdFeatureGenerator:pivot,absolute value,pre tail 3*i,q75,submission.ipynb cell 5,source-mapped; execution pending dependencies
step2val_mean_5_500_3,ThirdFeatureGenerator:pivot,absolute value,pre tail 3*i,mean,submission.ipynb cell 5,source-mapped; execution pending dependencies
step2val_std_5_500_3,ThirdFeatureGenerator:pivot,absolute value,pre tail 3*i,std,submission.ipynb cell 5,source-mapped; execution pending dependencies
step2val_min_5_500_3,ThirdFeatureGenerator:pivot,absolute value,pre tail 3*i,min,submission.ipynb cell 5,source-mapped; execution pending dependencies
step2val_max_5_500_3,ThirdFeatureGenerator:pivot,absolute value,pre tail 3*i,max,submission.ipynb cell 5,source-mapped; execution pending dependencies
step2val_skew_5_500_3,ThirdFeatureGenerator:pivot,absolute value,pre tail 3*i,skew,submission.ipynb cell 5,source-mapped; execution pending dependencies
step2val_mean_5_500_0_diff,ThirdFeatureGenerator:diff,absolute value,pre tail window i minus post head window i,mean_difference_vs_period_1,submission.ipynb cell 5,source-mapped; execution pending dependencies
step2val_std_5_500_0_diff,ThirdFeatureGenerator:diff,absolute value,pre tail window i minus post head window i,std_difference_vs_period_1,submission.ipynb cell 5,source-mapped; execution pending dependencies
step2val_min_5_500_0_diff,ThirdFeatureGenerator:diff,absolute value,pre tail window i minus post head window i,min_difference_vs_period_1,submission.ipynb cell 5,source-mapped; execution pending dependencies
step2val_max_5_500_0_diff,ThirdFeatureGenerator:diff,absolute value,pre tail window i minus post head window i,max_difference_vs_period_1,submission.ipynb cell 5,source-mapped; execution pending dependencies
step2val_q25_5_500_0_diff,ThirdFeatureGenerator:diff,absolute value,pre tail window i minus post head window i,q25_difference_vs_period_1,submission.ipynb cell 5,source-mapped; execution pending dependencies
step2val_q50_5_500_0_diff,ThirdFeatureGenerator:diff,absolute value,pre tail window i minus post head window i,q50_difference_vs_period_1,submission.ipynb cell 5,source-mapped; execution pending dependencies
step2val_q75_5_500_0_diff,ThirdFeatureGenerator:diff,absolute value,pre tail window i minus post head window i,q75_difference_vs_period_1,submission.ipynb cell 5,source-mapped; execution pending dependencies
step2val_corr_5_500_0_diff,ThirdFeatureGenerator:diff,absolute value,pre tail window i minus post head window i,corr_difference_vs_period_1,submission.ipynb cell 5,source-mapped; execution pending dependencies
step2val_mean_5_500_2_diff,ThirdFeatureGenerator:diff,absolute value,pre tail 2*i minus post head window i,mean_difference_vs_period_1,submission.ipynb cell 5,source-mapped; execution pending dependencies
step2val_std_5_500_2_diff,ThirdFeatureGenerator:diff,absolute value,pre tail 2*i minus post head window i,std_difference_vs_period_1,submission.ipynb cell 5,source-mapped; execution pending dependencies
step2val_min_5_500_2_diff,ThirdFeatureGenerator:diff,absolute value,pre tail 2*i minus post head window i,min_difference_vs_period_1,submission.ipynb cell 5,source-mapped; execution pending dependencies
step2val_max_5_500_2_diff,ThirdFeatureGenerator:diff,absolute value,pre tail 2*i minus post head window i,max_difference_vs_period_1,submission.ipynb cell 5,source-mapped; execution pending dependencies
step2val_q25_5_500_2_diff,ThirdFeatureGenerator:diff,absolute value,pre tail 2*i minus post head window i,q25_difference_vs_period_1,submission.ipynb cell 5,source-mapped; execution pending dependencies
step2val_q50_5_500_2_diff,ThirdFeatureGenerator:diff,absolute value,pre tail 2*i minus post head window i,q50_difference_vs_period_1,submission.ipynb cell 5,source-mapped; execution pending dependencies
step2val_q75_5_500_2_diff,ThirdFeatureGenerator:diff,absolute value,pre tail 2*i minus post head window i,q75_difference_vs_period_1,submission.ipynb cell 5,source-mapped; execution pending dependencies
step2val_corr_5_500_2_diff,ThirdFeatureGenerator:diff,absolute value,pre tail 2*i minus post head window i,corr_difference_vs_period_1,submission.ipynb cell 5,source-mapped; execution pending dependencies
step2val_mean_5_500_3_diff,ThirdFeatureGenerator:diff,absolute value,pre tail 3*i minus post head window i,mean_difference_vs_period_1,submission.ipynb cell 5,source-mapped; execution pending dependencies
step2val_std_5_500_3_diff,ThirdFeatureGenerator:diff,absolute value,pre tail 3*i minus post head window i,std_difference_vs_period_1,submission.ipynb cell 5,source-mapped; execution pending dependencies
step2val_min_5_500_3_diff,ThirdFeatureGenerator:diff,absolute value,pre tail 3*i minus post head window i,min_difference_vs_period_1,submission.ipynb cell 5,source-mapped; execution pending dependencies
step2val_max_5_500_3_diff,ThirdFeatureGenerator:diff,absolute value,pre tail 3*i minus post head window i,max_difference_vs_period_1,submission.ipynb cell 5,source-mapped; execution pending dependencies
step2val_q25_5_500_3_diff,ThirdFeatureGenerator:diff,absolute value,pre tail 3*i minus post head window i,q25_difference_vs_period_1,submission.ipynb cell 5,source-mapped; execution pending dependencies
step2val_q50_5_500_3_diff,ThirdFeatureGenerator:diff,absolute value,pre tail 3*i minus post head window i,q50_difference_vs_period_1,submission.ipynb cell 5,source-mapped; execution pending dependencies
step2val_q75_5_500_3_diff,ThirdFeatureGenerator:diff,absolute value,pre tail 3*i minus post head window i,q75_difference_vs_period_1,submission.ipynb cell 5,source-mapped; execution pending dependencies
step2val_corr_5_500_3_diff,ThirdFeatureGenerator:diff,absolute value,pre tail 3*i minus post head window i,corr_difference_vs_period_1,submission.ipynb cell 5,source-mapped; execution pending dependencies
step2val_corr_6_500_0,ThirdFeatureGenerator:pivot,rolling mean window 16 over id,pre tail window i,corr,submission.ipynb cell 5,source-mapped; execution pending dependencies
step2val_q25_6_500_0,ThirdFeatureGenerator:pivot,rolling mean window 16 over id,pre tail window i,q25,submission.ipynb cell 5,source-mapped; execution pending dependencies
step2val_q50_6_500_0,ThirdFeatureGenerator:pivot,rolling mean window 16 over id,pre tail window i,q50,submission.ipynb cell 5,source-mapped; execution pending dependencies
step2val_q75_6_500_0,ThirdFeatureGenerator:pivot,rolling mean window 16 over id,pre tail window i,q75,submission.ipynb cell 5,source-mapped; execution pending dependencies
step2val_mean_6_500_0,ThirdFeatureGenerator:pivot,rolling mean window 16 over id,pre tail window i,mean,submission.ipynb cell 5,source-mapped; execution pending dependencies
step2val_std_6_500_0,ThirdFeatureGenerator:pivot,rolling mean window 16 over id,pre tail window i,std,submission.ipynb cell 5,source-mapped; execution pending dependencies
step2val_min_6_500_0,ThirdFeatureGenerator:pivot,rolling mean window 16 over id,pre tail window i,min,submission.ipynb cell 5,source-mapped; execution pending dependencies
step2val_max_6_500_0,ThirdFeatureGenerator:pivot,rolling mean window 16 over id,pre tail window i,max,submission.ipynb cell 5,source-mapped; execution pending dependencies
step2val_skew_6_500_0,ThirdFeatureGenerator:pivot,rolling mean window 16 over id,pre tail window i,skew,submission.ipynb cell 5,source-mapped; execution pending dependencies
step2val_corr_6_500_1,ThirdFeatureGenerator:pivot,rolling mean window 16 over id,post head window i,corr,submission.ipynb cell 5,source-mapped; execution pending dependencies
step2val_q25_6_500_1,ThirdFeatureGenerator:pivot,rolling mean window 16 over id,post head window i,q25,submission.ipynb cell 5,source-mapped; execution pending dependencies
step2val_q50_6_500_1,ThirdFeatureGenerator:pivot,rolling mean window 16 over id,post head window i,q50,submission.ipynb cell 5,source-mapped; execution pending dependencies
step2val_q75_6_500_1,ThirdFeatureGenerator:pivot,rolling mean window 16 over id,post head window i,q75,submission.ipynb cell 5,source-mapped; execution pending dependencies
step2val_mean_6_500_1,ThirdFeatureGenerator:pivot,rolling mean window 16 over id,post head window i,mean,submission.ipynb cell 5,source-mapped; execution pending dependencies
step2val_std_6_500_1,ThirdFeatureGenerator:pivot,rolling mean window 16 over id,post head window i,std,submission.ipynb cell 5,source-mapped; execution pending dependencies
step2val_min_6_500_1,ThirdFeatureGenerator:pivot,rolling mean window 16 over id,post head window i,min,submission.ipynb cell 5,source-mapped; execution pending dependencies
step2val_max_6_500_1,ThirdFeatureGenerator:pivot,rolling mean window 16 over id,post head window i,max,submission.ipynb cell 5,source-mapped; execution pending dependencies
step2val_skew_6_500_1,ThirdFeatureGenerator:pivot,rolling mean window 16 over id,post head window i,skew,submission.ipynb cell 5,source-mapped; execution pending dependencies
step2val_corr_6_500_2,ThirdFeatureGenerator:pivot,rolling mean window 16 over id,pre tail 2*i,corr,submission.ipynb cell 5,source-mapped; execution pending dependencies
step2val_q25_6_500_2,ThirdFeatureGenerator:pivot,rolling mean window 16 over id,pre tail 2*i,q25,submission.ipynb cell 5,source-mapped; execution pending dependencies
step2val_q50_6_500_2,ThirdFeatureGenerator:pivot,rolling mean window 16 over id,pre tail 2*i,q50,submission.ipynb cell 5,source-mapped; execution pending dependencies
step2val_q75_6_500_2,ThirdFeatureGenerator:pivot,rolling mean window 16 over id,pre tail 2*i,q75,submission.ipynb cell 5,source-mapped; execution pending dependencies
step2val_mean_6_500_2,ThirdFeatureGenerator:pivot,rolling mean window 16 over id,pre tail 2*i,mean,submission.ipynb cell 5,source-mapped; execution pending dependencies
step2val_std_6_500_2,ThirdFeatureGenerator:pivot,rolling mean window 16 over id,pre tail 2*i,std,submission.ipynb cell 5,source-mapped; execution pending dependencies
step2val_min_6_500_2,ThirdFeatureGenerator:pivot,rolling mean window 16 over id,pre tail 2*i,min,submission.ipynb cell 5,source-mapped; execution pending dependencies
step2val_max_6_500_2,ThirdFeatureGenerator:pivot,rolling mean window 16 over id,pre tail 2*i,max,submission.ipynb cell 5,source-mapped; execution pending dependencies
step2val_skew_6_500_2,ThirdFeatureGenerator:pivot,rolling mean window 16 over id,pre tail 2*i,skew,submission.ipynb cell 5,source-mapped; execution pending dependencies
step2val_corr_6_500_3,ThirdFeatureGenerator:pivot,rolling mean window 16 over id,pre tail 3*i,corr,submission.ipynb cell 5,source-mapped; execution pending dependencies
step2val_q25_6_500_3,ThirdFeatureGenerator:pivot,rolling mean window 16 over id,pre tail 3*i,q25,submission.ipynb cell 5,source-mapped; execution pending dependencies
step2val_q50_6_500_3,ThirdFeatureGenerator:pivot,rolling mean window 16 over id,pre tail 3*i,q50,submission.ipynb cell 5,source-mapped; execution pending dependencies
step2val_q75_6_500_3,ThirdFeatureGenerator:pivot,rolling mean window 16 over id,pre tail 3*i,q75,submission.ipynb cell 5,source-mapped; execution pending dependencies
step2val_mean_6_500_3,ThirdFeatureGenerator:pivot,rolling mean window 16 over id,pre tail 3*i,mean,submission.ipynb cell 5,source-mapped; execution pending dependencies
step2val_std_6_500_3,ThirdFeatureGenerator:pivot,rolling mean window 16 over id,pre tail 3*i,std,submission.ipynb cell 5,source-mapped; execution pending dependencies
step2val_min_6_500_3,ThirdFeatureGenerator:pivot,rolling mean window 16 over id,pre tail 3*i,min,submission.ipynb cell 5,source-mapped; execution pending dependencies
step2val_max_6_500_3,ThirdFeatureGenerator:pivot,rolling mean window 16 over id,pre tail 3*i,max,submission.ipynb cell 5,source-mapped; execution pending dependencies
step2val_skew_6_500_3,ThirdFeatureGenerator:pivot,rolling mean window 16 over id,pre tail 3*i,skew,submission.ipynb cell 5,source-mapped; execution pending dependencies
step2val_mean_6_500_0_diff,ThirdFeatureGenerator:diff,rolling mean window 16 over id,pre tail window i minus post head window i,mean_difference_vs_period_1,submission.ipynb cell 5,source-mapped; execution pending dependencies
step2val_std_6_500_0_diff,ThirdFeatureGenerator:diff,rolling mean window 16 over id,pre tail window i minus post head window i,std_difference_vs_period_1,submission.ipynb cell 5,source-mapped; execution pending dependencies
step2val_min_6_500_0_diff,ThirdFeatureGenerator:diff,rolling mean window 16 over id,pre tail window i minus post head window i,min_difference_vs_period_1,submission.ipynb cell 5,source-mapped; execution pending dependencies
step2val_max_6_500_0_diff,ThirdFeatureGenerator:diff,rolling mean window 16 over id,pre tail window i minus post head window i,max_difference_vs_period_1,submission.ipynb cell 5,source-mapped; execution pending dependencies
step2val_q25_6_500_0_diff,ThirdFeatureGenerator:diff,rolling mean window 16 over id,pre tail window i minus post head window i,q25_difference_vs_period_1,submission.ipynb cell 5,source-mapped; execution pending dependencies
step2val_q50_6_500_0_diff,ThirdFeatureGenerator:diff,rolling mean window 16 over id,pre tail window i minus post head window i,q50_difference_vs_period_1,submission.ipynb cell 5,source-mapped; execution pending dependencies
step2val_q75_6_500_0_diff,ThirdFeatureGenerator:diff,rolling mean window 16 over id,pre tail window i minus post head window i,q75_difference_vs_period_1,submission.ipynb cell 5,source-mapped; execution pending dependencies
step2val_corr_6_500_0_diff,ThirdFeatureGenerator:diff,rolling mean window 16 over id,pre tail window i minus post head window i,corr_difference_vs_period_1,submission.ipynb cell 5,source-mapped; execution pending dependencies
step2val_mean_6_500_2_diff,ThirdFeatureGenerator:diff,rolling mean window 16 over id,pre tail 2*i minus post head window i,mean_difference_vs_period_1,submission.ipynb cell 5,source-mapped; execution pending dependencies
step2val_std_6_500_2_diff,ThirdFeatureGenerator:diff,rolling mean window 16 over id,pre tail 2*i minus post head window i,std_difference_vs_period_1,submission.ipynb cell 5,source-mapped; execution pending dependencies
step2val_min_6_500_2_diff,ThirdFeatureGenerator:diff,rolling mean window 16 over id,pre tail 2*i minus post head window i,min_difference_vs_period_1,submission.ipynb cell 5,source-mapped; execution pending dependencies
step2val_max_6_500_2_diff,ThirdFeatureGenerator:diff,rolling mean window 16 over id,pre tail 2*i minus post head window i,max_difference_vs_period_1,submission.ipynb cell 5,source-mapped; execution pending dependencies
step2val_q25_6_500_2_diff,ThirdFeatureGenerator:diff,rolling mean window 16 over id,pre tail 2*i minus post head window i,q25_difference_vs_period_1,submission.ipynb cell 5,source-mapped; execution pending dependencies
step2val_q50_6_500_2_diff,ThirdFeatureGenerator:diff,rolling mean window 16 over id,pre tail 2*i minus post head window i,q50_difference_vs_period_1,submission.ipynb cell 5,source-mapped; execution pending dependencies
step2val_q75_6_500_2_diff,ThirdFeatureGenerator:diff,rolling mean window 16 over id,pre tail 2*i minus post head window i,q75_difference_vs_period_1,submission.ipynb cell 5,source-mapped; execution pending dependencies
step2val_corr_6_500_2_diff,ThirdFeatureGenerator:diff,rolling mean window 16 over id,pre tail 2*i minus post head window i,corr_difference_vs_period_1,submission.ipynb cell 5,source-mapped; execution pending dependencies
step2val_mean_6_500_3_diff,ThirdFeatureGenerator:diff,rolling mean window 16 over id,pre tail 3*i minus post head window i,mean_difference_vs_period_1,submission.ipynb cell 5,source-mapped; execution pending dependencies
step2val_std_6_500_3_diff,ThirdFeatureGenerator:diff,rolling mean window 16 over id,pre tail 3*i minus post head window i,std_difference_vs_period_1,submission.ipynb cell 5,source-mapped; execution pending dependencies
step2val_min_6_500_3_diff,ThirdFeatureGenerator:diff,rolling mean window 16 over id,pre tail 3*i minus post head window i,min_difference_vs_period_1,submission.ipynb cell 5,source-mapped; execution pending dependencies
step2val_max_6_500_3_diff,ThirdFeatureGenerator:diff,rolling mean window 16 over id,pre tail 3*i minus post head window i,max_difference_vs_period_1,submission.ipynb cell 5,source-mapped; execution pending dependencies
step2val_q25_6_500_3_diff,ThirdFeatureGenerator:diff,rolling mean window 16 over id,pre tail 3*i minus post head window i,q25_difference_vs_period_1,submission.ipynb cell 5,source-mapped; execution pending dependencies
step2val_q50_6_500_3_diff,ThirdFeatureGenerator:diff,rolling mean window 16 over id,pre tail 3*i minus post head window i,q50_difference_vs_period_1,submission.ipynb cell 5,source-mapped; execution pending dependencies
step2val_q75_6_500_3_diff,ThirdFeatureGenerator:diff,rolling mean window 16 over id,pre tail 3*i minus post head window i,q75_difference_vs_period_1,submission.ipynb cell 5,source-mapped; execution pending dependencies
step2val_corr_6_500_3_diff,ThirdFeatureGenerator:diff,rolling mean window 16 over id,pre tail 3*i minus post head window i,corr_difference_vs_period_1,submission.ipynb cell 5,source-mapped; execution pending dependencies
step2val_corr_7_500_0,ThirdFeatureGenerator:pivot,rolling std window 16 over id,pre tail window i,corr,submission.ipynb cell 5,source-mapped; execution pending dependencies
step2val_q25_7_500_0,ThirdFeatureGenerator:pivot,rolling std window 16 over id,pre tail window i,q25,submission.ipynb cell 5,source-mapped; execution pending dependencies
step2val_q50_7_500_0,ThirdFeatureGenerator:pivot,rolling std window 16 over id,pre tail window i,q50,submission.ipynb cell 5,source-mapped; execution pending dependencies
step2val_q75_7_500_0,ThirdFeatureGenerator:pivot,rolling std window 16 over id,pre tail window i,q75,submission.ipynb cell 5,source-mapped; execution pending dependencies
step2val_mean_7_500_0,ThirdFeatureGenerator:pivot,rolling std window 16 over id,pre tail window i,mean,submission.ipynb cell 5,source-mapped; execution pending dependencies
step2val_std_7_500_0,ThirdFeatureGenerator:pivot,rolling std window 16 over id,pre tail window i,std,submission.ipynb cell 5,source-mapped; execution pending dependencies
step2val_min_7_500_0,ThirdFeatureGenerator:pivot,rolling std window 16 over id,pre tail window i,min,submission.ipynb cell 5,source-mapped; execution pending dependencies
step2val_max_7_500_0,ThirdFeatureGenerator:pivot,rolling std window 16 over id,pre tail window i,max,submission.ipynb cell 5,source-mapped; execution pending dependencies
step2val_skew_7_500_0,ThirdFeatureGenerator:pivot,rolling std window 16 over id,pre tail window i,skew,submission.ipynb cell 5,source-mapped; execution pending dependencies
step2val_corr_7_500_1,ThirdFeatureGenerator:pivot,rolling std window 16 over id,post head window i,corr,submission.ipynb cell 5,source-mapped; execution pending dependencies
step2val_q25_7_500_1,ThirdFeatureGenerator:pivot,rolling std window 16 over id,post head window i,q25,submission.ipynb cell 5,source-mapped; execution pending dependencies
step2val_q50_7_500_1,ThirdFeatureGenerator:pivot,rolling std window 16 over id,post head window i,q50,submission.ipynb cell 5,source-mapped; execution pending dependencies
step2val_q75_7_500_1,ThirdFeatureGenerator:pivot,rolling std window 16 over id,post head window i,q75,submission.ipynb cell 5,source-mapped; execution pending dependencies
step2val_mean_7_500_1,ThirdFeatureGenerator:pivot,rolling std window 16 over id,post head window i,mean,submission.ipynb cell 5,source-mapped; execution pending dependencies
step2val_std_7_500_1,ThirdFeatureGenerator:pivot,rolling std window 16 over id,post head window i,std,submission.ipynb cell 5,source-mapped; execution pending dependencies
step2val_min_7_500_1,ThirdFeatureGenerator:pivot,rolling std window 16 over id,post head window i,min,submission.ipynb cell 5,source-mapped; execution pending dependencies
step2val_max_7_500_1,ThirdFeatureGenerator:pivot,rolling std window 16 over id,post head window i,max,submission.ipynb cell 5,source-mapped; execution pending dependencies
step2val_skew_7_500_1,ThirdFeatureGenerator:pivot,rolling std window 16 over id,post head window i,skew,submission.ipynb cell 5,source-mapped; execution pending dependencies
step2val_corr_7_500_2,ThirdFeatureGenerator:pivot,rolling std window 16 over id,pre tail 2*i,corr,submission.ipynb cell 5,source-mapped; execution pending dependencies
step2val_q25_7_500_2,ThirdFeatureGenerator:pivot,rolling std window 16 over id,pre tail 2*i,q25,submission.ipynb cell 5,source-mapped; execution pending dependencies
step2val_q50_7_500_2,ThirdFeatureGenerator:pivot,rolling std window 16 over id,pre tail 2*i,q50,submission.ipynb cell 5,source-mapped; execution pending dependencies
step2val_q75_7_500_2,ThirdFeatureGenerator:pivot,rolling std window 16 over id,pre tail 2*i,q75,submission.ipynb cell 5,source-mapped; execution pending dependencies
step2val_mean_7_500_2,ThirdFeatureGenerator:pivot,rolling std window 16 over id,pre tail 2*i,mean,submission.ipynb cell 5,source-mapped; execution pending dependencies
step2val_std_7_500_2,ThirdFeatureGenerator:pivot,rolling std window 16 over id,pre tail 2*i,std,submission.ipynb cell 5,source-mapped; execution pending dependencies
step2val_min_7_500_2,ThirdFeatureGenerator:pivot,rolling std window 16 over id,pre tail 2*i,min,submission.ipynb cell 5,source-mapped; execution pending dependencies
step2val_max_7_500_2,ThirdFeatureGenerator:pivot,rolling std window 16 over id,pre tail 2*i,max,submission.ipynb cell 5,source-mapped; execution pending dependencies
step2val_skew_7_500_2,ThirdFeatureGenerator:pivot,rolling std window 16 over id,pre tail 2*i,skew,submission.ipynb cell 5,source-mapped; execution pending dependencies
step2val_corr_7_500_3,ThirdFeatureGenerator:pivot,rolling std window 16 over id,pre tail 3*i,corr,submission.ipynb cell 5,source-mapped; execution pending dependencies
step2val_q25_7_500_3,ThirdFeatureGenerator:pivot,rolling std window 16 over id,pre tail 3*i,q25,submission.ipynb cell 5,source-mapped; execution pending dependencies
step2val_q50_7_500_3,ThirdFeatureGenerator:pivot,rolling std window 16 over id,pre tail 3*i,q50,submission.ipynb cell 5,source-mapped; execution pending dependencies
step2val_q75_7_500_3,ThirdFeatureGenerator:pivot,rolling std window 16 over id,pre tail 3*i,q75,submission.ipynb cell 5,source-mapped; execution pending dependencies
step2val_mean_7_500_3,ThirdFeatureGenerator:pivot,rolling std window 16 over id,pre tail 3*i,mean,submission.ipynb cell 5,source-mapped; execution pending dependencies
step2val_std_7_500_3,ThirdFeatureGenerator:pivot,rolling std window 16 over id,pre tail 3*i,std,submission.ipynb cell 5,source-mapped; execution pending dependencies
step2val_min_7_500_3,ThirdFeatureGenerator:pivot,rolling std window 16 over id,pre tail 3*i,min,submission.ipynb cell 5,source-mapped; execution pending dependencies
step2val_max_7_500_3,ThirdFeatureGenerator:pivot,rolling std window 16 over id,pre tail 3*i,max,submission.ipynb cell 5,source-mapped; execution pending dependencies
step2val_skew_7_500_3,ThirdFeatureGenerator:pivot,rolling std window 16 over id,pre tail 3*i,skew,submission.ipynb cell 5,source-mapped; execution pending dependencies
step2val_mean_7_500_0_diff,ThirdFeatureGenerator:diff,rolling std window 16 over id,pre tail window i minus post head window i,mean_difference_vs_period_1,submission.ipynb cell 5,source-mapped; execution pending dependencies
step2val_std_7_500_0_diff,ThirdFeatureGenerator:diff,rolling std window 16 over id,pre tail window i minus post head window i,std_difference_vs_period_1,submission.ipynb cell 5,source-mapped; execution pending dependencies
step2val_min_7_500_0_diff,ThirdFeatureGenerator:diff,rolling std window 16 over id,pre tail window i minus post head window i,min_difference_vs_period_1,submission.ipynb cell 5,source-mapped; execution pending dependencies
step2val_max_7_500_0_diff,ThirdFeatureGenerator:diff,rolling std window 16 over id,pre tail window i minus post head window i,max_difference_vs_period_1,submission.ipynb cell 5,source-mapped; execution pending dependencies
step2val_q25_7_500_0_diff,ThirdFeatureGenerator:diff,rolling std window 16 over id,pre tail window i minus post head window i,q25_difference_vs_period_1,submission.ipynb cell 5,source-mapped; execution pending dependencies
step2val_q50_7_500_0_diff,ThirdFeatureGenerator:diff,rolling std window 16 over id,pre tail window i minus post head window i,q50_difference_vs_period_1,submission.ipynb cell 5,source-mapped; execution pending dependencies
step2val_q75_7_500_0_diff,ThirdFeatureGenerator:diff,rolling std window 16 over id,pre tail window i minus post head window i,q75_difference_vs_period_1,submission.ipynb cell 5,source-mapped; execution pending dependencies
step2val_corr_7_500_0_diff,ThirdFeatureGenerator:diff,rolling std window 16 over id,pre tail window i minus post head window i,corr_difference_vs_period_1,submission.ipynb cell 5,source-mapped; execution pending dependencies
step2val_mean_7_500_2_diff,ThirdFeatureGenerator:diff,rolling std window 16 over id,pre tail 2*i minus post head window i,mean_difference_vs_period_1,submission.ipynb cell 5,source-mapped; execution pending dependencies
step2val_std_7_500_2_diff,ThirdFeatureGenerator:diff,rolling std window 16 over id,pre tail 2*i minus post head window i,std_difference_vs_period_1,submission.ipynb cell 5,source-mapped; execution pending dependencies
step2val_min_7_500_2_diff,ThirdFeatureGenerator:diff,rolling std window 16 over id,pre tail 2*i minus post head window i,min_difference_vs_period_1,submission.ipynb cell 5,source-mapped; execution pending dependencies
step2val_max_7_500_2_diff,ThirdFeatureGenerator:diff,rolling std window 16 over id,pre tail 2*i minus post head window i,max_difference_vs_period_1,submission.ipynb cell 5,source-mapped; execution pending dependencies
step2val_q25_7_500_2_diff,ThirdFeatureGenerator:diff,rolling std window 16 over id,pre tail 2*i minus post head window i,q25_difference_vs_period_1,submission.ipynb cell 5,source-mapped; execution pending dependencies
step2val_q50_7_500_2_diff,ThirdFeatureGenerator:diff,rolling std window 16 over id,pre tail 2*i minus post head window i,q50_difference_vs_period_1,submission.ipynb cell 5,source-mapped; execution pending dependencies
step2val_q75_7_500_2_diff,ThirdFeatureGenerator:diff,rolling std window 16 over id,pre tail 2*i minus post head window i,q75_difference_vs_period_1,submission.ipynb cell 5,source-mapped; execution pending dependencies
step2val_corr_7_500_2_diff,ThirdFeatureGenerator:diff,rolling std window 16 over id,pre tail 2*i minus post head window i,corr_difference_vs_period_1,submission.ipynb cell 5,source-mapped; execution pending dependencies
step2val_mean_7_500_3_diff,ThirdFeatureGenerator:diff,rolling std window 16 over id,pre tail 3*i minus post head window i,mean_difference_vs_period_1,submission.ipynb cell 5,source-mapped; execution pending dependencies
step2val_std_7_500_3_diff,ThirdFeatureGenerator:diff,rolling std window 16 over id,pre tail 3*i minus post head window i,std_difference_vs_period_1,submission.ipynb cell 5,source-mapped; execution pending dependencies
step2val_min_7_500_3_diff,ThirdFeatureGenerator:diff,rolling std window 16 over id,pre tail 3*i minus post head window i,min_difference_vs_period_1,submission.ipynb cell 5,source-mapped; execution pending dependencies
step2val_max_7_500_3_diff,ThirdFeatureGenerator:diff,rolling std window 16 over id,pre tail 3*i minus post head window i,max_difference_vs_period_1,submission.ipynb cell 5,source-mapped; execution pending dependencies
step2val_q25_7_500_3_diff,ThirdFeatureGenerator:diff,rolling std window 16 over id,pre tail 3*i minus post head window i,q25_difference_vs_period_1,submission.ipynb cell 5,source-mapped; execution pending dependencies
step2val_q50_7_500_3_diff,ThirdFeatureGenerator:diff,rolling std window 16 over id,pre tail 3*i minus post head window i,q50_difference_vs_period_1,submission.ipynb cell 5,source-mapped; execution pending dependencies
step2val_q75_7_500_3_diff,ThirdFeatureGenerator:diff,rolling std window 16 over id,pre tail 3*i minus post head window i,q75_difference_vs_period_1,submission.ipynb cell 5,source-mapped; execution pending dependencies
step2val_corr_7_500_3_diff,ThirdFeatureGenerator:diff,rolling std window 16 over id,pre tail 3*i minus post head window i,corr_difference_vs_period_1,submission.ipynb cell 5,source-mapped; execution pending dependencies
step2val_corr_1_1000_0,ThirdFeatureGenerator:pivot,raw value,pre tail window i,corr,submission.ipynb cell 5,source-mapped; execution pending dependencies
step2val_q25_1_1000_0,ThirdFeatureGenerator:pivot,raw value,pre tail window i,q25,submission.ipynb cell 5,source-mapped; execution pending dependencies
step2val_q50_1_1000_0,ThirdFeatureGenerator:pivot,raw value,pre tail window i,q50,submission.ipynb cell 5,source-mapped; execution pending dependencies
step2val_q75_1_1000_0,ThirdFeatureGenerator:pivot,raw value,pre tail window i,q75,submission.ipynb cell 5,source-mapped; execution pending dependencies
step2val_mean_1_1000_0,ThirdFeatureGenerator:pivot,raw value,pre tail window i,mean,submission.ipynb cell 5,source-mapped; execution pending dependencies
step2val_std_1_1000_0,ThirdFeatureGenerator:pivot,raw value,pre tail window i,std,submission.ipynb cell 5,source-mapped; execution pending dependencies
step2val_min_1_1000_0,ThirdFeatureGenerator:pivot,raw value,pre tail window i,min,submission.ipynb cell 5,source-mapped; execution pending dependencies
step2val_max_1_1000_0,ThirdFeatureGenerator:pivot,raw value,pre tail window i,max,submission.ipynb cell 5,source-mapped; execution pending dependencies
step2val_skew_1_1000_0,ThirdFeatureGenerator:pivot,raw value,pre tail window i,skew,submission.ipynb cell 5,source-mapped; execution pending dependencies
step2val_corr_1_1000_1,ThirdFeatureGenerator:pivot,raw value,post head window i,corr,submission.ipynb cell 5,source-mapped; execution pending dependencies
step2val_q25_1_1000_1,ThirdFeatureGenerator:pivot,raw value,post head window i,q25,submission.ipynb cell 5,source-mapped; execution pending dependencies
step2val_q50_1_1000_1,ThirdFeatureGenerator:pivot,raw value,post head window i,q50,submission.ipynb cell 5,source-mapped; execution pending dependencies
step2val_q75_1_1000_1,ThirdFeatureGenerator:pivot,raw value,post head window i,q75,submission.ipynb cell 5,source-mapped; execution pending dependencies
step2val_mean_1_1000_1,ThirdFeatureGenerator:pivot,raw value,post head window i,mean,submission.ipynb cell 5,source-mapped; execution pending dependencies
step2val_std_1_1000_1,ThirdFeatureGenerator:pivot,raw value,post head window i,std,submission.ipynb cell 5,source-mapped; execution pending dependencies
step2val_min_1_1000_1,ThirdFeatureGenerator:pivot,raw value,post head window i,min,submission.ipynb cell 5,source-mapped; execution pending dependencies
step2val_max_1_1000_1,ThirdFeatureGenerator:pivot,raw value,post head window i,max,submission.ipynb cell 5,source-mapped; execution pending dependencies
step2val_skew_1_1000_1,ThirdFeatureGenerator:pivot,raw value,post head window i,skew,submission.ipynb cell 5,source-mapped; execution pending dependencies
step2val_corr_1_1000_2,ThirdFeatureGenerator:pivot,raw value,pre tail 2*i,corr,submission.ipynb cell 5,source-mapped; execution pending dependencies
step2val_q25_1_1000_2,ThirdFeatureGenerator:pivot,raw value,pre tail 2*i,q25,submission.ipynb cell 5,source-mapped; execution pending dependencies
step2val_q50_1_1000_2,ThirdFeatureGenerator:pivot,raw value,pre tail 2*i,q50,submission.ipynb cell 5,source-mapped; execution pending dependencies
step2val_q75_1_1000_2,ThirdFeatureGenerator:pivot,raw value,pre tail 2*i,q75,submission.ipynb cell 5,source-mapped; execution pending dependencies
step2val_mean_1_1000_2,ThirdFeatureGenerator:pivot,raw value,pre tail 2*i,mean,submission.ipynb cell 5,source-mapped; execution pending dependencies
step2val_std_1_1000_2,ThirdFeatureGenerator:pivot,raw value,pre tail 2*i,std,submission.ipynb cell 5,source-mapped; execution pending dependencies
step2val_min_1_1000_2,ThirdFeatureGenerator:pivot,raw value,pre tail 2*i,min,submission.ipynb cell 5,source-mapped; execution pending dependencies
step2val_max_1_1000_2,ThirdFeatureGenerator:pivot,raw value,pre tail 2*i,max,submission.ipynb cell 5,source-mapped; execution pending dependencies
step2val_skew_1_1000_2,ThirdFeatureGenerator:pivot,raw value,pre tail 2*i,skew,submission.ipynb cell 5,source-mapped; execution pending dependencies
step2val_corr_1_1000_3,ThirdFeatureGenerator:pivot,raw value,pre tail 3*i,corr,submission.ipynb cell 5,source-mapped; execution pending dependencies
step2val_q25_1_1000_3,ThirdFeatureGenerator:pivot,raw value,pre tail 3*i,q25,submission.ipynb cell 5,source-mapped; execution pending dependencies
step2val_q50_1_1000_3,ThirdFeatureGenerator:pivot,raw value,pre tail 3*i,q50,submission.ipynb cell 5,source-mapped; execution pending dependencies
step2val_q75_1_1000_3,ThirdFeatureGenerator:pivot,raw value,pre tail 3*i,q75,submission.ipynb cell 5,source-mapped; execution pending dependencies
step2val_mean_1_1000_3,ThirdFeatureGenerator:pivot,raw value,pre tail 3*i,mean,submission.ipynb cell 5,source-mapped; execution pending dependencies
step2val_std_1_1000_3,ThirdFeatureGenerator:pivot,raw value,pre tail 3*i,std,submission.ipynb cell 5,source-mapped; execution pending dependencies
step2val_min_1_1000_3,ThirdFeatureGenerator:pivot,raw value,pre tail 3*i,min,submission.ipynb cell 5,source-mapped; execution pending dependencies
step2val_max_1_1000_3,ThirdFeatureGenerator:pivot,raw value,pre tail 3*i,max,submission.ipynb cell 5,source-mapped; execution pending dependencies
step2val_skew_1_1000_3,ThirdFeatureGenerator:pivot,raw value,pre tail 3*i,skew,submission.ipynb cell 5,source-mapped; execution pending dependencies
step2val_mean_1_1000_0_diff,ThirdFeatureGenerator:diff,raw value,pre tail window i minus post head window i,mean_difference_vs_period_1,submission.ipynb cell 5,source-mapped; execution pending dependencies
step2val_std_1_1000_0_diff,ThirdFeatureGenerator:diff,raw value,pre tail window i minus post head window i,std_difference_vs_period_1,submission.ipynb cell 5,source-mapped; execution pending dependencies
step2val_min_1_1000_0_diff,ThirdFeatureGenerator:diff,raw value,pre tail window i minus post head window i,min_difference_vs_period_1,submission.ipynb cell 5,source-mapped; execution pending dependencies
step2val_max_1_1000_0_diff,ThirdFeatureGenerator:diff,raw value,pre tail window i minus post head window i,max_difference_vs_period_1,submission.ipynb cell 5,source-mapped; execution pending dependencies
step2val_q25_1_1000_0_diff,ThirdFeatureGenerator:diff,raw value,pre tail window i minus post head window i,q25_difference_vs_period_1,submission.ipynb cell 5,source-mapped; execution pending dependencies
step2val_q50_1_1000_0_diff,ThirdFeatureGenerator:diff,raw value,pre tail window i minus post head window i,q50_difference_vs_period_1,submission.ipynb cell 5,source-mapped; execution pending dependencies
step2val_q75_1_1000_0_diff,ThirdFeatureGenerator:diff,raw value,pre tail window i minus post head window i,q75_difference_vs_period_1,submission.ipynb cell 5,source-mapped; execution pending dependencies
step2val_corr_1_1000_0_diff,ThirdFeatureGenerator:diff,raw value,pre tail window i minus post head window i,corr_difference_vs_period_1,submission.ipynb cell 5,source-mapped; execution pending dependencies
step2val_mean_1_1000_2_diff,ThirdFeatureGenerator:diff,raw value,pre tail 2*i minus post head window i,mean_difference_vs_period_1,submission.ipynb cell 5,source-mapped; execution pending dependencies
step2val_std_1_1000_2_diff,ThirdFeatureGenerator:diff,raw value,pre tail 2*i minus post head window i,std_difference_vs_period_1,submission.ipynb cell 5,source-mapped; execution pending dependencies
step2val_min_1_1000_2_diff,ThirdFeatureGenerator:diff,raw value,pre tail 2*i minus post head window i,min_difference_vs_period_1,submission.ipynb cell 5,source-mapped; execution pending dependencies
step2val_max_1_1000_2_diff,ThirdFeatureGenerator:diff,raw value,pre tail 2*i minus post head window i,max_difference_vs_period_1,submission.ipynb cell 5,source-mapped; execution pending dependencies
step2val_q25_1_1000_2_diff,ThirdFeatureGenerator:diff,raw value,pre tail 2*i minus post head window i,q25_difference_vs_period_1,submission.ipynb cell 5,source-mapped; execution pending dependencies
step2val_q50_1_1000_2_diff,ThirdFeatureGenerator:diff,raw value,pre tail 2*i minus post head window i,q50_difference_vs_period_1,submission.ipynb cell 5,source-mapped; execution pending dependencies
step2val_q75_1_1000_2_diff,ThirdFeatureGenerator:diff,raw value,pre tail 2*i minus post head window i,q75_difference_vs_period_1,submission.ipynb cell 5,source-mapped; execution pending dependencies
step2val_corr_1_1000_2_diff,ThirdFeatureGenerator:diff,raw value,pre tail 2*i minus post head window i,corr_difference_vs_period_1,submission.ipynb cell 5,source-mapped; execution pending dependencies
step2val_mean_1_1000_3_diff,ThirdFeatureGenerator:diff,raw value,pre tail 3*i minus post head window i,mean_difference_vs_period_1,submission.ipynb cell 5,source-mapped; execution pending dependencies
step2val_std_1_1000_3_diff,ThirdFeatureGenerator:diff,raw value,pre tail 3*i minus post head window i,std_difference_vs_period_1,submission.ipynb cell 5,source-mapped; execution pending dependencies
step2val_min_1_1000_3_diff,ThirdFeatureGenerator:diff,raw value,pre tail 3*i minus post head window i,min_difference_vs_period_1,submission.ipynb cell 5,source-mapped; execution pending dependencies
step2val_max_1_1000_3_diff,ThirdFeatureGenerator:diff,raw value,pre tail 3*i minus post head window i,max_difference_vs_period_1,submission.ipynb cell 5,source-mapped; execution pending dependencies
step2val_q25_1_1000_3_diff,ThirdFeatureGenerator:diff,raw value,pre tail 3*i minus post head window i,q25_difference_vs_period_1,submission.ipynb cell 5,source-mapped; execution pending dependencies
step2val_q50_1_1000_3_diff,ThirdFeatureGenerator:diff,raw value,pre tail 3*i minus post head window i,q50_difference_vs_period_1,submission.ipynb cell 5,source-mapped; execution pending dependencies
step2val_q75_1_1000_3_diff,ThirdFeatureGenerator:diff,raw value,pre tail 3*i minus post head window i,q75_difference_vs_period_1,submission.ipynb cell 5,source-mapped; execution pending dependencies
step2val_corr_1_1000_3_diff,ThirdFeatureGenerator:diff,raw value,pre tail 3*i minus post head window i,corr_difference_vs_period_1,submission.ipynb cell 5,source-mapped; execution pending dependencies
step2val_corr_2_1000_0,ThirdFeatureGenerator:pivot,zscore over id using Polars std,pre tail window i,corr,submission.ipynb cell 5,source-mapped; execution pending dependencies
step2val_q25_2_1000_0,ThirdFeatureGenerator:pivot,zscore over id using Polars std,pre tail window i,q25,submission.ipynb cell 5,source-mapped; execution pending dependencies
step2val_q50_2_1000_0,ThirdFeatureGenerator:pivot,zscore over id using Polars std,pre tail window i,q50,submission.ipynb cell 5,source-mapped; execution pending dependencies
step2val_q75_2_1000_0,ThirdFeatureGenerator:pivot,zscore over id using Polars std,pre tail window i,q75,submission.ipynb cell 5,source-mapped; execution pending dependencies
step2val_mean_2_1000_0,ThirdFeatureGenerator:pivot,zscore over id using Polars std,pre tail window i,mean,submission.ipynb cell 5,source-mapped; execution pending dependencies
step2val_std_2_1000_0,ThirdFeatureGenerator:pivot,zscore over id using Polars std,pre tail window i,std,submission.ipynb cell 5,source-mapped; execution pending dependencies
step2val_min_2_1000_0,ThirdFeatureGenerator:pivot,zscore over id using Polars std,pre tail window i,min,submission.ipynb cell 5,source-mapped; execution pending dependencies
step2val_max_2_1000_0,ThirdFeatureGenerator:pivot,zscore over id using Polars std,pre tail window i,max,submission.ipynb cell 5,source-mapped; execution pending dependencies
step2val_skew_2_1000_0,ThirdFeatureGenerator:pivot,zscore over id using Polars std,pre tail window i,skew,submission.ipynb cell 5,source-mapped; execution pending dependencies
step2val_corr_2_1000_1,ThirdFeatureGenerator:pivot,zscore over id using Polars std,post head window i,corr,submission.ipynb cell 5,source-mapped; execution pending dependencies
step2val_q25_2_1000_1,ThirdFeatureGenerator:pivot,zscore over id using Polars std,post head window i,q25,submission.ipynb cell 5,source-mapped; execution pending dependencies
step2val_q50_2_1000_1,ThirdFeatureGenerator:pivot,zscore over id using Polars std,post head window i,q50,submission.ipynb cell 5,source-mapped; execution pending dependencies
step2val_q75_2_1000_1,ThirdFeatureGenerator:pivot,zscore over id using Polars std,post head window i,q75,submission.ipynb cell 5,source-mapped; execution pending dependencies
step2val_mean_2_1000_1,ThirdFeatureGenerator:pivot,zscore over id using Polars std,post head window i,mean,submission.ipynb cell 5,source-mapped; execution pending dependencies
step2val_std_2_1000_1,ThirdFeatureGenerator:pivot,zscore over id using Polars std,post head window i,std,submission.ipynb cell 5,source-mapped; execution pending dependencies
step2val_min_2_1000_1,ThirdFeatureGenerator:pivot,zscore over id using Polars std,post head window i,min,submission.ipynb cell 5,source-mapped; execution pending dependencies
step2val_max_2_1000_1,ThirdFeatureGenerator:pivot,zscore over id using Polars std,post head window i,max,submission.ipynb cell 5,source-mapped; execution pending dependencies
step2val_skew_2_1000_1,ThirdFeatureGenerator:pivot,zscore over id using Polars std,post head window i,skew,submission.ipynb cell 5,source-mapped; execution pending dependencies
step2val_corr_2_1000_2,ThirdFeatureGenerator:pivot,zscore over id using Polars std,pre tail 2*i,corr,submission.ipynb cell 5,source-mapped; execution pending dependencies
step2val_q25_2_1000_2,ThirdFeatureGenerator:pivot,zscore over id using Polars std,pre tail 2*i,q25,submission.ipynb cell 5,source-mapped; execution pending dependencies
step2val_q50_2_1000_2,ThirdFeatureGenerator:pivot,zscore over id using Polars std,pre tail 2*i,q50,submission.ipynb cell 5,source-mapped; execution pending dependencies
step2val_q75_2_1000_2,ThirdFeatureGenerator:pivot,zscore over id using Polars std,pre tail 2*i,q75,submission.ipynb cell 5,source-mapped; execution pending dependencies
step2val_mean_2_1000_2,ThirdFeatureGenerator:pivot,zscore over id using Polars std,pre tail 2*i,mean,submission.ipynb cell 5,source-mapped; execution pending dependencies
step2val_std_2_1000_2,ThirdFeatureGenerator:pivot,zscore over id using Polars std,pre tail 2*i,std,submission.ipynb cell 5,source-mapped; execution pending dependencies
step2val_min_2_1000_2,ThirdFeatureGenerator:pivot,zscore over id using Polars std,pre tail 2*i,min,submission.ipynb cell 5,source-mapped; execution pending dependencies
step2val_max_2_1000_2,ThirdFeatureGenerator:pivot,zscore over id using Polars std,pre tail 2*i,max,submission.ipynb cell 5,source-mapped; execution pending dependencies
step2val_skew_2_1000_2,ThirdFeatureGenerator:pivot,zscore over id using Polars std,pre tail 2*i,skew,submission.ipynb cell 5,source-mapped; execution pending dependencies
step2val_corr_2_1000_3,ThirdFeatureGenerator:pivot,zscore over id using Polars std,pre tail 3*i,corr,submission.ipynb cell 5,source-mapped; execution pending dependencies
step2val_q25_2_1000_3,ThirdFeatureGenerator:pivot,zscore over id using Polars std,pre tail 3*i,q25,submission.ipynb cell 5,source-mapped; execution pending dependencies
step2val_q50_2_1000_3,ThirdFeatureGenerator:pivot,zscore over id using Polars std,pre tail 3*i,q50,submission.ipynb cell 5,source-mapped; execution pending dependencies
step2val_q75_2_1000_3,ThirdFeatureGenerator:pivot,zscore over id using Polars std,pre tail 3*i,q75,submission.ipynb cell 5,source-mapped; execution pending dependencies
step2val_mean_2_1000_3,ThirdFeatureGenerator:pivot,zscore over id using Polars std,pre tail 3*i,mean,submission.ipynb cell 5,source-mapped; execution pending dependencies
step2val_std_2_1000_3,ThirdFeatureGenerator:pivot,zscore over id using Polars std,pre tail 3*i,std,submission.ipynb cell 5,source-mapped; execution pending dependencies
step2val_min_2_1000_3,ThirdFeatureGenerator:pivot,zscore over id using Polars std,pre tail 3*i,min,submission.ipynb cell 5,source-mapped; execution pending dependencies
step2val_max_2_1000_3,ThirdFeatureGenerator:pivot,zscore over id using Polars std,pre tail 3*i,max,submission.ipynb cell 5,source-mapped; execution pending dependencies
step2val_skew_2_1000_3,ThirdFeatureGenerator:pivot,zscore over id using Polars std,pre tail 3*i,skew,submission.ipynb cell 5,source-mapped; execution pending dependencies
step2val_mean_2_1000_0_diff,ThirdFeatureGenerator:diff,zscore over id using Polars std,pre tail window i minus post head window i,mean_difference_vs_period_1,submission.ipynb cell 5,source-mapped; execution pending dependencies
step2val_std_2_1000_0_diff,ThirdFeatureGenerator:diff,zscore over id using Polars std,pre tail window i minus post head window i,std_difference_vs_period_1,submission.ipynb cell 5,source-mapped; execution pending dependencies
step2val_min_2_1000_0_diff,ThirdFeatureGenerator:diff,zscore over id using Polars std,pre tail window i minus post head window i,min_difference_vs_period_1,submission.ipynb cell 5,source-mapped; execution pending dependencies
step2val_max_2_1000_0_diff,ThirdFeatureGenerator:diff,zscore over id using Polars std,pre tail window i minus post head window i,max_difference_vs_period_1,submission.ipynb cell 5,source-mapped; execution pending dependencies
step2val_q25_2_1000_0_diff,ThirdFeatureGenerator:diff,zscore over id using Polars std,pre tail window i minus post head window i,q25_difference_vs_period_1,submission.ipynb cell 5,source-mapped; execution pending dependencies
step2val_q50_2_1000_0_diff,ThirdFeatureGenerator:diff,zscore over id using Polars std,pre tail window i minus post head window i,q50_difference_vs_period_1,submission.ipynb cell 5,source-mapped; execution pending dependencies
step2val_q75_2_1000_0_diff,ThirdFeatureGenerator:diff,zscore over id using Polars std,pre tail window i minus post head window i,q75_difference_vs_period_1,submission.ipynb cell 5,source-mapped; execution pending dependencies
step2val_corr_2_1000_0_diff,ThirdFeatureGenerator:diff,zscore over id using Polars std,pre tail window i minus post head window i,corr_difference_vs_period_1,submission.ipynb cell 5,source-mapped; execution pending dependencies
step2val_mean_2_1000_2_diff,ThirdFeatureGenerator:diff,zscore over id using Polars std,pre tail 2*i minus post head window i,mean_difference_vs_period_1,submission.ipynb cell 5,source-mapped; execution pending dependencies
step2val_std_2_1000_2_diff,ThirdFeatureGenerator:diff,zscore over id using Polars std,pre tail 2*i minus post head window i,std_difference_vs_period_1,submission.ipynb cell 5,source-mapped; execution pending dependencies
step2val_min_2_1000_2_diff,ThirdFeatureGenerator:diff,zscore over id using Polars std,pre tail 2*i minus post head window i,min_difference_vs_period_1,submission.ipynb cell 5,source-mapped; execution pending dependencies
step2val_max_2_1000_2_diff,ThirdFeatureGenerator:diff,zscore over id using Polars std,pre tail 2*i minus post head window i,max_difference_vs_period_1,submission.ipynb cell 5,source-mapped; execution pending dependencies
step2val_q25_2_1000_2_diff,ThirdFeatureGenerator:diff,zscore over id using Polars std,pre tail 2*i minus post head window i,q25_difference_vs_period_1,submission.ipynb cell 5,source-mapped; execution pending dependencies
step2val_q50_2_1000_2_diff,ThirdFeatureGenerator:diff,zscore over id using Polars std,pre tail 2*i minus post head window i,q50_difference_vs_period_1,submission.ipynb cell 5,source-mapped; execution pending dependencies
step2val_q75_2_1000_2_diff,ThirdFeatureGenerator:diff,zscore over id using Polars std,pre tail 2*i minus post head window i,q75_difference_vs_period_1,submission.ipynb cell 5,source-mapped; execution pending dependencies
step2val_corr_2_1000_2_diff,ThirdFeatureGenerator:diff,zscore over id using Polars std,pre tail 2*i minus post head window i,corr_difference_vs_period_1,submission.ipynb cell 5,source-mapped; execution pending dependencies
step2val_mean_2_1000_3_diff,ThirdFeatureGenerator:diff,zscore over id using Polars std,pre tail 3*i minus post head window i,mean_difference_vs_period_1,submission.ipynb cell 5,source-mapped; execution pending dependencies
step2val_std_2_1000_3_diff,ThirdFeatureGenerator:diff,zscore over id using Polars std,pre tail 3*i minus post head window i,std_difference_vs_period_1,submission.ipynb cell 5,source-mapped; execution pending dependencies
step2val_min_2_1000_3_diff,ThirdFeatureGenerator:diff,zscore over id using Polars std,pre tail 3*i minus post head window i,min_difference_vs_period_1,submission.ipynb cell 5,source-mapped; execution pending dependencies
step2val_max_2_1000_3_diff,ThirdFeatureGenerator:diff,zscore over id using Polars std,pre tail 3*i minus post head window i,max_difference_vs_period_1,submission.ipynb cell 5,source-mapped; execution pending dependencies
step2val_q25_2_1000_3_diff,ThirdFeatureGenerator:diff,zscore over id using Polars std,pre tail 3*i minus post head window i,q25_difference_vs_period_1,submission.ipynb cell 5,source-mapped; execution pending dependencies
step2val_q50_2_1000_3_diff,ThirdFeatureGenerator:diff,zscore over id using Polars std,pre tail 3*i minus post head window i,q50_difference_vs_period_1,submission.ipynb cell 5,source-mapped; execution pending dependencies
step2val_q75_2_1000_3_diff,ThirdFeatureGenerator:diff,zscore over id using Polars std,pre tail 3*i minus post head window i,q75_difference_vs_period_1,submission.ipynb cell 5,source-mapped; execution pending dependencies
step2val_corr_2_1000_3_diff,ThirdFeatureGenerator:diff,zscore over id using Polars std,pre tail 3*i minus post head window i,corr_difference_vs_period_1,submission.ipynb cell 5,source-mapped; execution pending dependencies
step2val_corr_3_1000_0,ThirdFeatureGenerator:pivot,cumulative sum over id,pre tail window i,corr,submission.ipynb cell 5,source-mapped; execution pending dependencies
step2val_q25_3_1000_0,ThirdFeatureGenerator:pivot,cumulative sum over id,pre tail window i,q25,submission.ipynb cell 5,source-mapped; execution pending dependencies
step2val_q50_3_1000_0,ThirdFeatureGenerator:pivot,cumulative sum over id,pre tail window i,q50,submission.ipynb cell 5,source-mapped; execution pending dependencies
step2val_q75_3_1000_0,ThirdFeatureGenerator:pivot,cumulative sum over id,pre tail window i,q75,submission.ipynb cell 5,source-mapped; execution pending dependencies
step2val_mean_3_1000_0,ThirdFeatureGenerator:pivot,cumulative sum over id,pre tail window i,mean,submission.ipynb cell 5,source-mapped; execution pending dependencies
step2val_std_3_1000_0,ThirdFeatureGenerator:pivot,cumulative sum over id,pre tail window i,std,submission.ipynb cell 5,source-mapped; execution pending dependencies
step2val_min_3_1000_0,ThirdFeatureGenerator:pivot,cumulative sum over id,pre tail window i,min,submission.ipynb cell 5,source-mapped; execution pending dependencies
step2val_max_3_1000_0,ThirdFeatureGenerator:pivot,cumulative sum over id,pre tail window i,max,submission.ipynb cell 5,source-mapped; execution pending dependencies
step2val_skew_3_1000_0,ThirdFeatureGenerator:pivot,cumulative sum over id,pre tail window i,skew,submission.ipynb cell 5,source-mapped; execution pending dependencies
step2val_corr_3_1000_1,ThirdFeatureGenerator:pivot,cumulative sum over id,post head window i,corr,submission.ipynb cell 5,source-mapped; execution pending dependencies
step2val_q25_3_1000_1,ThirdFeatureGenerator:pivot,cumulative sum over id,post head window i,q25,submission.ipynb cell 5,source-mapped; execution pending dependencies
step2val_q50_3_1000_1,ThirdFeatureGenerator:pivot,cumulative sum over id,post head window i,q50,submission.ipynb cell 5,source-mapped; execution pending dependencies
step2val_q75_3_1000_1,ThirdFeatureGenerator:pivot,cumulative sum over id,post head window i,q75,submission.ipynb cell 5,source-mapped; execution pending dependencies
step2val_mean_3_1000_1,ThirdFeatureGenerator:pivot,cumulative sum over id,post head window i,mean,submission.ipynb cell 5,source-mapped; execution pending dependencies
step2val_std_3_1000_1,ThirdFeatureGenerator:pivot,cumulative sum over id,post head window i,std,submission.ipynb cell 5,source-mapped; execution pending dependencies
step2val_min_3_1000_1,ThirdFeatureGenerator:pivot,cumulative sum over id,post head window i,min,submission.ipynb cell 5,source-mapped; execution pending dependencies
step2val_max_3_1000_1,ThirdFeatureGenerator:pivot,cumulative sum over id,post head window i,max,submission.ipynb cell 5,source-mapped; execution pending dependencies
step2val_skew_3_1000_1,ThirdFeatureGenerator:pivot,cumulative sum over id,post head window i,skew,submission.ipynb cell 5,source-mapped; execution pending dependencies
step2val_corr_3_1000_2,ThirdFeatureGenerator:pivot,cumulative sum over id,pre tail 2*i,corr,submission.ipynb cell 5,source-mapped; execution pending dependencies
step2val_q25_3_1000_2,ThirdFeatureGenerator:pivot,cumulative sum over id,pre tail 2*i,q25,submission.ipynb cell 5,source-mapped; execution pending dependencies
step2val_q50_3_1000_2,ThirdFeatureGenerator:pivot,cumulative sum over id,pre tail 2*i,q50,submission.ipynb cell 5,source-mapped; execution pending dependencies
step2val_q75_3_1000_2,ThirdFeatureGenerator:pivot,cumulative sum over id,pre tail 2*i,q75,submission.ipynb cell 5,source-mapped; execution pending dependencies
step2val_mean_3_1000_2,ThirdFeatureGenerator:pivot,cumulative sum over id,pre tail 2*i,mean,submission.ipynb cell 5,source-mapped; execution pending dependencies
step2val_std_3_1000_2,ThirdFeatureGenerator:pivot,cumulative sum over id,pre tail 2*i,std,submission.ipynb cell 5,source-mapped; execution pending dependencies
step2val_min_3_1000_2,ThirdFeatureGenerator:pivot,cumulative sum over id,pre tail 2*i,min,submission.ipynb cell 5,source-mapped; execution pending dependencies
step2val_max_3_1000_2,ThirdFeatureGenerator:pivot,cumulative sum over id,pre tail 2*i,max,submission.ipynb cell 5,source-mapped; execution pending dependencies
step2val_skew_3_1000_2,ThirdFeatureGenerator:pivot,cumulative sum over id,pre tail 2*i,skew,submission.ipynb cell 5,source-mapped; execution pending dependencies
step2val_corr_3_1000_3,ThirdFeatureGenerator:pivot,cumulative sum over id,pre tail 3*i,corr,submission.ipynb cell 5,source-mapped; execution pending dependencies
step2val_q25_3_1000_3,ThirdFeatureGenerator:pivot,cumulative sum over id,pre tail 3*i,q25,submission.ipynb cell 5,source-mapped; execution pending dependencies
step2val_q50_3_1000_3,ThirdFeatureGenerator:pivot,cumulative sum over id,pre tail 3*i,q50,submission.ipynb cell 5,source-mapped; execution pending dependencies
step2val_q75_3_1000_3,ThirdFeatureGenerator:pivot,cumulative sum over id,pre tail 3*i,q75,submission.ipynb cell 5,source-mapped; execution pending dependencies
step2val_mean_3_1000_3,ThirdFeatureGenerator:pivot,cumulative sum over id,pre tail 3*i,mean,submission.ipynb cell 5,source-mapped; execution pending dependencies
step2val_std_3_1000_3,ThirdFeatureGenerator:pivot,cumulative sum over id,pre tail 3*i,std,submission.ipynb cell 5,source-mapped; execution pending dependencies
step2val_min_3_1000_3,ThirdFeatureGenerator:pivot,cumulative sum over id,pre tail 3*i,min,submission.ipynb cell 5,source-mapped; execution pending dependencies
step2val_max_3_1000_3,ThirdFeatureGenerator:pivot,cumulative sum over id,pre tail 3*i,max,submission.ipynb cell 5,source-mapped; execution pending dependencies
step2val_skew_3_1000_3,ThirdFeatureGenerator:pivot,cumulative sum over id,pre tail 3*i,skew,submission.ipynb cell 5,source-mapped; execution pending dependencies
step2val_mean_3_1000_0_diff,ThirdFeatureGenerator:diff,cumulative sum over id,pre tail window i minus post head window i,mean_difference_vs_period_1,submission.ipynb cell 5,source-mapped; execution pending dependencies
step2val_std_3_1000_0_diff,ThirdFeatureGenerator:diff,cumulative sum over id,pre tail window i minus post head window i,std_difference_vs_period_1,submission.ipynb cell 5,source-mapped; execution pending dependencies
step2val_min_3_1000_0_diff,ThirdFeatureGenerator:diff,cumulative sum over id,pre tail window i minus post head window i,min_difference_vs_period_1,submission.ipynb cell 5,source-mapped; execution pending dependencies
step2val_max_3_1000_0_diff,ThirdFeatureGenerator:diff,cumulative sum over id,pre tail window i minus post head window i,max_difference_vs_period_1,submission.ipynb cell 5,source-mapped; execution pending dependencies
step2val_q25_3_1000_0_diff,ThirdFeatureGenerator:diff,cumulative sum over id,pre tail window i minus post head window i,q25_difference_vs_period_1,submission.ipynb cell 5,source-mapped; execution pending dependencies
step2val_q50_3_1000_0_diff,ThirdFeatureGenerator:diff,cumulative sum over id,pre tail window i minus post head window i,q50_difference_vs_period_1,submission.ipynb cell 5,source-mapped; execution pending dependencies
step2val_q75_3_1000_0_diff,ThirdFeatureGenerator:diff,cumulative sum over id,pre tail window i minus post head window i,q75_difference_vs_period_1,submission.ipynb cell 5,source-mapped; execution pending dependencies
step2val_corr_3_1000_0_diff,ThirdFeatureGenerator:diff,cumulative sum over id,pre tail window i minus post head window i,corr_difference_vs_period_1,submission.ipynb cell 5,source-mapped; execution pending dependencies
step2val_mean_3_1000_2_diff,ThirdFeatureGenerator:diff,cumulative sum over id,pre tail 2*i minus post head window i,mean_difference_vs_period_1,submission.ipynb cell 5,source-mapped; execution pending dependencies
step2val_std_3_1000_2_diff,ThirdFeatureGenerator:diff,cumulative sum over id,pre tail 2*i minus post head window i,std_difference_vs_period_1,submission.ipynb cell 5,source-mapped; execution pending dependencies
step2val_min_3_1000_2_diff,ThirdFeatureGenerator:diff,cumulative sum over id,pre tail 2*i minus post head window i,min_difference_vs_period_1,submission.ipynb cell 5,source-mapped; execution pending dependencies
step2val_max_3_1000_2_diff,ThirdFeatureGenerator:diff,cumulative sum over id,pre tail 2*i minus post head window i,max_difference_vs_period_1,submission.ipynb cell 5,source-mapped; execution pending dependencies
step2val_q25_3_1000_2_diff,ThirdFeatureGenerator:diff,cumulative sum over id,pre tail 2*i minus post head window i,q25_difference_vs_period_1,submission.ipynb cell 5,source-mapped; execution pending dependencies
step2val_q50_3_1000_2_diff,ThirdFeatureGenerator:diff,cumulative sum over id,pre tail 2*i minus post head window i,q50_difference_vs_period_1,submission.ipynb cell 5,source-mapped; execution pending dependencies
step2val_q75_3_1000_2_diff,ThirdFeatureGenerator:diff,cumulative sum over id,pre tail 2*i minus post head window i,q75_difference_vs_period_1,submission.ipynb cell 5,source-mapped; execution pending dependencies
step2val_corr_3_1000_2_diff,ThirdFeatureGenerator:diff,cumulative sum over id,pre tail 2*i minus post head window i,corr_difference_vs_period_1,submission.ipynb cell 5,source-mapped; execution pending dependencies
step2val_mean_3_1000_3_diff,ThirdFeatureGenerator:diff,cumulative sum over id,pre tail 3*i minus post head window i,mean_difference_vs_period_1,submission.ipynb cell 5,source-mapped; execution pending dependencies
step2val_std_3_1000_3_diff,ThirdFeatureGenerator:diff,cumulative sum over id,pre tail 3*i minus post head window i,std_difference_vs_period_1,submission.ipynb cell 5,source-mapped; execution pending dependencies
step2val_min_3_1000_3_diff,ThirdFeatureGenerator:diff,cumulative sum over id,pre tail 3*i minus post head window i,min_difference_vs_period_1,submission.ipynb cell 5,source-mapped; execution pending dependencies
step2val_max_3_1000_3_diff,ThirdFeatureGenerator:diff,cumulative sum over id,pre tail 3*i minus post head window i,max_difference_vs_period_1,submission.ipynb cell 5,source-mapped; execution pending dependencies
step2val_q25_3_1000_3_diff,ThirdFeatureGenerator:diff,cumulative sum over id,pre tail 3*i minus post head window i,q25_difference_vs_period_1,submission.ipynb cell 5,source-mapped; execution pending dependencies
step2val_q50_3_1000_3_diff,ThirdFeatureGenerator:diff,cumulative sum over id,pre tail 3*i minus post head window i,q50_difference_vs_period_1,submission.ipynb cell 5,source-mapped; execution pending dependencies
step2val_q75_3_1000_3_diff,ThirdFeatureGenerator:diff,cumulative sum over id,pre tail 3*i minus post head window i,q75_difference_vs_period_1,submission.ipynb cell 5,source-mapped; execution pending dependencies
step2val_corr_3_1000_3_diff,ThirdFeatureGenerator:diff,cumulative sum over id,pre tail 3*i minus post head window i,corr_difference_vs_period_1,submission.ipynb cell 5,source-mapped; execution pending dependencies
step2val_corr_4_1000_0,ThirdFeatureGenerator:pivot,dense rank over id divided by count,pre tail window i,corr,submission.ipynb cell 5,source-mapped; execution pending dependencies
step2val_q25_4_1000_0,ThirdFeatureGenerator:pivot,dense rank over id divided by count,pre tail window i,q25,submission.ipynb cell 5,source-mapped; execution pending dependencies
step2val_q50_4_1000_0,ThirdFeatureGenerator:pivot,dense rank over id divided by count,pre tail window i,q50,submission.ipynb cell 5,source-mapped; execution pending dependencies
step2val_q75_4_1000_0,ThirdFeatureGenerator:pivot,dense rank over id divided by count,pre tail window i,q75,submission.ipynb cell 5,source-mapped; execution pending dependencies
step2val_mean_4_1000_0,ThirdFeatureGenerator:pivot,dense rank over id divided by count,pre tail window i,mean,submission.ipynb cell 5,source-mapped; execution pending dependencies
step2val_std_4_1000_0,ThirdFeatureGenerator:pivot,dense rank over id divided by count,pre tail window i,std,submission.ipynb cell 5,source-mapped; execution pending dependencies
step2val_min_4_1000_0,ThirdFeatureGenerator:pivot,dense rank over id divided by count,pre tail window i,min,submission.ipynb cell 5,source-mapped; execution pending dependencies
step2val_max_4_1000_0,ThirdFeatureGenerator:pivot,dense rank over id divided by count,pre tail window i,max,submission.ipynb cell 5,source-mapped; execution pending dependencies
step2val_skew_4_1000_0,ThirdFeatureGenerator:pivot,dense rank over id divided by count,pre tail window i,skew,submission.ipynb cell 5,source-mapped; execution pending dependencies
step2val_corr_4_1000_1,ThirdFeatureGenerator:pivot,dense rank over id divided by count,post head window i,corr,submission.ipynb cell 5,source-mapped; execution pending dependencies
step2val_q25_4_1000_1,ThirdFeatureGenerator:pivot,dense rank over id divided by count,post head window i,q25,submission.ipynb cell 5,source-mapped; execution pending dependencies
step2val_q50_4_1000_1,ThirdFeatureGenerator:pivot,dense rank over id divided by count,post head window i,q50,submission.ipynb cell 5,source-mapped; execution pending dependencies
step2val_q75_4_1000_1,ThirdFeatureGenerator:pivot,dense rank over id divided by count,post head window i,q75,submission.ipynb cell 5,source-mapped; execution pending dependencies
step2val_mean_4_1000_1,ThirdFeatureGenerator:pivot,dense rank over id divided by count,post head window i,mean,submission.ipynb cell 5,source-mapped; execution pending dependencies
step2val_std_4_1000_1,ThirdFeatureGenerator:pivot,dense rank over id divided by count,post head window i,std,submission.ipynb cell 5,source-mapped; execution pending dependencies
step2val_min_4_1000_1,ThirdFeatureGenerator:pivot,dense rank over id divided by count,post head window i,min,submission.ipynb cell 5,source-mapped; execution pending dependencies
step2val_max_4_1000_1,ThirdFeatureGenerator:pivot,dense rank over id divided by count,post head window i,max,submission.ipynb cell 5,source-mapped; execution pending dependencies
step2val_skew_4_1000_1,ThirdFeatureGenerator:pivot,dense rank over id divided by count,post head window i,skew,submission.ipynb cell 5,source-mapped; execution pending dependencies
step2val_corr_4_1000_2,ThirdFeatureGenerator:pivot,dense rank over id divided by count,pre tail 2*i,corr,submission.ipynb cell 5,source-mapped; execution pending dependencies
step2val_q25_4_1000_2,ThirdFeatureGenerator:pivot,dense rank over id divided by count,pre tail 2*i,q25,submission.ipynb cell 5,source-mapped; execution pending dependencies
step2val_q50_4_1000_2,ThirdFeatureGenerator:pivot,dense rank over id divided by count,pre tail 2*i,q50,submission.ipynb cell 5,source-mapped; execution pending dependencies
step2val_q75_4_1000_2,ThirdFeatureGenerator:pivot,dense rank over id divided by count,pre tail 2*i,q75,submission.ipynb cell 5,source-mapped; execution pending dependencies
step2val_mean_4_1000_2,ThirdFeatureGenerator:pivot,dense rank over id divided by count,pre tail 2*i,mean,submission.ipynb cell 5,source-mapped; execution pending dependencies
step2val_std_4_1000_2,ThirdFeatureGenerator:pivot,dense rank over id divided by count,pre tail 2*i,std,submission.ipynb cell 5,source-mapped; execution pending dependencies
step2val_min_4_1000_2,ThirdFeatureGenerator:pivot,dense rank over id divided by count,pre tail 2*i,min,submission.ipynb cell 5,source-mapped; execution pending dependencies
step2val_max_4_1000_2,ThirdFeatureGenerator:pivot,dense rank over id divided by count,pre tail 2*i,max,submission.ipynb cell 5,source-mapped; execution pending dependencies
step2val_skew_4_1000_2,ThirdFeatureGenerator:pivot,dense rank over id divided by count,pre tail 2*i,skew,submission.ipynb cell 5,source-mapped; execution pending dependencies
step2val_corr_4_1000_3,ThirdFeatureGenerator:pivot,dense rank over id divided by count,pre tail 3*i,corr,submission.ipynb cell 5,source-mapped; execution pending dependencies
step2val_q25_4_1000_3,ThirdFeatureGenerator:pivot,dense rank over id divided by count,pre tail 3*i,q25,submission.ipynb cell 5,source-mapped; execution pending dependencies
step2val_q50_4_1000_3,ThirdFeatureGenerator:pivot,dense rank over id divided by count,pre tail 3*i,q50,submission.ipynb cell 5,source-mapped; execution pending dependencies
step2val_q75_4_1000_3,ThirdFeatureGenerator:pivot,dense rank over id divided by count,pre tail 3*i,q75,submission.ipynb cell 5,source-mapped; execution pending dependencies
step2val_mean_4_1000_3,ThirdFeatureGenerator:pivot,dense rank over id divided by count,pre tail 3*i,mean,submission.ipynb cell 5,source-mapped; execution pending dependencies
step2val_std_4_1000_3,ThirdFeatureGenerator:pivot,dense rank over id divided by count,pre tail 3*i,std,submission.ipynb cell 5,source-mapped; execution pending dependencies
step2val_min_4_1000_3,ThirdFeatureGenerator:pivot,dense rank over id divided by count,pre tail 3*i,min,submission.ipynb cell 5,source-mapped; execution pending dependencies
step2val_max_4_1000_3,ThirdFeatureGenerator:pivot,dense rank over id divided by count,pre tail 3*i,max,submission.ipynb cell 5,source-mapped; execution pending dependencies
step2val_skew_4_1000_3,ThirdFeatureGenerator:pivot,dense rank over id divided by count,pre tail 3*i,skew,submission.ipynb cell 5,source-mapped; execution pending dependencies
step2val_mean_4_1000_0_diff,ThirdFeatureGenerator:diff,dense rank over id divided by count,pre tail window i minus post head window i,mean_difference_vs_period_1,submission.ipynb cell 5,source-mapped; execution pending dependencies
step2val_std_4_1000_0_diff,ThirdFeatureGenerator:diff,dense rank over id divided by count,pre tail window i minus post head window i,std_difference_vs_period_1,submission.ipynb cell 5,source-mapped; execution pending dependencies
step2val_min_4_1000_0_diff,ThirdFeatureGenerator:diff,dense rank over id divided by count,pre tail window i minus post head window i,min_difference_vs_period_1,submission.ipynb cell 5,source-mapped; execution pending dependencies
step2val_max_4_1000_0_diff,ThirdFeatureGenerator:diff,dense rank over id divided by count,pre tail window i minus post head window i,max_difference_vs_period_1,submission.ipynb cell 5,source-mapped; execution pending dependencies
step2val_q25_4_1000_0_diff,ThirdFeatureGenerator:diff,dense rank over id divided by count,pre tail window i minus post head window i,q25_difference_vs_period_1,submission.ipynb cell 5,source-mapped; execution pending dependencies
step2val_q50_4_1000_0_diff,ThirdFeatureGenerator:diff,dense rank over id divided by count,pre tail window i minus post head window i,q50_difference_vs_period_1,submission.ipynb cell 5,source-mapped; execution pending dependencies
step2val_q75_4_1000_0_diff,ThirdFeatureGenerator:diff,dense rank over id divided by count,pre tail window i minus post head window i,q75_difference_vs_period_1,submission.ipynb cell 5,source-mapped; execution pending dependencies
step2val_corr_4_1000_0_diff,ThirdFeatureGenerator:diff,dense rank over id divided by count,pre tail window i minus post head window i,corr_difference_vs_period_1,submission.ipynb cell 5,source-mapped; execution pending dependencies
step2val_mean_4_1000_2_diff,ThirdFeatureGenerator:diff,dense rank over id divided by count,pre tail 2*i minus post head window i,mean_difference_vs_period_1,submission.ipynb cell 5,source-mapped; execution pending dependencies
step2val_std_4_1000_2_diff,ThirdFeatureGenerator:diff,dense rank over id divided by count,pre tail 2*i minus post head window i,std_difference_vs_period_1,submission.ipynb cell 5,source-mapped; execution pending dependencies
step2val_min_4_1000_2_diff,ThirdFeatureGenerator:diff,dense rank over id divided by count,pre tail 2*i minus post head window i,min_difference_vs_period_1,submission.ipynb cell 5,source-mapped; execution pending dependencies
step2val_max_4_1000_2_diff,ThirdFeatureGenerator:diff,dense rank over id divided by count,pre tail 2*i minus post head window i,max_difference_vs_period_1,submission.ipynb cell 5,source-mapped; execution pending dependencies
step2val_q25_4_1000_2_diff,ThirdFeatureGenerator:diff,dense rank over id divided by count,pre tail 2*i minus post head window i,q25_difference_vs_period_1,submission.ipynb cell 5,source-mapped; execution pending dependencies
step2val_q50_4_1000_2_diff,ThirdFeatureGenerator:diff,dense rank over id divided by count,pre tail 2*i minus post head window i,q50_difference_vs_period_1,submission.ipynb cell 5,source-mapped; execution pending dependencies
step2val_q75_4_1000_2_diff,ThirdFeatureGenerator:diff,dense rank over id divided by count,pre tail 2*i minus post head window i,q75_difference_vs_period_1,submission.ipynb cell 5,source-mapped; execution pending dependencies
step2val_corr_4_1000_2_diff,ThirdFeatureGenerator:diff,dense rank over id divided by count,pre tail 2*i minus post head window i,corr_difference_vs_period_1,submission.ipynb cell 5,source-mapped; execution pending dependencies
step2val_mean_4_1000_3_diff,ThirdFeatureGenerator:diff,dense rank over id divided by count,pre tail 3*i minus post head window i,mean_difference_vs_period_1,submission.ipynb cell 5,source-mapped; execution pending dependencies
step2val_std_4_1000_3_diff,ThirdFeatureGenerator:diff,dense rank over id divided by count,pre tail 3*i minus post head window i,std_difference_vs_period_1,submission.ipynb cell 5,source-mapped; execution pending dependencies
step2val_min_4_1000_3_diff,ThirdFeatureGenerator:diff,dense rank over id divided by count,pre tail 3*i minus post head window i,min_difference_vs_period_1,submission.ipynb cell 5,source-mapped; execution pending dependencies
step2val_max_4_1000_3_diff,ThirdFeatureGenerator:diff,dense rank over id divided by count,pre tail 3*i minus post head window i,max_difference_vs_period_1,submission.ipynb cell 5,source-mapped; execution pending dependencies
step2val_q25_4_1000_3_diff,ThirdFeatureGenerator:diff,dense rank over id divided by count,pre tail 3*i minus post head window i,q25_difference_vs_period_1,submission.ipynb cell 5,source-mapped; execution pending dependencies
step2val_q50_4_1000_3_diff,ThirdFeatureGenerator:diff,dense rank over id divided by count,pre tail 3*i minus post head window i,q50_difference_vs_period_1,submission.ipynb cell 5,source-mapped; execution pending dependencies
step2val_q75_4_1000_3_diff,ThirdFeatureGenerator:diff,dense rank over id divided by count,pre tail 3*i minus post head window i,q75_difference_vs_period_1,submission.ipynb cell 5,source-mapped; execution pending dependencies
step2val_corr_4_1000_3_diff,ThirdFeatureGenerator:diff,dense rank over id divided by count,pre tail 3*i minus post head window i,corr_difference_vs_period_1,submission.ipynb cell 5,source-mapped; execution pending dependencies
step2val_corr_5_1000_0,ThirdFeatureGenerator:pivot,absolute value,pre tail window i,corr,submission.ipynb cell 5,source-mapped; execution pending dependencies
step2val_q25_5_1000_0,ThirdFeatureGenerator:pivot,absolute value,pre tail window i,q25,submission.ipynb cell 5,source-mapped; execution pending dependencies
step2val_q50_5_1000_0,ThirdFeatureGenerator:pivot,absolute value,pre tail window i,q50,submission.ipynb cell 5,source-mapped; execution pending dependencies
step2val_q75_5_1000_0,ThirdFeatureGenerator:pivot,absolute value,pre tail window i,q75,submission.ipynb cell 5,source-mapped; execution pending dependencies
step2val_mean_5_1000_0,ThirdFeatureGenerator:pivot,absolute value,pre tail window i,mean,submission.ipynb cell 5,source-mapped; execution pending dependencies
step2val_std_5_1000_0,ThirdFeatureGenerator:pivot,absolute value,pre tail window i,std,submission.ipynb cell 5,source-mapped; execution pending dependencies
step2val_min_5_1000_0,ThirdFeatureGenerator:pivot,absolute value,pre tail window i,min,submission.ipynb cell 5,source-mapped; execution pending dependencies
step2val_max_5_1000_0,ThirdFeatureGenerator:pivot,absolute value,pre tail window i,max,submission.ipynb cell 5,source-mapped; execution pending dependencies
step2val_skew_5_1000_0,ThirdFeatureGenerator:pivot,absolute value,pre tail window i,skew,submission.ipynb cell 5,source-mapped; execution pending dependencies
step2val_corr_5_1000_1,ThirdFeatureGenerator:pivot,absolute value,post head window i,corr,submission.ipynb cell 5,source-mapped; execution pending dependencies
step2val_q25_5_1000_1,ThirdFeatureGenerator:pivot,absolute value,post head window i,q25,submission.ipynb cell 5,source-mapped; execution pending dependencies
step2val_q50_5_1000_1,ThirdFeatureGenerator:pivot,absolute value,post head window i,q50,submission.ipynb cell 5,source-mapped; execution pending dependencies
step2val_q75_5_1000_1,ThirdFeatureGenerator:pivot,absolute value,post head window i,q75,submission.ipynb cell 5,source-mapped; execution pending dependencies
step2val_mean_5_1000_1,ThirdFeatureGenerator:pivot,absolute value,post head window i,mean,submission.ipynb cell 5,source-mapped; execution pending dependencies
step2val_std_5_1000_1,ThirdFeatureGenerator:pivot,absolute value,post head window i,std,submission.ipynb cell 5,source-mapped; execution pending dependencies
step2val_min_5_1000_1,ThirdFeatureGenerator:pivot,absolute value,post head window i,min,submission.ipynb cell 5,source-mapped; execution pending dependencies
step2val_max_5_1000_1,ThirdFeatureGenerator:pivot,absolute value,post head window i,max,submission.ipynb cell 5,source-mapped; execution pending dependencies
step2val_skew_5_1000_1,ThirdFeatureGenerator:pivot,absolute value,post head window i,skew,submission.ipynb cell 5,source-mapped; execution pending dependencies
step2val_corr_5_1000_2,ThirdFeatureGenerator:pivot,absolute value,pre tail 2*i,corr,submission.ipynb cell 5,source-mapped; execution pending dependencies
step2val_q25_5_1000_2,ThirdFeatureGenerator:pivot,absolute value,pre tail 2*i,q25,submission.ipynb cell 5,source-mapped; execution pending dependencies
step2val_q50_5_1000_2,ThirdFeatureGenerator:pivot,absolute value,pre tail 2*i,q50,submission.ipynb cell 5,source-mapped; execution pending dependencies
step2val_q75_5_1000_2,ThirdFeatureGenerator:pivot,absolute value,pre tail 2*i,q75,submission.ipynb cell 5,source-mapped; execution pending dependencies
step2val_mean_5_1000_2,ThirdFeatureGenerator:pivot,absolute value,pre tail 2*i,mean,submission.ipynb cell 5,source-mapped; execution pending dependencies
step2val_std_5_1000_2,ThirdFeatureGenerator:pivot,absolute value,pre tail 2*i,std,submission.ipynb cell 5,source-mapped; execution pending dependencies
step2val_min_5_1000_2,ThirdFeatureGenerator:pivot,absolute value,pre tail 2*i,min,submission.ipynb cell 5,source-mapped; execution pending dependencies
step2val_max_5_1000_2,ThirdFeatureGenerator:pivot,absolute value,pre tail 2*i,max,submission.ipynb cell 5,source-mapped; execution pending dependencies
step2val_skew_5_1000_2,ThirdFeatureGenerator:pivot,absolute value,pre tail 2*i,skew,submission.ipynb cell 5,source-mapped; execution pending dependencies
step2val_corr_5_1000_3,ThirdFeatureGenerator:pivot,absolute value,pre tail 3*i,corr,submission.ipynb cell 5,source-mapped; execution pending dependencies
step2val_q25_5_1000_3,ThirdFeatureGenerator:pivot,absolute value,pre tail 3*i,q25,submission.ipynb cell 5,source-mapped; execution pending dependencies
step2val_q50_5_1000_3,ThirdFeatureGenerator:pivot,absolute value,pre tail 3*i,q50,submission.ipynb cell 5,source-mapped; execution pending dependencies
step2val_q75_5_1000_3,ThirdFeatureGenerator:pivot,absolute value,pre tail 3*i,q75,submission.ipynb cell 5,source-mapped; execution pending dependencies
step2val_mean_5_1000_3,ThirdFeatureGenerator:pivot,absolute value,pre tail 3*i,mean,submission.ipynb cell 5,source-mapped; execution pending dependencies
step2val_std_5_1000_3,ThirdFeatureGenerator:pivot,absolute value,pre tail 3*i,std,submission.ipynb cell 5,source-mapped; execution pending dependencies
step2val_min_5_1000_3,ThirdFeatureGenerator:pivot,absolute value,pre tail 3*i,min,submission.ipynb cell 5,source-mapped; execution pending dependencies
step2val_max_5_1000_3,ThirdFeatureGenerator:pivot,absolute value,pre tail 3*i,max,submission.ipynb cell 5,source-mapped; execution pending dependencies
step2val_skew_5_1000_3,ThirdFeatureGenerator:pivot,absolute value,pre tail 3*i,skew,submission.ipynb cell 5,source-mapped; execution pending dependencies
step2val_mean_5_1000_0_diff,ThirdFeatureGenerator:diff,absolute value,pre tail window i minus post head window i,mean_difference_vs_period_1,submission.ipynb cell 5,source-mapped; execution pending dependencies
step2val_std_5_1000_0_diff,ThirdFeatureGenerator:diff,absolute value,pre tail window i minus post head window i,std_difference_vs_period_1,submission.ipynb cell 5,source-mapped; execution pending dependencies
step2val_min_5_1000_0_diff,ThirdFeatureGenerator:diff,absolute value,pre tail window i minus post head window i,min_difference_vs_period_1,submission.ipynb cell 5,source-mapped; execution pending dependencies
step2val_max_5_1000_0_diff,ThirdFeatureGenerator:diff,absolute value,pre tail window i minus post head window i,max_difference_vs_period_1,submission.ipynb cell 5,source-mapped; execution pending dependencies
step2val_q25_5_1000_0_diff,ThirdFeatureGenerator:diff,absolute value,pre tail window i minus post head window i,q25_difference_vs_period_1,submission.ipynb cell 5,source-mapped; execution pending dependencies
step2val_q50_5_1000_0_diff,ThirdFeatureGenerator:diff,absolute value,pre tail window i minus post head window i,q50_difference_vs_period_1,submission.ipynb cell 5,source-mapped; execution pending dependencies
step2val_q75_5_1000_0_diff,ThirdFeatureGenerator:diff,absolute value,pre tail window i minus post head window i,q75_difference_vs_period_1,submission.ipynb cell 5,source-mapped; execution pending dependencies
step2val_corr_5_1000_0_diff,ThirdFeatureGenerator:diff,absolute value,pre tail window i minus post head window i,corr_difference_vs_period_1,submission.ipynb cell 5,source-mapped; execution pending dependencies
step2val_mean_5_1000_2_diff,ThirdFeatureGenerator:diff,absolute value,pre tail 2*i minus post head window i,mean_difference_vs_period_1,submission.ipynb cell 5,source-mapped; execution pending dependencies
step2val_std_5_1000_2_diff,ThirdFeatureGenerator:diff,absolute value,pre tail 2*i minus post head window i,std_difference_vs_period_1,submission.ipynb cell 5,source-mapped; execution pending dependencies
step2val_min_5_1000_2_diff,ThirdFeatureGenerator:diff,absolute value,pre tail 2*i minus post head window i,min_difference_vs_period_1,submission.ipynb cell 5,source-mapped; execution pending dependencies
step2val_max_5_1000_2_diff,ThirdFeatureGenerator:diff,absolute value,pre tail 2*i minus post head window i,max_difference_vs_period_1,submission.ipynb cell 5,source-mapped; execution pending dependencies
step2val_q25_5_1000_2_diff,ThirdFeatureGenerator:diff,absolute value,pre tail 2*i minus post head window i,q25_difference_vs_period_1,submission.ipynb cell 5,source-mapped; execution pending dependencies
step2val_q50_5_1000_2_diff,ThirdFeatureGenerator:diff,absolute value,pre tail 2*i minus post head window i,q50_difference_vs_period_1,submission.ipynb cell 5,source-mapped; execution pending dependencies
step2val_q75_5_1000_2_diff,ThirdFeatureGenerator:diff,absolute value,pre tail 2*i minus post head window i,q75_difference_vs_period_1,submission.ipynb cell 5,source-mapped; execution pending dependencies
step2val_corr_5_1000_2_diff,ThirdFeatureGenerator:diff,absolute value,pre tail 2*i minus post head window i,corr_difference_vs_period_1,submission.ipynb cell 5,source-mapped; execution pending dependencies
step2val_mean_5_1000_3_diff,ThirdFeatureGenerator:diff,absolute value,pre tail 3*i minus post head window i,mean_difference_vs_period_1,submission.ipynb cell 5,source-mapped; execution pending dependencies
step2val_std_5_1000_3_diff,ThirdFeatureGenerator:diff,absolute value,pre tail 3*i minus post head window i,std_difference_vs_period_1,submission.ipynb cell 5,source-mapped; execution pending dependencies
step2val_min_5_1000_3_diff,ThirdFeatureGenerator:diff,absolute value,pre tail 3*i minus post head window i,min_difference_vs_period_1,submission.ipynb cell 5,source-mapped; execution pending dependencies
step2val_max_5_1000_3_diff,ThirdFeatureGenerator:diff,absolute value,pre tail 3*i minus post head window i,max_difference_vs_period_1,submission.ipynb cell 5,source-mapped; execution pending dependencies
step2val_q25_5_1000_3_diff,ThirdFeatureGenerator:diff,absolute value,pre tail 3*i minus post head window i,q25_difference_vs_period_1,submission.ipynb cell 5,source-mapped; execution pending dependencies
step2val_q50_5_1000_3_diff,ThirdFeatureGenerator:diff,absolute value,pre tail 3*i minus post head window i,q50_difference_vs_period_1,submission.ipynb cell 5,source-mapped; execution pending dependencies
step2val_q75_5_1000_3_diff,ThirdFeatureGenerator:diff,absolute value,pre tail 3*i minus post head window i,q75_difference_vs_period_1,submission.ipynb cell 5,source-mapped; execution pending dependencies
step2val_corr_5_1000_3_diff,ThirdFeatureGenerator:diff,absolute value,pre tail 3*i minus post head window i,corr_difference_vs_period_1,submission.ipynb cell 5,source-mapped; execution pending dependencies
step2val_corr_6_1000_0,ThirdFeatureGenerator:pivot,rolling mean window 16 over id,pre tail window i,corr,submission.ipynb cell 5,source-mapped; execution pending dependencies
step2val_q25_6_1000_0,ThirdFeatureGenerator:pivot,rolling mean window 16 over id,pre tail window i,q25,submission.ipynb cell 5,source-mapped; execution pending dependencies
step2val_q50_6_1000_0,ThirdFeatureGenerator:pivot,rolling mean window 16 over id,pre tail window i,q50,submission.ipynb cell 5,source-mapped; execution pending dependencies
step2val_q75_6_1000_0,ThirdFeatureGenerator:pivot,rolling mean window 16 over id,pre tail window i,q75,submission.ipynb cell 5,source-mapped; execution pending dependencies
step2val_mean_6_1000_0,ThirdFeatureGenerator:pivot,rolling mean window 16 over id,pre tail window i,mean,submission.ipynb cell 5,source-mapped; execution pending dependencies
step2val_std_6_1000_0,ThirdFeatureGenerator:pivot,rolling mean window 16 over id,pre tail window i,std,submission.ipynb cell 5,source-mapped; execution pending dependencies
step2val_min_6_1000_0,ThirdFeatureGenerator:pivot,rolling mean window 16 over id,pre tail window i,min,submission.ipynb cell 5,source-mapped; execution pending dependencies
step2val_max_6_1000_0,ThirdFeatureGenerator:pivot,rolling mean window 16 over id,pre tail window i,max,submission.ipynb cell 5,source-mapped; execution pending dependencies
step2val_skew_6_1000_0,ThirdFeatureGenerator:pivot,rolling mean window 16 over id,pre tail window i,skew,submission.ipynb cell 5,source-mapped; execution pending dependencies
step2val_corr_6_1000_1,ThirdFeatureGenerator:pivot,rolling mean window 16 over id,post head window i,corr,submission.ipynb cell 5,source-mapped; execution pending dependencies
step2val_q25_6_1000_1,ThirdFeatureGenerator:pivot,rolling mean window 16 over id,post head window i,q25,submission.ipynb cell 5,source-mapped; execution pending dependencies
step2val_q50_6_1000_1,ThirdFeatureGenerator:pivot,rolling mean window 16 over id,post head window i,q50,submission.ipynb cell 5,source-mapped; execution pending dependencies
step2val_q75_6_1000_1,ThirdFeatureGenerator:pivot,rolling mean window 16 over id,post head window i,q75,submission.ipynb cell 5,source-mapped; execution pending dependencies
step2val_mean_6_1000_1,ThirdFeatureGenerator:pivot,rolling mean window 16 over id,post head window i,mean,submission.ipynb cell 5,source-mapped; execution pending dependencies
step2val_std_6_1000_1,ThirdFeatureGenerator:pivot,rolling mean window 16 over id,post head window i,std,submission.ipynb cell 5,source-mapped; execution pending dependencies
step2val_min_6_1000_1,ThirdFeatureGenerator:pivot,rolling mean window 16 over id,post head window i,min,submission.ipynb cell 5,source-mapped; execution pending dependencies
step2val_max_6_1000_1,ThirdFeatureGenerator:pivot,rolling mean window 16 over id,post head window i,max,submission.ipynb cell 5,source-mapped; execution pending dependencies
step2val_skew_6_1000_1,ThirdFeatureGenerator:pivot,rolling mean window 16 over id,post head window i,skew,submission.ipynb cell 5,source-mapped; execution pending dependencies
step2val_corr_6_1000_2,ThirdFeatureGenerator:pivot,rolling mean window 16 over id,pre tail 2*i,corr,submission.ipynb cell 5,source-mapped; execution pending dependencies
step2val_q25_6_1000_2,ThirdFeatureGenerator:pivot,rolling mean window 16 over id,pre tail 2*i,q25,submission.ipynb cell 5,source-mapped; execution pending dependencies
step2val_q50_6_1000_2,ThirdFeatureGenerator:pivot,rolling mean window 16 over id,pre tail 2*i,q50,submission.ipynb cell 5,source-mapped; execution pending dependencies
step2val_q75_6_1000_2,ThirdFeatureGenerator:pivot,rolling mean window 16 over id,pre tail 2*i,q75,submission.ipynb cell 5,source-mapped; execution pending dependencies
step2val_mean_6_1000_2,ThirdFeatureGenerator:pivot,rolling mean window 16 over id,pre tail 2*i,mean,submission.ipynb cell 5,source-mapped; execution pending dependencies
step2val_std_6_1000_2,ThirdFeatureGenerator:pivot,rolling mean window 16 over id,pre tail 2*i,std,submission.ipynb cell 5,source-mapped; execution pending dependencies
step2val_min_6_1000_2,ThirdFeatureGenerator:pivot,rolling mean window 16 over id,pre tail 2*i,min,submission.ipynb cell 5,source-mapped; execution pending dependencies
step2val_max_6_1000_2,ThirdFeatureGenerator:pivot,rolling mean window 16 over id,pre tail 2*i,max,submission.ipynb cell 5,source-mapped; execution pending dependencies
step2val_skew_6_1000_2,ThirdFeatureGenerator:pivot,rolling mean window 16 over id,pre tail 2*i,skew,submission.ipynb cell 5,source-mapped; execution pending dependencies
step2val_corr_6_1000_3,ThirdFeatureGenerator:pivot,rolling mean window 16 over id,pre tail 3*i,corr,submission.ipynb cell 5,source-mapped; execution pending dependencies
step2val_q25_6_1000_3,ThirdFeatureGenerator:pivot,rolling mean window 16 over id,pre tail 3*i,q25,submission.ipynb cell 5,source-mapped; execution pending dependencies
step2val_q50_6_1000_3,ThirdFeatureGenerator:pivot,rolling mean window 16 over id,pre tail 3*i,q50,submission.ipynb cell 5,source-mapped; execution pending dependencies
step2val_q75_6_1000_3,ThirdFeatureGenerator:pivot,rolling mean window 16 over id,pre tail 3*i,q75,submission.ipynb cell 5,source-mapped; execution pending dependencies
step2val_mean_6_1000_3,ThirdFeatureGenerator:pivot,rolling mean window 16 over id,pre tail 3*i,mean,submission.ipynb cell 5,source-mapped; execution pending dependencies
step2val_std_6_1000_3,ThirdFeatureGenerator:pivot,rolling mean window 16 over id,pre tail 3*i,std,submission.ipynb cell 5,source-mapped; execution pending dependencies
step2val_min_6_1000_3,ThirdFeatureGenerator:pivot,rolling mean window 16 over id,pre tail 3*i,min,submission.ipynb cell 5,source-mapped; execution pending dependencies
step2val_max_6_1000_3,ThirdFeatureGenerator:pivot,rolling mean window 16 over id,pre tail 3*i,max,submission.ipynb cell 5,source-mapped; execution pending dependencies
step2val_skew_6_1000_3,ThirdFeatureGenerator:pivot,rolling mean window 16 over id,pre tail 3*i,skew,submission.ipynb cell 5,source-mapped; execution pending dependencies
step2val_mean_6_1000_0_diff,ThirdFeatureGenerator:diff,rolling mean window 16 over id,pre tail window i minus post head window i,mean_difference_vs_period_1,submission.ipynb cell 5,source-mapped; execution pending dependencies
step2val_std_6_1000_0_diff,ThirdFeatureGenerator:diff,rolling mean window 16 over id,pre tail window i minus post head window i,std_difference_vs_period_1,submission.ipynb cell 5,source-mapped; execution pending dependencies
step2val_min_6_1000_0_diff,ThirdFeatureGenerator:diff,rolling mean window 16 over id,pre tail window i minus post head window i,min_difference_vs_period_1,submission.ipynb cell 5,source-mapped; execution pending dependencies
step2val_max_6_1000_0_diff,ThirdFeatureGenerator:diff,rolling mean window 16 over id,pre tail window i minus post head window i,max_difference_vs_period_1,submission.ipynb cell 5,source-mapped; execution pending dependencies
step2val_q25_6_1000_0_diff,ThirdFeatureGenerator:diff,rolling mean window 16 over id,pre tail window i minus post head window i,q25_difference_vs_period_1,submission.ipynb cell 5,source-mapped; execution pending dependencies
step2val_q50_6_1000_0_diff,ThirdFeatureGenerator:diff,rolling mean window 16 over id,pre tail window i minus post head window i,q50_difference_vs_period_1,submission.ipynb cell 5,source-mapped; execution pending dependencies
step2val_q75_6_1000_0_diff,ThirdFeatureGenerator:diff,rolling mean window 16 over id,pre tail window i minus post head window i,q75_difference_vs_period_1,submission.ipynb cell 5,source-mapped; execution pending dependencies
step2val_corr_6_1000_0_diff,ThirdFeatureGenerator:diff,rolling mean window 16 over id,pre tail window i minus post head window i,corr_difference_vs_period_1,submission.ipynb cell 5,source-mapped; execution pending dependencies
step2val_mean_6_1000_2_diff,ThirdFeatureGenerator:diff,rolling mean window 16 over id,pre tail 2*i minus post head window i,mean_difference_vs_period_1,submission.ipynb cell 5,source-mapped; execution pending dependencies
step2val_std_6_1000_2_diff,ThirdFeatureGenerator:diff,rolling mean window 16 over id,pre tail 2*i minus post head window i,std_difference_vs_period_1,submission.ipynb cell 5,source-mapped; execution pending dependencies
step2val_min_6_1000_2_diff,ThirdFeatureGenerator:diff,rolling mean window 16 over id,pre tail 2*i minus post head window i,min_difference_vs_period_1,submission.ipynb cell 5,source-mapped; execution pending dependencies
step2val_max_6_1000_2_diff,ThirdFeatureGenerator:diff,rolling mean window 16 over id,pre tail 2*i minus post head window i,max_difference_vs_period_1,submission.ipynb cell 5,source-mapped; execution pending dependencies
step2val_q25_6_1000_2_diff,ThirdFeatureGenerator:diff,rolling mean window 16 over id,pre tail 2*i minus post head window i,q25_difference_vs_period_1,submission.ipynb cell 5,source-mapped; execution pending dependencies
step2val_q50_6_1000_2_diff,ThirdFeatureGenerator:diff,rolling mean window 16 over id,pre tail 2*i minus post head window i,q50_difference_vs_period_1,submission.ipynb cell 5,source-mapped; execution pending dependencies
step2val_q75_6_1000_2_diff,ThirdFeatureGenerator:diff,rolling mean window 16 over id,pre tail 2*i minus post head window i,q75_difference_vs_period_1,submission.ipynb cell 5,source-mapped; execution pending dependencies
step2val_corr_6_1000_2_diff,ThirdFeatureGenerator:diff,rolling mean window 16 over id,pre tail 2*i minus post head window i,corr_difference_vs_period_1,submission.ipynb cell 5,source-mapped; execution pending dependencies
step2val_mean_6_1000_3_diff,ThirdFeatureGenerator:diff,rolling mean window 16 over id,pre tail 3*i minus post head window i,mean_difference_vs_period_1,submission.ipynb cell 5,source-mapped; execution pending dependencies
step2val_std_6_1000_3_diff,ThirdFeatureGenerator:diff,rolling mean window 16 over id,pre tail 3*i minus post head window i,std_difference_vs_period_1,submission.ipynb cell 5,source-mapped; execution pending dependencies
step2val_min_6_1000_3_diff,ThirdFeatureGenerator:diff,rolling mean window 16 over id,pre tail 3*i minus post head window i,min_difference_vs_period_1,submission.ipynb cell 5,source-mapped; execution pending dependencies
step2val_max_6_1000_3_diff,ThirdFeatureGenerator:diff,rolling mean window 16 over id,pre tail 3*i minus post head window i,max_difference_vs_period_1,submission.ipynb cell 5,source-mapped; execution pending dependencies
step2val_q25_6_1000_3_diff,ThirdFeatureGenerator:diff,rolling mean window 16 over id,pre tail 3*i minus post head window i,q25_difference_vs_period_1,submission.ipynb cell 5,source-mapped; execution pending dependencies
step2val_q50_6_1000_3_diff,ThirdFeatureGenerator:diff,rolling mean window 16 over id,pre tail 3*i minus post head window i,q50_difference_vs_period_1,submission.ipynb cell 5,source-mapped; execution pending dependencies
step2val_q75_6_1000_3_diff,ThirdFeatureGenerator:diff,rolling mean window 16 over id,pre tail 3*i minus post head window i,q75_difference_vs_period_1,submission.ipynb cell 5,source-mapped; execution pending dependencies
step2val_corr_6_1000_3_diff,ThirdFeatureGenerator:diff,rolling mean window 16 over id,pre tail 3*i minus post head window i,corr_difference_vs_period_1,submission.ipynb cell 5,source-mapped; execution pending dependencies
step2val_corr_7_1000_0,ThirdFeatureGenerator:pivot,rolling std window 16 over id,pre tail window i,corr,submission.ipynb cell 5,source-mapped; execution pending dependencies
step2val_q25_7_1000_0,ThirdFeatureGenerator:pivot,rolling std window 16 over id,pre tail window i,q25,submission.ipynb cell 5,source-mapped; execution pending dependencies
step2val_q50_7_1000_0,ThirdFeatureGenerator:pivot,rolling std window 16 over id,pre tail window i,q50,submission.ipynb cell 5,source-mapped; execution pending dependencies
step2val_q75_7_1000_0,ThirdFeatureGenerator:pivot,rolling std window 16 over id,pre tail window i,q75,submission.ipynb cell 5,source-mapped; execution pending dependencies
step2val_mean_7_1000_0,ThirdFeatureGenerator:pivot,rolling std window 16 over id,pre tail window i,mean,submission.ipynb cell 5,source-mapped; execution pending dependencies
step2val_std_7_1000_0,ThirdFeatureGenerator:pivot,rolling std window 16 over id,pre tail window i,std,submission.ipynb cell 5,source-mapped; execution pending dependencies
step2val_min_7_1000_0,ThirdFeatureGenerator:pivot,rolling std window 16 over id,pre tail window i,min,submission.ipynb cell 5,source-mapped; execution pending dependencies
step2val_max_7_1000_0,ThirdFeatureGenerator:pivot,rolling std window 16 over id,pre tail window i,max,submission.ipynb cell 5,source-mapped; execution pending dependencies
step2val_skew_7_1000_0,ThirdFeatureGenerator:pivot,rolling std window 16 over id,pre tail window i,skew,submission.ipynb cell 5,source-mapped; execution pending dependencies
step2val_corr_7_1000_1,ThirdFeatureGenerator:pivot,rolling std window 16 over id,post head window i,corr,submission.ipynb cell 5,source-mapped; execution pending dependencies
step2val_q25_7_1000_1,ThirdFeatureGenerator:pivot,rolling std window 16 over id,post head window i,q25,submission.ipynb cell 5,source-mapped; execution pending dependencies
step2val_q50_7_1000_1,ThirdFeatureGenerator:pivot,rolling std window 16 over id,post head window i,q50,submission.ipynb cell 5,source-mapped; execution pending dependencies
step2val_q75_7_1000_1,ThirdFeatureGenerator:pivot,rolling std window 16 over id,post head window i,q75,submission.ipynb cell 5,source-mapped; execution pending dependencies
step2val_mean_7_1000_1,ThirdFeatureGenerator:pivot,rolling std window 16 over id,post head window i,mean,submission.ipynb cell 5,source-mapped; execution pending dependencies
step2val_std_7_1000_1,ThirdFeatureGenerator:pivot,rolling std window 16 over id,post head window i,std,submission.ipynb cell 5,source-mapped; execution pending dependencies
step2val_min_7_1000_1,ThirdFeatureGenerator:pivot,rolling std window 16 over id,post head window i,min,submission.ipynb cell 5,source-mapped; execution pending dependencies
step2val_max_7_1000_1,ThirdFeatureGenerator:pivot,rolling std window 16 over id,post head window i,max,submission.ipynb cell 5,source-mapped; execution pending dependencies
step2val_skew_7_1000_1,ThirdFeatureGenerator:pivot,rolling std window 16 over id,post head window i,skew,submission.ipynb cell 5,source-mapped; execution pending dependencies
step2val_corr_7_1000_2,ThirdFeatureGenerator:pivot,rolling std window 16 over id,pre tail 2*i,corr,submission.ipynb cell 5,source-mapped; execution pending dependencies
step2val_q25_7_1000_2,ThirdFeatureGenerator:pivot,rolling std window 16 over id,pre tail 2*i,q25,submission.ipynb cell 5,source-mapped; execution pending dependencies
step2val_q50_7_1000_2,ThirdFeatureGenerator:pivot,rolling std window 16 over id,pre tail 2*i,q50,submission.ipynb cell 5,source-mapped; execution pending dependencies
step2val_q75_7_1000_2,ThirdFeatureGenerator:pivot,rolling std window 16 over id,pre tail 2*i,q75,submission.ipynb cell 5,source-mapped; execution pending dependencies
step2val_mean_7_1000_2,ThirdFeatureGenerator:pivot,rolling std window 16 over id,pre tail 2*i,mean,submission.ipynb cell 5,source-mapped; execution pending dependencies
step2val_std_7_1000_2,ThirdFeatureGenerator:pivot,rolling std window 16 over id,pre tail 2*i,std,submission.ipynb cell 5,source-mapped; execution pending dependencies
step2val_min_7_1000_2,ThirdFeatureGenerator:pivot,rolling std window 16 over id,pre tail 2*i,min,submission.ipynb cell 5,source-mapped; execution pending dependencies
step2val_max_7_1000_2,ThirdFeatureGenerator:pivot,rolling std window 16 over id,pre tail 2*i,max,submission.ipynb cell 5,source-mapped; execution pending dependencies
step2val_skew_7_1000_2,ThirdFeatureGenerator:pivot,rolling std window 16 over id,pre tail 2*i,skew,submission.ipynb cell 5,source-mapped; execution pending dependencies
step2val_corr_7_1000_3,ThirdFeatureGenerator:pivot,rolling std window 16 over id,pre tail 3*i,corr,submission.ipynb cell 5,source-mapped; execution pending dependencies
step2val_q25_7_1000_3,ThirdFeatureGenerator:pivot,rolling std window 16 over id,pre tail 3*i,q25,submission.ipynb cell 5,source-mapped; execution pending dependencies
step2val_q50_7_1000_3,ThirdFeatureGenerator:pivot,rolling std window 16 over id,pre tail 3*i,q50,submission.ipynb cell 5,source-mapped; execution pending dependencies
step2val_q75_7_1000_3,ThirdFeatureGenerator:pivot,rolling std window 16 over id,pre tail 3*i,q75,submission.ipynb cell 5,source-mapped; execution pending dependencies
step2val_mean_7_1000_3,ThirdFeatureGenerator:pivot,rolling std window 16 over id,pre tail 3*i,mean,submission.ipynb cell 5,source-mapped; execution pending dependencies
step2val_std_7_1000_3,ThirdFeatureGenerator:pivot,rolling std window 16 over id,pre tail 3*i,std,submission.ipynb cell 5,source-mapped; execution pending dependencies
step2val_min_7_1000_3,ThirdFeatureGenerator:pivot,rolling std window 16 over id,pre tail 3*i,min,submission.ipynb cell 5,source-mapped; execution pending dependencies
step2val_max_7_1000_3,ThirdFeatureGenerator:pivot,rolling std window 16 over id,pre tail 3*i,max,submission.ipynb cell 5,source-mapped; execution pending dependencies
step2val_skew_7_1000_3,ThirdFeatureGenerator:pivot,rolling std window 16 over id,pre tail 3*i,skew,submission.ipynb cell 5,source-mapped; execution pending dependencies
step2val_mean_7_1000_0_diff,ThirdFeatureGenerator:diff,rolling std window 16 over id,pre tail window i minus post head window i,mean_difference_vs_period_1,submission.ipynb cell 5,source-mapped; execution pending dependencies
step2val_std_7_1000_0_diff,ThirdFeatureGenerator:diff,rolling std window 16 over id,pre tail window i minus post head window i,std_difference_vs_period_1,submission.ipynb cell 5,source-mapped; execution pending dependencies
step2val_min_7_1000_0_diff,ThirdFeatureGenerator:diff,rolling std window 16 over id,pre tail window i minus post head window i,min_difference_vs_period_1,submission.ipynb cell 5,source-mapped; execution pending dependencies
step2val_max_7_1000_0_diff,ThirdFeatureGenerator:diff,rolling std window 16 over id,pre tail window i minus post head window i,max_difference_vs_period_1,submission.ipynb cell 5,source-mapped; execution pending dependencies
step2val_q25_7_1000_0_diff,ThirdFeatureGenerator:diff,rolling std window 16 over id,pre tail window i minus post head window i,q25_difference_vs_period_1,submission.ipynb cell 5,source-mapped; execution pending dependencies
step2val_q50_7_1000_0_diff,ThirdFeatureGenerator:diff,rolling std window 16 over id,pre tail window i minus post head window i,q50_difference_vs_period_1,submission.ipynb cell 5,source-mapped; execution pending dependencies
step2val_q75_7_1000_0_diff,ThirdFeatureGenerator:diff,rolling std window 16 over id,pre tail window i minus post head window i,q75_difference_vs_period_1,submission.ipynb cell 5,source-mapped; execution pending dependencies
step2val_corr_7_1000_0_diff,ThirdFeatureGenerator:diff,rolling std window 16 over id,pre tail window i minus post head window i,corr_difference_vs_period_1,submission.ipynb cell 5,source-mapped; execution pending dependencies
step2val_mean_7_1000_2_diff,ThirdFeatureGenerator:diff,rolling std window 16 over id,pre tail 2*i minus post head window i,mean_difference_vs_period_1,submission.ipynb cell 5,source-mapped; execution pending dependencies
step2val_std_7_1000_2_diff,ThirdFeatureGenerator:diff,rolling std window 16 over id,pre tail 2*i minus post head window i,std_difference_vs_period_1,submission.ipynb cell 5,source-mapped; execution pending dependencies
step2val_min_7_1000_2_diff,ThirdFeatureGenerator:diff,rolling std window 16 over id,pre tail 2*i minus post head window i,min_difference_vs_period_1,submission.ipynb cell 5,source-mapped; execution pending dependencies
step2val_max_7_1000_2_diff,ThirdFeatureGenerator:diff,rolling std window 16 over id,pre tail 2*i minus post head window i,max_difference_vs_period_1,submission.ipynb cell 5,source-mapped; execution pending dependencies
step2val_q25_7_1000_2_diff,ThirdFeatureGenerator:diff,rolling std window 16 over id,pre tail 2*i minus post head window i,q25_difference_vs_period_1,submission.ipynb cell 5,source-mapped; execution pending dependencies
step2val_q50_7_1000_2_diff,ThirdFeatureGenerator:diff,rolling std window 16 over id,pre tail 2*i minus post head window i,q50_difference_vs_period_1,submission.ipynb cell 5,source-mapped; execution pending dependencies
step2val_q75_7_1000_2_diff,ThirdFeatureGenerator:diff,rolling std window 16 over id,pre tail 2*i minus post head window i,q75_difference_vs_period_1,submission.ipynb cell 5,source-mapped; execution pending dependencies
step2val_corr_7_1000_2_diff,ThirdFeatureGenerator:diff,rolling std window 16 over id,pre tail 2*i minus post head window i,corr_difference_vs_period_1,submission.ipynb cell 5,source-mapped; execution pending dependencies
step2val_mean_7_1000_3_diff,ThirdFeatureGenerator:diff,rolling std window 16 over id,pre tail 3*i minus post head window i,mean_difference_vs_period_1,submission.ipynb cell 5,source-mapped; execution pending dependencies
step2val_std_7_1000_3_diff,ThirdFeatureGenerator:diff,rolling std window 16 over id,pre tail 3*i minus post head window i,std_difference_vs_period_1,submission.ipynb cell 5,source-mapped; execution pending dependencies
step2val_min_7_1000_3_diff,ThirdFeatureGenerator:diff,rolling std window 16 over id,pre tail 3*i minus post head window i,min_difference_vs_period_1,submission.ipynb cell 5,source-mapped; execution pending dependencies
step2val_max_7_1000_3_diff,ThirdFeatureGenerator:diff,rolling std window 16 over id,pre tail 3*i minus post head window i,max_difference_vs_period_1,submission.ipynb cell 5,source-mapped; execution pending dependencies
step2val_q25_7_1000_3_diff,ThirdFeatureGenerator:diff,rolling std window 16 over id,pre tail 3*i minus post head window i,q25_difference_vs_period_1,submission.ipynb cell 5,source-mapped; execution pending dependencies
step2val_q50_7_1000_3_diff,ThirdFeatureGenerator:diff,rolling std window 16 over id,pre tail 3*i minus post head window i,q50_difference_vs_period_1,submission.ipynb cell 5,source-mapped; execution pending dependencies
step2val_q75_7_1000_3_diff,ThirdFeatureGenerator:diff,rolling std window 16 over id,pre tail 3*i minus post head window i,q75_difference_vs_period_1,submission.ipynb cell 5,source-mapped; execution pending dependencies
step2val_corr_7_1000_3_diff,ThirdFeatureGenerator:diff,rolling std window 16 over id,pre tail 3*i minus post head window i,corr_difference_vs_period_1,submission.ipynb cell 5,source-mapped; execution pending dependencies
step4f_statistic,FourthFeatureGenerator,absolute value before tests,period 0 vs period 1,f_statistic,submission.ipynb cell 6,source-mapped; execution pending dependencies
step4f_p_value,FourthFeatureGenerator,absolute value before tests,period 0 vs period 1,f_p_value,submission.ipynb cell 6,source-mapped; execution pending dependencies
step4levene_statistic,FourthFeatureGenerator,absolute value before tests,period 0 vs period 1,levene_statistic,submission.ipynb cell 6,source-mapped; execution pending dependencies
step4levene_p_value,FourthFeatureGenerator,absolute value before tests,period 0 vs period 1,levene_p_value,submission.ipynb cell 6,source-mapped; execution pending dependencies
step4ks_statistic,FourthFeatureGenerator,absolute value before tests,period 0 vs period 1,ks_statistic,submission.ipynb cell 6,source-mapped; execution pending dependencies
step4ks_p_value,FourthFeatureGenerator,absolute value before tests,period 0 vs period 1,ks_p_value,submission.ipynb cell 6,source-mapped; execution pending dependencies
col_0,TabPFN OOF meta-feature,FirstFeatureGenerator feature block,"KFold(5, shuffle=True, random_state=42)","predict_proba[:, 1]",submission.ipynb cell 11,not reproduced; tabpfn dependency unavailable
